   356.15    701.71    551.08
   634.65    622.69    540.58
   516.97    680.23    351.80
   397.58    702.62    646.59
   637.27    557.01    330.31
   430.40    600.01    436.16
   804.31    491.90    585.14
   369.76    626.53    553.40
   659.53    584.86    698.31
   661.73    616.82    675.24
   477.34    503.59    667.54
   512.99    611.62    478.21
   497.32    582.77    737.92
   514.27    624.11    428.36
   627.43    560.19    672.04
   591.27    582.90    458.06
   513.04    616.86    288.80
   710.84    462.54    521.57
   412.36    531.11    914.50
   537.03    608.08    533.78
   541.05    642.69    468.94
   637.27    568.09    382.96
   418.88    597.75    932.04
   625.74    507.80    862.21
   645.53    569.16    578.84
   603.32    458.51    811.51
  1033.06    427.18    522.82
   744.03    586.29    421.16
   544.23    629.02    476.66
   551.33    633.28    415.02
   653.32    535.05    555.25
   434.44    570.40    910.45
   788.66    493.04    425.51
   957.49    456.03    269.35
   541.25    573.02    489.25
   525.51    548.81    753.07
   485.53    637.04    295.54
  1002.33    457.28    445.36
   511.84    570.37    630.73
   643.82    519.08    681.17
   429.02    612.97    447.90
   448.81    638.73    702.64
   796.68    532.13    210.05
   415.02    547.59    755.90
   319.84    652.77    871.55
   813.38    543.58    515.60
   590.87    567.95    218.64
   613.47    568.25    391.41
   703.20    461.91    670.44
   555.37    603.37    434.10
   487.69    558.80    538.48
   692.61    588.10    329.80
   753.15    465.77    387.97
   769.90    487.04    401.81
   669.30    485.64    382.69
   493.06    554.41    682.65
   199.65    572.35    947.30
   542.37    389.77   1074.32
   646.54    529.06    428.53
   311.02    673.44    772.82
   470.23    585.84    579.97
   641.58    522.44    312.04
   467.65    581.27    568.78
   927.60    557.55    338.69
   642.63    593.87    765.25
   338.82    631.01    593.60
   673.57    624.02    557.51
   377.08    535.74    735.44
   563.90    477.95    867.21
   555.45    561.24    606.06
   377.52    656.17    865.38
   361.84    598.91    587.54
   704.06    465.73    274.27
   139.50    442.59   1827.46
   573.46    595.53    543.43
   456.23    695.03    614.76
   518.32    569.75   1000.64
   625.84    596.27    572.01
   552.53    699.90    393.42
   524.71    681.24    439.47
   452.15    647.10    664.48
   655.59    693.79    480.76
   160.87    366.70   2305.37
   678.51    439.65    649.10
   689.79    533.17    507.79
   504.86    572.77    990.42
   659.97    518.81    447.79
   495.58    635.92    897.10
   779.69    463.62    261.61
   711.43    559.91    351.20
   415.99    569.02    667.39
   758.88    541.53    418.59
   424.84    617.18    527.88
   779.26    484.83    448.23
   607.20    531.36    251.30
   678.58    543.46    532.22
   569.19    502.33    646.90
   714.93    518.78    519.29
   416.84    621.73    484.30
   578.49    585.50    556.10
   388.28    465.01   1311.26
   498.88    625.13    493.23
   577.43    554.34    596.08
   391.51    594.91    762.95
   699.07    570.14    451.53
   333.38    597.99   1034.55
   128.45    662.93    789.61
   846.67    519.85    429.08
   594.63    513.15    508.43
   360.04    598.40   1054.37
   418.12    498.61   1002.58
   876.93    428.95    335.06
   597.83    693.34    404.99
   638.23    571.64    539.97
   651.67    510.85    422.82
   418.90    625.27    788.57
   642.95    593.06    315.62
   826.85    604.09    494.94
   733.05    585.20    454.52
   943.20    393.77    358.69
   733.52    601.91    282.89
   664.79    454.27    638.21
   607.60    593.64    570.62
    66.25    540.57   1522.36
   543.93    596.97    368.44
   804.89    473.49    269.10
   669.27    543.77    422.04
   388.66    508.42    817.65
   277.07    694.09    834.93
   235.59    631.52   1372.07
   493.36    650.81    407.89
   499.04    609.91    832.00
   190.50    566.81   1241.37
   329.30    548.49    723.91
   854.64    571.78    185.26
   360.17    491.76    879.75
   716.40    574.42    285.05
   610.12    601.81    316.21
   534.77    661.95    747.35
   451.31    574.31    712.95
   873.92    441.21    207.71
   473.72    588.51    588.59
   230.98    571.25    953.16
   445.53    439.92   1382.82
   746.15    463.00    436.86
   445.92    652.28    639.91
   337.95    679.07    663.09
   535.58    563.28    491.68
   420.75    635.05    851.63
   360.53    756.79    682.89
   959.47    528.25    352.45
   844.28    489.31    562.19
   415.99    667.21    317.27
   578.37    506.03    938.49
   297.36    328.35   2077.46
   417.13    564.24    655.37
   857.30    474.09    374.46
   432.20    447.04    860.01
   379.68    665.57    424.29
   634.59    601.11    417.85
   464.17    616.54    614.10
   433.52    630.67    419.41
   604.70    611.69    546.87
   562.59    534.82    452.31
   725.31    681.48    455.33
   457.74    536.23   1024.95
   562.16    500.31    358.52
   560.95    580.71    474.55
   821.91    516.61    460.05
   437.56    613.72    640.25
   593.36    651.17    326.52
   490.38    591.73    877.57
   489.08    545.62    696.35
   523.23    619.51    534.64
   483.87    596.87    538.94
   449.21    641.92    472.44
   645.72    584.48    437.81
   555.81    433.61    816.97
   619.74    664.73    524.09
   668.20    556.19    429.49
   593.62    627.07    418.86
   620.66    537.56    785.41
   693.07    526.32    508.40
   528.48    506.80    460.43
   533.58    656.76    698.17
   402.49    638.53    807.94
   396.78    619.42    693.29
   502.94    639.73    562.64
   541.96    583.15    510.81
   735.78    578.81    591.23
   432.35    564.72    612.05
   461.34    683.29    553.49
   692.50    566.04    227.24
   684.18    587.86    443.39
   467.84    630.86    393.60
   770.33    609.16    288.25
   709.96    505.87    440.24
   644.44    531.25    441.29
   478.19    580.02    750.59
   260.48    491.95   1289.23
   717.79    598.91    637.74
   516.70    604.77    278.64
   494.47    611.52    719.55
   446.36    602.04    554.98
   528.88    553.99    454.04
   639.98    564.46    297.43
   456.67    638.13    624.87
   634.37    510.96    461.60
   547.29    574.21    664.07
   837.52    549.97    448.83
   564.86    563.21    508.81
   444.58    672.08    606.12
   494.35    569.63    532.30
   486.15    540.07    867.61
   181.32    664.47   1217.14
   595.31    586.36    559.25
   431.69    615.96    534.99
   619.13    653.62    565.24
   453.93    574.97    672.89
   370.10    568.98    791.26
   617.93    497.12    565.96
   530.66    631.17    271.62
   399.07    520.83    817.99
   554.00    637.37    535.52
   414.69    578.61   1023.76
   617.36    505.02    488.10
   671.51    507.48    454.10
   500.04    622.16    387.94
   368.60    665.10    415.99
   434.32    690.70    603.54
   541.47    505.16    853.31
   427.09    495.29    580.16
   479.79    508.43   1192.53
   564.31    519.05    314.41
   614.67    511.85    465.08
   359.26    644.53    801.29
   677.50    618.14    308.20
   733.75    513.55    412.22
   557.75    618.82    613.17
   530.60    478.86   1060.84
   504.96    578.19    324.14
   416.81    577.43   1053.80
   533.78    614.34    413.81
   540.09    526.50    411.97
   369.98    666.68    399.96
   551.79    615.03    457.63
   535.36    609.15    518.69
   463.15    610.19    502.55
   846.77    681.79    468.99
   597.82    502.89    421.64
   833.65    526.61    288.48
   386.73    651.38    719.85
   516.93    709.20    421.71
   426.96    698.09    659.79
   414.67    616.06    562.77
   562.50    687.88    449.95
    14.43    357.74   2604.83
   588.77    622.64    345.43
   324.58    716.28    666.61
   650.70    578.07    450.81
   411.40    581.50    574.78
   663.06    491.68    246.62
   541.77    587.77    483.69
   622.20    384.00    544.05
   685.16    536.46    432.09
   446.58    585.23    986.35
   208.09    747.33    960.56
   549.57    688.34    733.93
   641.38    605.41    304.45
   455.71    664.23    678.87
   606.71    589.52    574.12
   318.48    652.26    865.62
   439.02    654.85    440.96
   543.49    582.35    471.51
   216.07    577.45    980.27
   488.07    565.33    971.24
   629.44    590.47    355.20
   494.88    599.91    701.15
   669.20    537.45    440.14
   922.07    538.12    337.96
   650.89    487.26    604.01
   732.04    539.39    453.20
   738.22    608.29    497.75
   640.82    516.88    495.00
   604.60    622.50    346.11
   472.47    534.37    623.12
   569.38    581.46    503.02
   612.55    506.28    320.97
   490.20    616.91    516.47
   648.70    496.30    547.04
   737.94    443.60    248.07
   584.61    614.03    627.74
   742.20    571.58    552.71
   351.97    541.53    786.39
   554.17    546.86    604.29
   566.76    541.76    555.69
   324.06    631.83    943.95
   561.94    699.44    632.00
   155.96    728.51   1126.99
   306.72    660.37    931.74
   790.65    508.27    428.12
   553.56    612.52    466.33
   664.16    617.79    454.39
   418.79    628.69    672.34
   723.82    603.70    481.55
   457.72    546.36    549.42
   639.28    587.37    368.14
   487.41    565.09    917.96
   891.36    590.93    369.12
   939.82    413.92    382.16
   501.89    613.34    400.17
   489.34    600.51    408.05
   829.50    441.58    498.76
   527.70    594.44    762.38
   514.06    627.04    604.49
   541.20    500.99    636.40
   758.08    597.07    532.55
   769.69    574.51    334.75
   723.77    465.36    514.06
   559.86    630.99    532.43
   782.80    536.06    244.04
   862.72    425.69    797.27
   662.07    504.55    639.02
   480.56    476.16   1081.93
   731.66    463.44    569.35
   469.33    663.86    641.81
   947.69    590.77    347.62
   360.21    636.20    780.87
   514.85    561.97    722.95
   400.11    586.74    414.29
   364.59    506.00    906.02
   460.09    533.92    860.00
   720.23    428.58    390.69
   572.93    581.45    451.48
   635.79    532.42    493.80
   600.58    487.16    667.43
   759.54    680.73    213.56
   563.17    523.09    647.26
   867.65    496.87    434.59
   417.49    625.77   1091.00
   625.17    555.69    276.82
   768.12    509.80    362.05
   700.26    507.41    432.61
   576.26    548.80    287.33
   329.75    685.96    632.49
   372.62    630.45    502.51
   605.85    542.76    585.08
   409.38    692.04    547.61
   286.93    622.18    699.38
   417.13    616.83    746.92
   658.55    656.19    436.52
   509.20    723.59    420.52
   548.02    613.32    525.90
   286.00    572.85   1128.14
   200.18    581.57   1312.61
   433.63    629.21    563.32
   180.10    687.64    642.44
   425.47    672.48    654.33
   810.29    637.08    532.33
   688.03    552.21    411.44
   943.12    542.06    353.06
   322.91    498.85   1098.69
   712.05    513.15    350.23
   263.29    577.07   1269.19
   776.10    585.70    329.92
   577.79    635.95    495.64
   832.83    567.44    341.74
   539.68    557.90    562.85
   432.58    683.07    379.32
   815.75    538.09    214.71
   803.81    515.02    537.10
   617.26    470.58   1075.83
   485.34    381.43   1912.36
   628.81    573.46    343.30
   450.46    565.96    485.67
   703.93    521.48    399.39
   528.13    646.16    313.63
   364.03    623.77    539.66
   928.49    484.63    252.51
   219.24    674.74    519.14
   619.69    617.27    318.62
   290.36    663.57    886.67
   356.49    527.32   1456.88
   296.10    677.05    590.24
   773.35    493.07    519.64
   425.25    600.12    444.35
   863.32    521.15    336.21
   356.36    667.87    490.03
   516.12    635.08    513.62
   502.25    611.38    640.72
   378.60    651.52    546.87
   604.02    672.21    413.40
   772.97    417.67    447.18
   659.72    567.86    520.99
   378.86    598.75    985.49
   347.29    730.55    600.91
   456.28    733.61    575.79
   652.64    626.32    423.74
   556.93    536.77    243.37
   569.31    631.57    444.57
   759.13    532.88    501.80
   421.44    750.80    512.79
   756.98    518.27    580.58
   335.79    665.36    611.26
   346.65    706.09    406.86
   395.86    629.66    808.68
   582.34    570.50    421.83
   965.63    525.91    164.15
   577.87    657.77    517.68
   726.64    556.50    378.05
   506.13    576.81    641.54
   453.10    586.97    778.98
   376.34    672.65    464.09
   470.67    576.44    648.75
   729.02    599.00    381.84
   398.43    632.64    692.94
   603.05    551.59    694.17
   726.61    606.85    395.44
   444.46    558.05    625.42
   417.54    750.99    526.71
   450.88    617.69    359.38
   278.74    700.92    632.49
   453.76    688.33    765.58
   455.13    533.89    950.85
   588.51    542.35    626.67
   611.85    581.05    497.74
   581.19    540.48    295.75
   432.91    604.53    742.54
   710.38    472.36    340.41
   506.57    538.01    829.59
  1006.00    557.60    276.91
   284.96    574.52    690.93
   819.45    594.78    438.75
   359.25    517.90    763.74
   413.44    673.89    642.29
   608.99    566.29    251.27
   329.76    614.43    617.76
   348.17    749.09    999.76
   385.24    695.84    682.47
   601.81    535.28    666.42
   323.88    603.21    778.92
   643.62    545.57    512.34
   665.90    645.89    367.75
   573.57    501.75    255.18
   717.35    554.15    750.54
   635.02    568.24    340.70
   476.60    675.94    723.63
   493.48    693.74    464.25
   649.13    481.71    467.77
   463.26    587.89    828.08
   694.29    495.41    301.72
   526.06    658.50    605.71
   601.32    502.61    400.86
   717.64    549.98    245.25
   865.49    584.49    297.21
   838.40    489.90    352.71
   554.81    589.75    486.64
   791.67    590.00    260.26
   655.40    595.46    344.08
   310.24    665.77    530.52
   440.09    657.27    468.89
   374.82    592.14    660.04
   593.24    606.81    383.12
   414.58    587.02    464.91
   534.33    521.41    703.14
   531.08    604.74    702.11
   227.11    738.85    882.22
   453.88    650.03    614.74
   418.83    463.89    915.59
   867.43    466.63    356.03
   519.24    552.09    907.39
   484.37    601.73    399.01
   487.48    489.83   1032.22
   675.24    618.20    249.81
   856.47    450.57    532.00
   628.76    497.66    610.32
   744.13    588.40    424.12
   616.54    423.37   1093.30
   455.93    660.01    727.30
   648.60    653.62    562.60
   531.70    521.31    245.06
   428.60    624.10    785.80
   449.10    664.55    396.19
   502.94    662.06    516.58
   308.13    645.12    843.25
   642.14    527.50    602.51
   186.75    512.02   1127.81
   664.25    607.26    432.18
   659.35    658.21    490.61
   693.46    604.26    597.22
   563.21    592.27    867.49
   446.67    658.71    462.61
   605.80    620.25    543.48
   579.62    660.25    318.19
   358.48    605.91    891.07
   441.78    462.72   1219.31
   704.79    606.88    400.68
   622.75    563.10    804.72
   584.23    480.98    761.06
   440.40    615.44    511.67
    96.52    456.88   1951.68
   281.87    710.81    891.93
   530.28    589.17    507.22
   452.57    648.27    420.92
   710.53    630.86    450.66
   267.10    545.46    631.05
   327.53    602.32    875.58
   335.24    661.93    666.46
   285.54    536.65   1283.43
   273.47    573.80    933.25
   721.90    512.12    503.82
   592.07    661.78    720.71
   722.78    584.18    432.76
   681.91    532.40    656.48
   786.48    581.26    277.85
   453.54    631.84    410.46
   584.96    649.72    537.93
   226.11    621.81   1036.81
   632.99    707.22    494.29
   520.73    498.46    677.83
   300.13    796.10    710.69
   515.75    597.46    607.05
   499.60    499.03   1276.07
   477.90    667.78    724.31
   645.84    557.66    480.61
   598.01    626.91    645.97
   349.13    557.48    802.67
   804.10    663.01    383.88
   564.69    540.50    602.45
   645.92    458.38    689.01
   645.49    538.62    442.00
   516.23    545.51    644.94
   498.35    597.50    661.25
   647.07    512.40    273.47
   624.22    516.66    642.42
   882.89    541.10    494.17
   644.24    593.30    589.46
   620.61    510.90    652.69
   561.54    547.02    214.74
   387.09    619.16    589.86
   535.49    532.42    533.10
   672.47    556.55    721.03
   173.01    547.70   1225.09
   322.03    606.48    511.69
   310.17    699.93    624.13
   575.21    751.80    337.19
   571.51    443.98    849.13
   656.21    487.29    521.74
   570.57    604.93    793.89
   609.82    560.79    397.62
   538.18    629.23    488.35
   358.45    486.89    968.93
   423.42    616.90    976.02
   759.35    464.71    219.53
   901.81    519.99    547.70
   491.81    468.87    737.68
   597.61    551.23    502.85
   679.10    632.73    645.45
   238.83    717.18    728.52
   477.86    610.33    469.49
   263.51    695.66    892.82
   494.96    660.27    487.66
   638.78    553.16    467.81
   574.93    570.38    275.38
   658.83    614.09    379.22
   585.18    567.64    433.73
   409.55    566.23    586.86
   886.24    473.73    409.78
   419.02    696.27    779.71
   316.84    721.41    535.84
   545.44    621.71    490.59
   654.14    503.98    437.53
   841.87    493.43    301.00
   322.36    600.85    380.50
   330.01    437.83   1024.68
   404.98    725.17    437.20
   474.85    673.28    845.17
   325.29    654.26    537.46
   498.63    653.25    361.44
   714.39    563.78    377.40
   619.08    552.88    538.40
   339.13    647.31    602.90
   576.87    610.08    223.61
   294.18    649.07    714.95
   560.87    561.71    534.98
   416.37    520.20    661.40
   608.52    636.63    609.64
   868.43    585.07    377.37
   633.80    536.87    483.05
   550.41    634.16    436.83
   521.57    580.38    587.24
   444.94    488.51    822.99
   670.98    474.67    363.67
   580.72    553.96    428.04
   968.33    466.03    320.05
   291.49    490.19   1457.51
   163.67    741.43    869.25
   474.55    597.79    632.75
   536.63    623.77    468.32
   407.71    592.27    659.94
   584.81    607.19    450.61
   866.31    662.89    267.26
   714.19    534.89    263.70
   570.89    577.16    426.37
   280.15    653.91    906.68
   562.79    759.67    366.49
   557.89    638.92    553.39
   465.97    608.98    337.98
   464.58    545.87    615.29
   425.11    618.46    480.86
   327.21    584.91   1228.87
   789.11    501.11    542.23
   640.53    612.60    560.72
   675.82    502.35    528.59
   441.15    782.02    500.34
   773.24    616.78    423.79
   365.26    669.96    528.77
   593.80    636.10    492.72
   547.06    578.25    501.52
   646.13    505.59    378.52
   308.51    610.69    809.92
   642.44    608.49    248.56
   699.60    525.54    431.01
   427.14    617.50    496.87
   809.40    517.25    826.30
   290.83    687.91    722.73
   231.16    551.16   1214.00
   278.57    684.70    744.78
   575.52    608.78    571.09
   561.87    621.41    546.54
   532.93    538.69    620.59
   388.15    642.23    420.47
   334.53    726.96    633.24
   560.83    635.54    496.32
   800.53    579.99    215.76
    81.21    492.88   1726.13
   588.35    681.04    589.86
   260.36    638.90    925.95
   517.94    604.17    842.08
   594.65    637.20    581.68
   540.62    652.12    510.88
   464.07    613.84    607.10
   487.03    716.96    488.21
   526.78    581.43    720.43
   545.27    558.77    441.59
   510.90    657.15    508.18
   831.73    481.64    310.10
   412.08    597.31    872.78
   500.44    639.96    418.85
   702.81    530.67    677.25
   615.10    535.25    391.48
   424.21    571.95    934.93
   631.62    501.00    386.16
   877.76    508.12    457.95
   252.79    607.62    914.72
   546.87    546.41    564.58
   503.53    618.36    541.78
   713.75    505.44    671.38
   664.45    582.86    520.67
   529.54    569.62    549.09
   434.05    525.28    938.52
   907.92    564.11    321.60
   754.42    589.84    243.53
   432.27    619.42    770.54
   858.52    483.86    452.32
  1142.53    467.83    265.53
   558.13    592.75    677.78
   282.52    587.56    884.54
   729.40    426.35    470.23
   360.37    655.22    875.18
   366.96    611.52   1007.09
   449.06    566.48    868.55
   470.23    496.50    982.30
   487.63    585.00    492.65
   545.88    682.90    510.16
   749.13    625.21    232.45
   301.83    580.92   1179.11
   543.66    530.47    702.89
   562.12    616.84    249.83
   686.36    402.85    380.94
   386.59    610.10    739.32
   473.53    544.50    481.03
   665.48    485.45    590.30
   460.18    517.88    836.12
   457.59    722.37    562.35
   508.35    622.94    505.57
   783.90    443.37    321.79
   386.57    597.04    459.72
   475.67    660.90    738.59
   579.02    625.38    757.80
   591.21    591.65    589.57
   281.63    687.62    902.48
   110.75    577.65    961.15
   641.49    628.64    408.82
   474.34    606.69    768.76
   538.07    598.77    442.17
   750.74    609.24    492.17
   871.74    547.70    509.00
   460.20    622.06    570.07
   502.13    596.42    655.36
   182.16    620.19   1132.32
   812.72    607.79    314.66
   842.76    669.81    363.86
   306.16    642.19    835.22
   427.18    441.61   1147.74
   670.53    425.13    360.54
   623.00    536.75    350.99
   491.71    571.45    569.50
   692.39    476.97    483.03
   489.17    585.41    455.18
   414.38    639.74    482.43
   514.82    454.59    653.93
   675.91    645.59    398.65
   774.99    565.68    310.12
   493.00    567.04   1453.02
   486.46    521.49    729.39
   526.55    624.74    777.63
   922.51    496.00    478.31
   343.66    545.50   1126.52
   617.94    516.28    687.88
   388.12    431.20   1520.49
   242.61    638.55    609.16
   496.53    647.21    457.31
   576.64    569.22    473.86
   240.46    709.53    946.12
  1179.40    457.50    379.38
   495.62    546.09    697.23
   658.75    647.97    391.35
   487.54    610.33    693.13
   720.56    557.07    557.17
   407.43    438.78   1074.59
   719.10    476.77    549.07
   336.21    746.49    518.15
   581.16    514.90    500.11
   457.94    649.26    414.71
   812.99    598.47    658.49
   523.50    647.30    591.34
   409.59    596.43    562.36
   454.00    530.34    531.58
   480.42    527.70    416.18
   629.51    565.41    500.09
   477.00    660.48    505.93
   368.01    535.32    808.96
   291.49    622.35    646.86
   143.95    648.47    829.75
   514.00    749.08    274.71
   745.01    439.59    593.95
   574.68    552.70    529.87
   648.49    570.70    418.71
   569.35    578.08    596.88
   731.53    564.47    382.18
   667.84    516.53    303.72
   389.81    539.08    720.19
   322.50    215.13   2007.11
   392.95    636.97    615.23
   492.31    649.75    614.14
   530.57    577.88    544.70
   219.54    722.72   1025.41
   707.72    530.04    360.99
   732.39    475.26    533.08
   354.01    687.37    598.73
   843.42    449.87    284.67
   716.55    510.50    350.35
   173.14    780.30    778.10
   475.50    682.82    620.93
   381.90    607.62    657.32
   340.05    619.37    874.66
   525.44    496.45    501.57
   428.03    603.64    548.71
   569.36    590.67    274.08
   528.49    557.68    389.59
   598.94    708.39    397.56
   590.46    551.91    429.43
   974.37    398.02    363.47
   659.91    565.58    392.56
   436.28    602.42    593.79
   749.77    640.51    366.47
   538.25    737.56    510.76
   750.43    467.99    332.21
   983.05    438.18    398.64
   664.53    579.51    386.49
   613.17    480.97    446.91
   614.53    492.61    918.71
   208.82    479.22   1661.32
   329.68    747.17    524.29
   312.04    575.48    887.36
   126.32    522.54   1536.49
   615.40    625.65    527.82
   343.14    569.73    950.36
   616.84    531.00    800.92
   692.02    613.33    443.02
   345.83    752.60    768.12
   683.30    534.63    329.09
   668.22    520.73    481.72
   466.22    725.89    514.05
   466.24    676.43    783.21
   641.35    502.57    311.38
   633.07    552.06    574.73
   561.65    592.73    587.38
   376.57    661.68    565.05
   835.98    377.41    206.58
   501.26    518.21    863.46
   659.77    536.91    598.47
   455.96    615.13    528.94
   627.15    596.26    508.39
   536.25    670.78    772.87
   875.56    521.70    240.23
   497.94    679.82    361.15
   422.16    502.33    504.48
   618.67    704.63    435.69
   333.38    444.82   1590.01
   604.00    531.51    457.70
   784.80    558.23    332.11
   718.72    562.42    367.93
   354.67    619.62    761.30
   613.45    535.67    418.99
   373.40    724.81    556.70
   502.07    526.04    303.59
   422.58    599.05    895.86
   648.16    529.37    594.73
   195.63    488.52   1456.87
   669.57    579.66    359.32
   320.20    748.13    315.12
   462.19    532.38    657.36
   749.10    542.89    288.32
   864.61    469.50    393.27
   696.35    505.43    574.08
   699.98    531.98    215.56
   469.60    587.09    564.52
   351.48    603.04    382.39
   180.59    102.30   2406.50
   768.36    555.45    257.79
   459.52    653.63    727.78
   528.15    595.77    391.71
   612.88    569.17    722.93
   836.52    648.54    371.77
   452.45    625.22    738.94
   513.45    699.59    492.80
   582.44    607.83    368.81
   725.98    554.21    267.61
   631.62    491.60    613.10
   664.14    619.47    334.19
   582.49    632.56    536.91
   382.18    525.48   1011.08
   552.38    583.92    699.51
   404.96    489.21    596.18
   566.60    589.23    524.04
   245.43    517.84    835.73
   328.31    655.89    740.05
   595.08    623.47    360.58
   346.17    626.68    529.69
   401.96    649.08    621.66
   516.86    592.50    624.41
   263.17    655.35   1299.21
   339.10    621.85    755.69
   183.64    474.03   1945.33
   479.22    666.26    516.69
   613.26    497.01    918.68
   536.31    559.94    543.02
   686.38    517.64    753.11
   491.38    539.66    537.81
   533.45    553.81    738.99
   506.53    628.97    703.75
   299.34    823.19    496.69
   538.01    604.51    556.76
   706.78    589.42    430.08
   479.97    573.54    569.58
   687.79    662.30    254.57
   567.60    610.12    408.07
   638.54    701.95    501.56
   571.11    675.95    425.71
   475.62    534.80    656.01
   458.29    598.85    721.48
   629.90    672.87    335.79
   474.75    581.70    548.50
   451.52    511.24   1114.23
   730.18    584.14    508.09
   662.70    554.30    471.80
   415.20    577.99    735.47
   832.63    447.70    384.58
   585.64    615.26    354.04
   509.79    480.22   1240.64
   468.14    658.56    483.70
   781.19    396.44    247.53
   474.62    589.20    594.36
   573.46    528.95    307.75
   413.44    463.09    888.78
   591.06    652.24    336.67
   403.32    677.84    434.12
   634.09    551.19    404.48
   465.46    390.56   1452.25
   774.81    471.95    400.11
   574.12    560.67    447.44
   753.92    579.55    356.30
   341.10    615.21    704.93
   774.34    576.82    447.73
   426.22    581.39    836.16
   489.61    637.59    408.35
   672.83    588.83    762.69
   566.50    614.82    927.42
   494.04    602.95    487.80
   623.93    547.49    688.60
   316.12    468.75   1144.14
   493.02    586.04    510.98
   590.60    550.33    411.47
   760.82    560.25    232.05
   750.57    505.31    477.52
   417.51    648.66    565.92
   594.00    657.22    564.91
   531.58    519.30    598.98
   559.93    522.72    646.75
   649.28    526.52    442.84
   354.39    665.65    990.09
   567.33    616.08    637.65
   656.02    564.56    389.78
   670.51    503.88    546.44
   738.48    561.40    474.70
   696.79    543.20    773.82
   570.48    560.59    523.04
   479.59    648.75    562.49
   556.68    574.26    559.45
   556.67    707.54    572.10
   767.36    487.98    457.52
   793.48    517.57    423.07
   420.11    647.37    500.73
   390.94    640.71    935.67
   534.85    505.97    644.48
   763.68    587.81    391.90
   439.41    530.37   1069.67
   319.14    680.15    630.52
   792.15    536.31    457.51
   408.37    549.85    497.84
   812.99    524.84    648.49
   447.06    615.54    875.10
   427.49    685.14    826.27
   767.71    530.66    526.25
   544.47    554.34    428.18
   327.25    661.22    694.59
   786.88    560.99    389.10
   597.73    577.96    423.57
   360.96    679.05    677.42
   557.10    683.42    435.68
   206.55    634.68   1023.48
   558.57    714.37    617.77
   738.36    582.86    435.77
   542.92    548.00    477.25
   421.14    529.58    496.67
   727.95    536.83    215.97
   560.40    545.71    357.30
   377.86    640.87    625.41
   658.75    550.25    416.10
   660.77    546.19    291.61
   501.22    686.11    144.08
   576.82    551.89    529.17
   524.54    481.32    553.53
   177.86    664.70    878.81
   414.55    664.73    664.72
   627.23    599.08    430.77
   448.09    638.98    645.97
   664.72    503.58    283.82
   535.11    625.54    530.98
   428.86    581.03    975.03
   609.47    472.96   1055.08
   526.67    574.21    375.16
   370.69    638.11    842.61
   607.97    512.06    678.17
   989.18    595.81    463.69
   630.87    580.11    916.70
   577.73    673.67    450.34
   345.30    629.33    924.02
   636.82    659.43    389.81
   577.67    569.25    681.11
   401.45    672.17    425.82
   653.84    654.50    565.95
   837.47    540.48    429.32
   734.06    634.27    294.76
   774.56    486.89    468.61
   419.47    515.28    661.58
   712.61    530.59    382.80
   357.78    703.91    577.81
   440.10    605.00    729.19
   606.12    459.13    298.94
   647.11    503.37    580.91
   697.70    553.69    583.20
   400.06    580.87    767.44
   743.21    567.37    584.22
   571.47    607.95    550.35
   470.31    505.74    808.48
   526.96    563.94    791.29
   454.03    608.36    718.17
   458.20    471.40    767.98
   504.73    645.13    499.76
   725.92    542.34    286.60
   358.69    583.19    769.31
   743.42    566.89    273.86
   696.43    575.07    192.39
   446.70    643.00    909.72
   775.25    520.76    249.44
   709.36    531.49    607.39
   525.51    719.99    470.69
   505.23    700.33    496.34
   546.46    564.56    587.86
   698.31    470.31    412.34
   727.15    569.46    193.84
   655.24    512.01    795.72
   506.01    480.01   1231.25
   819.50    459.52    427.01
   730.52    507.62    338.05
   490.98    612.77    303.04
   601.95    427.20    666.34
   477.40    598.06    929.56
   271.71    689.22    768.51
   567.77    671.65    417.76
   380.39    688.27    477.49
   475.34    625.73    371.73
   554.62    566.72    611.09
   497.05    572.52   1165.90
   747.79    508.98    476.73
   622.68    581.58    697.32
   304.42    733.61    421.72
   692.47    660.44    407.37
   418.29    599.66    604.00
   240.22    405.23   1859.07
   878.17    570.97    233.51
   522.48    543.38    619.78
   715.87    587.08    305.19
   743.31    570.98    529.06
   637.00    575.46    858.01
   578.56    579.81    486.67
   413.43    715.55    642.22
   633.52    546.86    676.27
   545.15    563.57    737.64
   481.39    536.18    412.94
   691.32    487.16    672.71
   500.94    508.54    649.42
   557.04    591.79    249.17
   605.79    555.17    377.69
   383.82    650.43    640.06
   260.30    655.42    793.44
   598.14    543.24    547.96
   511.39    744.62    396.95
   274.99    680.62    647.75
   706.32    587.10    258.63
   423.31    610.30    720.27
   609.99    594.00    419.82
   752.39    573.03    509.91
   360.20    686.99    606.15
   573.59    527.18    579.20
   618.49    524.51    676.41
   667.06    551.55    522.49
   671.24    607.34    460.40
   467.18    603.71    427.80
   279.07    512.23    783.17
   410.55    619.30    688.90
   599.97    546.00    721.51
   642.78    578.53    514.54
   475.05    650.55    390.65
   165.77    664.86   1214.39
   396.13    578.02    625.74
   830.03    499.91    393.09
   576.34    643.03    419.96
   619.93    614.16    332.93
   481.54    668.54    521.04
   890.48    484.93    274.83
   629.90    517.04    488.42
   597.12    612.71    459.97
   528.24    568.97    625.97
   633.68    582.54    408.07
   407.61    682.87    411.98
   477.55    571.50    571.83
   314.43    689.29    883.08
   576.14    557.05    504.61
   404.49    700.04    577.31
   707.35    541.31    598.71
   678.23    513.88    262.47
   657.09    558.13    567.41
   617.79    662.20    438.09
   395.69    433.78   1411.17
   712.09    552.25    377.37
   700.27    542.36    389.65
   398.30    698.79    382.38
   441.77    620.20    335.86
   397.21    540.88    782.75
   727.04    495.46    413.93
   838.95    544.61    236.10
   362.84    672.13    983.72
   682.34    593.81    587.79
   592.26    557.66    479.59
   534.94    568.14    649.84
   495.66    600.83    786.30
   468.22    614.38    761.59
   502.92    598.54    468.58
   748.18    620.70    522.56
   668.15    483.42    473.33
   436.35    596.42    910.72
   438.89    523.59    974.69
   468.67    750.11    691.62
   466.99    495.82   1021.80
   386.84    522.35    499.07
   603.98    578.54    369.65
   372.44    553.59    606.96
   401.31    525.61   1468.45
   461.19    609.06    575.65
   786.13    523.29    321.01
   797.22    569.32    340.84
   150.94    581.65   1340.62
   588.21    527.97    429.35
   339.91    582.71    475.21
   630.49    611.22    460.54
   524.46    528.44    579.18
   641.07    582.31    464.13
   582.75    553.76    384.28
   398.04    492.08    899.75
   559.73    611.97    481.93
   215.97    638.41   1033.86
   507.42    585.74    555.34
   831.55    433.37    599.60
   509.70    627.81    650.95
   501.37    513.00    360.30
   163.22    559.97   1531.85
   508.38    681.30    462.80
   580.23    670.53    373.93
   497.42    357.82    378.55
   477.84    635.87    483.55
   509.98    677.87    612.44
   761.18    540.18    344.74
   447.12    562.58    599.60
   389.44    593.34    718.44
   451.98    569.25    936.89
   936.67    490.19    357.30
   370.92    650.90    646.39
   721.10    460.88    370.01
   461.24    520.03    618.85
   366.56    696.78    719.47
   468.71    622.70    362.28
   614.57    589.32    321.99
   461.05    611.92    685.61
   674.58    583.64    267.09
   515.47    597.05    448.20
   724.59    659.55    369.70
   416.76    618.66    524.50
   545.28    555.02    359.12
   300.83    615.07   1116.41
   432.79    662.69    381.64
   643.23    555.91    280.31
   567.94    611.61    287.64
   322.36    679.42    744.64
   231.62    642.21    512.61
   384.20    694.75    524.73
   231.94    677.59   1098.45
   579.90    600.84    664.56
   473.46    624.19    677.00
   379.61    700.75    643.81
   478.08    462.88    640.57
    37.83    609.10   1385.68
   404.29    553.78    448.28
   406.04    587.44   1251.73
   584.09    502.17    771.59
   577.40    528.06    563.76
   505.98    609.02    324.33
   621.55    659.51    413.13
   397.03    550.68    920.20
   391.22    493.95    601.22
   678.74    490.06    551.96
   613.34    571.74    539.51
   536.00    634.94    478.27
   448.95    639.43    408.38
   387.44    796.75    369.87
   420.15    601.38    787.41
   433.29    611.70    474.10
   775.06    627.33    316.01
   689.64    540.77    510.89
   653.88    690.86    436.23
   674.04    494.89    509.73
   763.03    592.98    349.77
   179.67    607.63    970.33
   773.04    478.58    414.96
   610.21    551.89    553.98
   691.81    523.39    373.68
   781.90    492.64    310.86
   643.70    535.95    510.49
   541.12    594.76    263.59
   646.28    557.78    452.90
   464.68    597.84    469.11
   448.17    619.57    630.15
   316.87    599.24   1324.34
   542.01    568.99    931.52
   413.74    555.79    546.41
   628.10    674.39    563.31
   830.66    444.74    256.39
   534.23    458.29   1288.43
   791.98    534.33    463.48
   720.33    591.68    348.93
   812.68    514.52    499.33
   352.56    607.42    536.64
   562.87    620.22    547.23
   585.41    571.08    510.53
   277.39    661.99    756.62
   802.93    462.08    523.04
   326.09    561.59    810.77
   614.64    610.09    574.67
   727.22    646.32    659.71
   245.67    659.57    990.84
   697.00    670.92    351.78
   685.00    500.86    385.14
   527.13    621.46    757.88
   656.79    539.20    603.22
   418.50    593.58    529.55
   354.99    815.69    474.94
   509.36    628.90    588.84
   592.62    491.81    641.95
   664.40    587.95    353.19
   847.95    486.32    411.61
   384.41    746.24    496.13
   541.84    563.80    505.14
   715.28    491.61    631.97
   680.64    603.34    404.88
   574.87    569.52    498.64
   606.63    599.98    275.29
   416.60    611.94    510.97
   507.14    651.96    766.45
   456.00    643.07    498.33
   445.32    533.97    636.86
   509.75    491.92    630.27
   721.09    499.68    354.84
   682.03    560.09    438.55
   485.97    459.25    766.95
   312.62    656.22    664.99
   428.31    632.16    571.84
   386.92    708.74    622.63
   463.86    549.65    652.47
   470.49    677.95    584.99
   549.30    679.31    707.51
   591.33    569.79    323.52
   624.07    473.58    503.61
   530.80    661.30    367.30
   480.26    505.23    752.80
   423.79    669.10    647.57
   570.78    552.00    538.25
   306.37    690.39    940.39
   577.42    489.65    615.79
   406.79    740.53    673.33
   663.20    589.68    474.76
   555.77    651.92    411.34
   795.79    578.21    331.89
   651.13    494.14    454.49
   868.37    443.03    463.28
   637.34    528.65    493.98
   319.26    673.31    888.05
   609.09    609.73    540.26
   495.91    595.88    577.32
   433.92    494.70    815.67
   638.58    637.41    293.90
   474.37    585.55    708.71
   466.53    514.58    508.10
   576.71    606.93    589.67
   526.39    587.76    580.23
   421.57    695.73    669.21
   475.77    589.41    441.75
   532.59    601.32    438.56
   685.56    480.10    531.24
   629.55    435.71    758.80
   626.35    508.07    636.29
   484.56    710.36    484.21
   247.33    606.50    938.70
   409.68    615.41    683.94
   678.91    444.59    617.44
   536.38    620.50    732.33
   296.25    667.28    921.44
   604.79    599.67    586.64
   639.20    666.96    403.29
  1039.94    515.48    329.55
   758.73    626.70    389.89
   899.31    467.61    278.36
   575.13    621.82    434.91
   619.99    612.62    481.59
   516.54    685.95    673.01
   319.96    464.97   1378.27
   429.76    617.47    875.11
   629.19    520.93    617.31
   459.24    521.61    428.90
   472.39    604.67    677.46
   551.54    602.06    684.09
   510.74    689.27    520.76
   695.68    514.23    369.80
   826.10    558.29    309.81
   638.15    497.23    529.64
   477.29    692.74    849.73
   506.35    631.03    707.63
   520.41    640.47    522.77
   643.64    585.52    231.17
   460.01    621.02    510.10
   404.44    551.08    594.75
   459.20    601.93    515.40
   637.42    645.73    395.63
   621.38    582.34    399.06
   477.91    684.68    669.58
   402.44    676.09    622.16
   506.83    614.18    796.76
   488.64    730.61    278.58
   709.46    520.99    581.93
   614.12    510.07    474.61
   360.68    524.10    998.05
   668.05    535.74    694.72
   543.58    525.13    950.73
   533.64    576.89    429.36
   535.22    658.38    581.65
   674.79    566.84    271.68
   377.49    672.11    764.81
   294.81    578.07    868.45
   595.59    572.23    414.50
   451.39    588.22    598.09
   598.73    578.32    541.34
   487.21    639.83    433.94
   854.14    512.27    438.22
   765.57    576.84    565.39
   674.42    606.84    498.40
   434.03    698.91    527.08
   447.23    600.42    724.97
   225.21    461.86   1906.49
   599.70    649.99    438.35
   718.65    443.62    392.60
   771.07    548.52    210.75
   435.75    644.51    424.01
   525.23    558.72    597.44
   296.76    605.84    745.02
   632.48    527.83    532.12
   620.60    514.81    275.87
   525.50    701.77    707.75
   123.75    595.56    969.72
   665.81    618.26    741.39
   585.12    626.38    405.28
   555.50    577.74    508.91
   539.86    655.95    468.20
   610.20    558.87    729.35
   899.09    509.54    432.73
   460.57    618.04    450.39
   496.79    558.30    597.36
   412.64    681.03    732.66
   525.35    526.53    351.12
   409.65    643.16    584.96
   423.63    659.39    755.26
   524.47    637.08    409.09
   356.35    522.76    849.14
   283.57    649.98    666.22
   493.93    648.46    932.50
   914.43    452.52    371.88
   618.79    528.39    865.63
   559.66    725.49    572.28
   406.40    588.56    821.29
   726.86    510.50    495.78
   615.08    526.34    617.75
   324.21    553.75    977.37
   578.74    667.89    441.22
   653.36    523.85    381.45
   250.53    711.88    677.37
   297.82    503.67   1897.33
   629.37    628.36    346.12
   557.16    479.84    648.55
   677.52    610.09    384.76
   858.52    558.17    248.83
   568.72    678.50    484.79
   387.23    620.70    467.06
   797.48    601.81    458.56
   355.24    568.42    698.17
   594.23    546.27    419.44
   375.84    669.94    735.93
   360.64    744.65    973.87
   439.46    639.10    697.52
   542.46    474.37    385.94
   441.73    612.72    666.83
   314.04    585.14    876.77
   753.36    533.05    472.26
   788.42    497.17    660.73
   293.47    615.71    844.09
   799.20    514.26    466.31
   718.06    501.25    516.26
   577.49    501.11    743.37
   514.25    565.13    304.03
   594.65    617.51    427.90
   544.68    595.18    565.67
   670.48    579.08    610.95
   524.41    448.94    923.67
   394.44    694.15    754.92
   514.94    483.61    576.41
   676.14    603.44    468.53
   448.35    560.75    695.76
   488.86    629.30    765.00
   472.45    531.82    657.68
   559.64    724.67    619.42
   832.43    530.10    249.77
   408.51    497.07    880.90
   519.89    594.80    635.61
   483.39    664.22    496.32
   713.42    567.94    385.43
   701.20    583.32    809.21
   569.03    464.75    518.89
   714.08    582.61    526.63
   530.26    610.26    374.85
   622.09    626.95    327.15
   733.12    523.30    316.08
   695.16    533.76    578.19
   768.42    502.74    266.10
   382.01    617.53    494.23
   439.90    597.57    406.37
   250.62    727.94    581.96
   335.24    540.29    903.46
   516.01    571.68    813.19
   854.35    508.79    272.49
   703.05    503.37    533.27
   524.44    573.16    562.24
   506.35    612.70    408.39
   686.22    532.55    549.45
   472.27    585.96    550.17
   544.35    677.50    477.93
   887.57    479.27    229.94
   416.24    666.72    535.29
   896.01    600.61    217.29
   618.40    522.30    576.90
   637.72    547.97    328.33
   364.08    729.53    688.69
   559.05    638.45    688.30
   631.84    529.48    427.04
   407.34    585.48    354.90
   533.90    566.37    624.57
   650.93    527.76    517.36
  1001.54    502.35    387.51
   768.92    487.46    276.01
   594.85    561.91    608.81
   545.00    555.57    358.15
   833.94    522.73    425.20
   360.07    685.62    677.49
   458.05    650.53    601.28
   625.27    603.90    466.26
   236.73    681.97    876.89
   743.65    486.56    625.03
   714.67    572.26    331.77
   747.96    551.92    332.06
   875.82    544.58    353.72
   767.38    507.47    383.00
   495.90    543.48    715.25
   784.38    567.63    436.58
   691.24    555.12    397.03
   450.78    631.84    554.86
   417.75    579.03   1135.55
   426.76    647.33    513.80
   618.47    570.97    417.82
   408.55    624.82    556.82
   542.68    498.94    577.25
   535.77    524.80    417.23
   593.95    470.70    403.41
   691.15    585.31    513.81
   682.05    519.83    494.54
   217.29    608.27   1178.11
   451.31    720.55    619.40
   412.19    638.14    716.85
   585.26    619.31    466.43
   730.56    674.15    383.46
   558.76    688.24    375.17
   669.76    532.52    546.79
   426.58    603.24    740.08
   804.07    540.03    453.16
   678.80    583.33    503.58
   571.97    596.45    635.81
   552.86    548.25    660.77
   616.52    606.42    649.79
   409.86    542.73    812.48
   542.32    613.02    289.64
   323.89    385.77   1658.39
   649.21    570.25    512.23
   460.95    595.79    774.51
   972.18    561.54    245.42
   271.34    693.18   1271.54
   533.95    563.34    458.39
   684.35    456.24    514.22
   405.13    655.04    734.35
   494.39    572.67    541.14
   786.64    579.10    330.94
   742.29    574.45    475.73
   374.82    660.58    931.56
   558.31    403.20    999.40
   204.58    587.44    703.07
   780.04    604.86    425.11
   222.10    552.11   1015.22
   696.16    602.02    540.29
   671.68    464.48    589.54
   223.10    689.78   1187.57
   603.77    548.01    501.82
   658.29    617.40    548.68
   580.70    634.50    502.08
   359.87    752.65    489.27
   496.43    521.02    639.35
   674.87    581.78    574.31
   397.99    794.23    545.25
   909.44    461.81    442.99
   382.91    761.43    744.56
   451.99    526.93    678.77
   631.79    539.07    617.17
   355.58    659.65    974.88
   615.02    497.32    608.36
   553.30    501.82    485.43
   366.64    567.94   1525.54
   767.47    533.66    406.31
   469.61    544.03    650.60
   766.33    497.75    417.22
   676.01    597.45    407.28
   223.51    439.45   1702.06
   571.42    608.44    430.31
   576.08    668.52    413.77
   479.63    631.49    555.94
   516.04    580.95    401.00
   636.72    634.06    537.88
   293.74    574.62    832.58
   815.48    501.04    296.51
   630.71    649.93    471.62
   755.87    546.79    296.81
   523.95    560.06    585.64
   703.74    526.12    312.07
   823.45    494.01    326.59
   331.26    678.17    644.82
   403.85    638.48    546.37
   718.12    639.09    472.43
   623.72    673.51    515.86
   695.58    473.56    709.03
   189.47    531.54   1351.50
   556.03    613.03    306.83
   385.14    618.79    306.30
   618.15    634.38    328.57
   396.60    649.44   1126.42
   478.62    589.11    945.80
   594.06    464.56    398.51
   365.69    630.80    569.97
   821.42    614.31    382.08
   764.37    492.41    353.11
   424.82    532.62    554.95
   301.49    652.46    731.90
   379.21    685.15    888.14
   689.15    626.45    377.58
   629.67    515.13    465.13
   431.09    671.51    390.40
   407.44    462.10    981.37
   465.63    761.05    674.33
   353.00    651.41    885.93
   345.94    673.85    995.71
   660.67    507.98    323.31
   576.03    604.19    281.22
   617.96    592.06    342.57
   855.66    468.18    875.34
  1039.75    446.63    327.04
   694.07    616.12    413.04
   664.83    618.90    540.40
   422.31    751.84    376.45
   340.83    467.02   1022.64
   439.96    553.28    707.89
   281.60    489.52   1416.71
   425.90    477.84   1473.63
   884.94    487.64    308.14
   364.21    674.92    700.27
   247.13    682.77    993.32
   662.36    542.35    597.07
   813.21    542.93    268.78
   423.32    767.78    592.17
   706.33    516.30    571.34
   790.43    571.65    247.99
   432.69    639.07    386.74
   411.27    571.86    710.36
   591.42    550.76    424.95
   709.13    632.84    368.80
   535.46    564.48    212.30
   896.96    530.85    266.41
   310.27    633.61    950.49
   694.85    512.32    636.20
   385.38    672.98    662.38
   774.55    568.69    375.89
   255.17    665.32   1038.09
   510.06    594.17    591.01
   249.54    696.99    800.25
   667.59    500.27    455.35
   730.89    570.96    668.88
   705.69    618.06    351.83
   626.11    571.81    439.80
   474.48    588.28    255.15
   416.84    595.37    730.21
   373.99    821.70    627.93
   412.72    670.81    611.02
   456.37    584.86    545.13
   543.76    609.76    400.93
   604.93    563.01    468.03
   593.27    511.09    484.00
   644.30    599.46    565.60
   378.77    562.37    700.43
   593.65    587.02    121.18
   250.37    654.40   1072.11
   816.77    552.42    421.68
   622.93    555.23    409.77
   617.54    622.40    295.83
   430.23    669.48    529.60
   541.44    658.45    514.30
   555.11    545.80    333.39
   536.55    655.84    493.38
   392.68    703.89    990.50
   426.48    639.87    595.86
   449.07    672.35    568.34
   564.63    579.59    469.51
   431.34    733.62    612.64
   390.04    658.13    458.79
   449.38    525.09    699.33
   871.29    524.59    444.19
   479.33    580.75    826.67
   337.99    647.86    887.88
   428.48    558.84    643.43
   554.84    585.61    357.08
   646.64    591.26    504.55
   455.64    521.21    476.36
   779.59    549.32    405.39
   632.22    653.08    569.95
   320.67    625.97   1048.73
   680.57    537.66    284.72
   370.06    603.76    396.53
   501.32    554.72    714.28
   538.69    613.21    742.47
   117.18    737.34   1180.36
   470.24    659.98    621.52
   220.29    466.54   1225.98
   735.55    502.51    559.12
   551.90    613.07    626.74
   557.81    669.49    403.13
   533.58    695.44    482.29
   386.70    556.63   1087.23
   688.38    507.32    749.04
   389.95    774.28    700.15
   563.58    624.10    300.47
   323.49    666.95    580.89
   472.60    625.89    690.39
   459.58    597.51    305.63
   602.64    618.80    606.51
   443.92    639.84    831.63
   564.16    539.11    428.19
   311.85    678.82    504.99
   973.14    497.86    202.95
   451.53    685.44    469.73
   650.63    579.05    466.87
   373.75    690.91    764.48
   367.02    636.41    610.78
   739.36    621.14    355.71
   452.21    559.23    796.96
   458.36    545.99    730.38
   872.35    580.80    308.70
   749.19    533.04    498.68
   336.23    581.00    726.30
   342.16    654.24    610.97
   688.38    496.90    571.11
   296.72    377.83   1616.93
   603.70    594.91    476.07
   499.02    504.05    562.58
   368.65    668.41    543.91
   606.48    681.43    575.39
   485.81    599.74   1217.21
   225.11    691.03   1272.01
   452.71    611.39    669.61
   548.81    622.08    544.54
   700.34    567.51    511.45
   520.96    665.77    698.98
   551.00    546.22    558.67
   443.17    609.50    586.94
   702.18    492.41    533.45
   450.08    426.42   1010.29
   709.37    573.23    163.75
   476.72    575.22    780.04
   575.36    590.90    344.01
   590.83    571.81    595.74
   756.18    517.97    348.77
   620.70    589.44    537.86
   284.15    616.26    769.80
   540.25    530.93    531.90
   483.04    629.53    648.75
   303.07    669.48    665.29
   605.65    561.39    232.69
   729.75    535.19    365.76
   627.66    545.04    553.71
   423.48    568.89    752.75
   556.66    557.31    743.13
   626.69    536.01    472.21
   671.73    534.64    308.20
   515.55    628.67    415.89
   688.52    605.86    353.97
   834.79    487.75    242.44
   637.07    603.41    283.94
   561.79    671.58    714.69
   797.32    459.09    329.63
   521.93    631.04    447.01
   627.25    532.61    541.17
   570.01    640.95    354.30
   675.35    437.22    449.10
   635.47    441.54    460.42
   630.58    594.28    478.85
   488.48    654.31    604.35
   545.74    604.04    335.42
   375.56    564.93    635.69
   261.70    645.59    927.05
   477.36    657.22    508.00
   319.49    634.15    698.08
   477.73    555.01    450.96
   362.98    602.05    961.21
   492.74    634.35    396.67
   474.16    575.88    579.99
   560.51    719.14    508.64
   580.91    620.16    636.80
   674.16    512.44    188.09
   388.38    539.57    787.64
   751.41    566.72    313.63
   655.11    538.29    366.37
   713.36    565.41    267.70
   825.96    532.70    484.83
   648.33    500.83    686.62
   437.70    589.13    668.17
   307.02    529.26    707.24
   468.84    529.69    639.87
   846.64    553.22    254.79
   660.91    574.41    378.59
   567.26    525.46    532.52
   488.81    608.75    424.55
   635.14    617.63    345.55
   672.41    544.63    609.81
   407.37    762.77    521.03
   211.73    565.36   1043.62
   830.97    500.72    346.52
   623.20    617.52    230.20
   482.61    645.55    512.82
   606.96    686.35    694.56
   611.91    564.48    236.27
   573.47    583.99    408.98
   389.05    658.41    487.45
   375.83    742.29    389.01
   656.57    497.80    694.21
   577.90    574.85    453.10
   632.36    619.84    716.07
   551.70    571.34    978.87
   227.51    573.26   1439.02
   462.12    556.11    941.20
   742.50    525.73    324.99
   717.64    583.88    449.32
   170.39    693.62    949.87
   959.86    405.24    311.76
   755.82    582.07    360.52
   597.73    686.62    568.37
   747.42    606.18    370.17
   420.24    580.88    761.17
   602.34    510.49    392.21
   771.63    594.15    542.23
   374.60    678.80    647.29
   642.40    579.72    398.74
   156.19    636.18   1354.34
   520.27    669.21    578.60
   829.44    455.06    392.55
   435.63    572.79    692.73
   374.83    565.04    665.03
   610.95    520.84    527.35
   476.90    602.70    378.40
   469.08    635.43    706.29
   403.62    658.64    633.66
   562.25    542.58    542.18
   625.71    542.21    362.43
   446.80    711.94    606.04
   770.32    589.48    436.81
   367.63    699.23    609.35
   432.80    519.05    799.91
   762.82    534.99    466.60
   715.15    509.94    244.40
   620.18    581.41    308.30
   319.52    622.73    600.42
   627.99    438.40    732.59
   644.59    674.04    348.19
   212.13    426.93   1735.87
   576.12    573.98    625.81
   431.48    671.02    677.53
   596.85    563.23    419.95
   722.08    548.86    391.56
   665.01    506.61    486.91
   639.26    613.20    622.19
   635.54    475.58    338.89
   341.61    594.85    793.16
   515.95    587.67    650.05
   404.60    659.11    617.95
   498.55    713.71    698.42
   662.97    551.87    748.67
   265.60    714.70    771.40
   570.37    647.23    761.55
   732.39    514.23    385.03
   460.22    601.96    619.23
   441.00    724.97    407.98
   756.67    639.16    276.36
   758.67    578.12    645.65
   394.92    638.84    619.36
   401.35    600.83    666.36
   621.97    556.46    317.58
   464.77    652.96    463.01
   567.42    508.18    705.54
   575.14    525.62    436.38
   312.21    619.74    706.82
   594.98    494.73    322.14
   365.99    517.33    792.11
   546.54    615.42    759.43
   619.31    582.21    491.40
   322.29    617.94    578.12
   138.07    431.84   2119.28
   714.08    741.23    361.12
  1026.96    446.26    374.99
   695.12    586.00    415.23
   487.20    537.37    698.50
   676.89    630.12    389.60
   526.78    599.68    473.36
   398.59    516.56    903.79
   775.95    511.69    553.08
   465.46    609.03    756.05
   381.24    625.52    698.84
   327.43    603.40    680.81
   332.48    564.02   1188.76
   562.99    639.56    509.66
   387.38    681.56    617.36
   522.47    562.01    650.59
   585.73    550.25    520.98
   380.44    664.17    692.30
   721.11    536.46    400.56
   603.70    574.35    529.09
   546.86    547.72    658.58
   481.29    651.48    792.99
   408.08    657.35    387.00
   812.86    596.19    491.89
   758.69    490.25    611.45
   508.86    654.81    443.58
   521.33    446.28   1647.36
   959.76    525.20    312.16
   387.00    634.82    607.01
   306.35    690.50    790.57
   320.68    614.86    567.77
   416.31    515.09   1213.66
   660.66    477.38    514.57
   649.94    525.95    601.63
   523.74    552.99    583.12
   423.36    573.36    409.61
   458.53    584.95    368.91
   611.53    713.25    371.22
   578.58    541.75    457.43
   674.49    513.66    440.23
   280.23    578.28   1502.91
   369.38    655.50    833.93
   670.76    617.14    430.96
   317.65    555.13   1270.61
   316.35    611.25    671.59
   479.65    537.85    511.50
   599.26    488.74    451.93
   446.28    691.60    440.21
   637.26    621.99    632.29
   556.32    511.16    922.07
   742.26    557.26    541.64
   671.03    451.22    386.81
   595.71    564.34    473.41
   416.74    650.98    597.43
   478.25    527.88    449.40
   486.04    560.36    798.76
   583.72    576.87    495.99
   613.43    616.63    674.72
   582.43    589.33    448.42
   387.35    700.22    658.56
   425.34    655.89    482.57
   250.03    743.88    635.52
   680.40    580.35    262.20
   463.50    643.88    684.47
   595.43    576.75    542.24
   394.85    550.34    449.17
   648.43    595.15    533.39
   672.18    596.51    332.84
   424.19    707.91    502.72
   559.28    535.19    676.96
   629.85    590.24    448.67
   348.31    599.74    565.93
   331.91    430.43   1216.96
   783.21    505.63    359.96
   727.78    458.97    279.25
   239.25    521.08   1338.29
   587.96    582.52    439.63
   309.96    630.45    669.27
   701.00    585.33    408.05
   648.83    503.74    504.76
   572.67    573.30    674.20
   443.79    656.22    495.75
   465.72    624.49    748.91
   501.00    643.26    494.35
   283.36    743.25    743.43
   655.62    438.58    414.36
   264.87    772.99    604.27
   410.76    578.68    586.54
   451.56    740.72    450.35
   255.58    743.27    403.29
   780.31    523.30    926.76
   555.30    447.34    520.47
   515.83    594.10    431.24
   581.49    557.26    320.68
   352.71    582.62    540.81
   625.14    552.29    445.07
   757.22    542.81    267.09
   508.89    526.90    670.35
   705.78    537.43    494.43
   650.55    546.02    360.35
   510.83    596.85    494.88
   467.03    628.34    612.88
   683.13    568.36    509.02
   442.53    691.01    657.06
   449.64    620.81    811.98
   490.37    646.61    713.04
   424.13    648.11    582.71
   614.30    559.73    297.25
   644.53    733.67    513.89
   770.79    476.46    319.46
   673.14    518.53    266.43
   563.51    632.48    619.92
   694.86    537.28    456.42
   643.25    534.90    766.76
   623.34    578.13    169.41
   566.15    621.78    476.03
   492.48    716.69    447.92
   358.74    726.31    513.45
   615.67    581.19    406.02
   589.44    630.59    340.86
   428.29    694.78    569.41
   793.56    646.89    549.64
   462.58    574.06    877.23
   661.04    559.44    488.73
   396.31    698.78    449.55
   524.15    685.46    857.50
   348.62    667.15    370.65
   682.43    440.98    228.23
   831.58    678.15    385.58
   772.39    634.18    505.61
   817.22    527.62    630.40
   805.03    549.02    379.81
   520.69    648.43    548.14
   430.84    674.90    673.39
   409.89    630.01    807.04
   570.90    449.99   1233.61
   578.04    504.52    580.00
   613.38    548.89    588.24
   486.82    566.19    401.07
   624.92    430.51    949.13
   683.19    518.81    667.26
   341.51    672.60    896.03
   459.99    624.57    585.88
   427.46    546.27   1112.59
   405.46    667.79    848.57
   652.26    492.39    305.38
   497.02    374.98   1407.31
   323.00    466.07   1000.32
   249.77    768.28    567.89
   523.03    569.94    435.42
   438.38    630.65    608.26
   710.00    469.50    347.76
   192.64    559.88   1599.29
   567.19    638.61    729.36
   644.75    602.58    360.93
   667.16    340.55    625.96
   485.61    632.63    745.40
   225.36    761.53    689.43
   579.84    679.95    418.50
   472.89    529.29    390.17
   294.63    420.97   1619.67
   637.50    533.44    628.56
   854.30    454.31    243.82
   435.55    669.31    521.04
   498.76    579.99    277.03
   448.72    648.55    723.49
   262.43    647.60    746.67
   512.71    629.98    551.60
   625.03    626.09    431.86
   568.73    540.78    674.65
   488.93    645.77    415.57
   392.38    687.86    461.54
   820.97    584.46    378.38
   585.81    607.53    479.91
   720.06    520.50    681.05
   734.95    469.32    471.88
   592.88    529.97    585.01
   931.77    561.82    316.93
   596.32    429.70    670.77
   695.88    440.29    566.57
   878.49    675.28    647.25
   607.21    486.80    663.42
   456.80    624.22    424.98
   287.47    660.88    903.06
   238.78    512.43   1339.25
  1005.16    575.43    309.11
   243.87    426.15   1925.27
   576.10    719.91    551.85
   476.48    606.15    447.34
   363.79    635.71    942.52
   596.55    538.53    744.27
   557.67    548.39    390.90
   629.52    655.12    625.29
   551.44    624.23    707.53
   619.40    582.04    369.15
   592.47    575.62    608.20
   404.16    527.54    870.99
   486.45    594.95    394.35
   486.20    519.68    544.76
   811.15    525.24    244.93
   420.08    629.04    533.68
   495.01    490.47   1030.88
   424.75    632.45    635.23
   634.47    599.45    461.59
   779.17    482.52    323.70
   627.91    619.64    328.27
   760.54    608.14    294.92
   414.38    583.27    745.77
   755.13    571.98    127.87
   951.04    586.71    306.87
   354.30    530.94   1213.37
   317.00    602.74    951.91
   812.26    610.42    305.61
   447.85    625.76    506.57
   361.70    616.24    706.21
   702.16    565.43    359.83
   609.27    551.71    412.10
   459.68    543.05    915.90
   680.27    522.77    713.74
   737.30    591.13    313.92
   630.66    609.05    417.07
   351.82    660.16    515.35
   608.62    566.42    400.56
   523.54    607.87    535.43
   647.95    636.52    416.93
   599.07    520.53    684.58
   385.10    615.49    563.20
   409.90    459.97   1228.40
   406.55    618.44    965.67
   624.01    553.38    609.83
   343.26    666.70    939.90
   715.72    538.80    468.17
   774.00    606.69    289.76
   315.50    573.18    627.12
   414.21    622.42    435.82
   636.99    557.31    463.54
   547.55    588.20    475.05
   420.58    576.51    689.84
   507.57    571.43    606.88
   513.77    680.40    532.47
   689.80    504.72    393.54
   631.87    669.03    358.55
   941.16    480.63    240.54
   590.11    588.57    484.66
   612.27    513.70    752.93
   943.78    485.81    361.59
   542.79    560.62    522.21
   563.93    635.36    517.14
   374.75    652.66    606.82
   522.51    574.80    357.62
   423.88    665.02    750.91
   593.09    550.47    601.11
   398.24    716.60    314.68
   425.92    622.55    578.37
   467.32    526.90    406.36
   396.02    653.86    688.48
   568.35    561.45    606.27
   612.92    468.33    632.16
   511.52    639.36    578.54
   568.59    602.55    489.89
   422.04    621.79    777.73
   571.53    600.97    749.65
   646.99    661.19    275.29
   557.02    672.97    450.41
   651.50    598.12    501.47
   412.57    653.45    715.87
   629.82    543.03    570.67
   285.69    697.37    626.07
   648.88    552.92    664.62
   677.19    548.56    723.07
   713.71    653.56    661.85
   638.35    504.02    527.60
   682.97    586.57    578.81
   448.83    611.80    549.71
   689.58    616.34    608.88
   724.60    549.07    365.48
   443.93    612.10    660.53
   623.19    632.80    539.41
   811.16    405.44    301.00
   698.37    424.33    265.31
   596.37    546.26    505.86
   734.85    581.56    285.47
   544.39    458.12    913.58
   662.86    528.54    623.93
   758.84    555.34    291.16
   440.40    606.76    664.94
   491.24    358.52   1421.19
   692.72    487.32    556.09
   212.13    486.75   1864.17
   697.03    435.54    539.57
   791.17    522.06    225.82
   948.54    481.65    255.61
   223.60    758.12    723.33
   403.96    723.48    259.48
   352.25    628.45   1018.50
   366.17    682.86    624.50
   750.02    637.93    412.63
   603.76    524.29    719.86
   335.12    523.82   1266.27
   374.94    639.07    606.94
   525.53    623.95    763.88
   343.03    605.78    710.41
   760.99    509.00    218.99
   226.25    660.26    887.07
   433.48    708.00    538.91
   713.84    473.27    334.21
   349.08    667.96    497.94
   681.28    540.67    343.59
   384.15    585.83    709.51
   700.88    586.89    643.74
   142.30    606.16   1140.05
   612.87    566.19    456.48
   514.07    624.35    816.93
   402.49    579.61    817.06
   410.23    640.11    580.81
   454.17    628.88    530.59
   202.54    511.96   1196.29
   525.68    659.96    287.49
   652.03    600.09    563.05
   552.15    578.01    564.00
   452.86    657.11    762.78
   670.38    498.50    405.10
   451.10    514.15    775.70
   728.27    512.94    407.24
   596.81    516.76    617.60
   867.25    477.35    257.05
   406.21    602.32    453.37
   572.19    551.86    555.68
   764.64    543.26    296.34
   814.39    475.17    318.62
   693.93    504.89    339.97
   942.23    559.05    491.55
   653.46    474.72    614.37
   906.30    536.87    303.78
   460.05    632.88    598.90
   632.62    669.05    329.92
   306.92    648.65    817.83
   261.36    699.69    558.94
   437.32    679.79    527.56
   545.97    605.97    517.58
   798.27    471.46    268.95
   520.03    566.58    552.53
   949.19    599.38    417.13
   658.94    493.60    465.06
   421.96    676.82    430.28
   293.87    591.79    977.39
   730.51    536.63    568.94
   348.71    651.80    831.08
   210.97    773.54    560.55
   573.71    649.42    267.42
   967.00    551.67    325.97
   473.69    667.35    730.89
   395.01    604.56   1448.33
   588.59    530.93    498.50
   880.31    485.61    338.40
   376.59    642.89    793.07
   576.97    588.43    526.95
   487.45    647.59    596.20
   804.51    547.15    334.40
   516.59    530.32   1182.58
   303.96    610.10    819.92
   453.35    741.76    739.34
   369.53    439.59   1117.78
   687.95    549.93    430.18
   956.40    431.30    220.42
   686.76    682.40    303.82
   382.81    618.67    930.21
   473.89    570.78    969.39
   485.58    560.31    462.11
   460.21    717.92    406.03
   338.83    531.13   1181.72
   376.79    669.08    841.26
   752.94    520.22    337.71
   655.86    534.33    379.10
   297.48    777.40    824.93
   419.30    602.58    477.94
   499.03    651.32    702.36
   594.34    571.58    614.01
   504.37    562.56    282.96
   594.16    657.42    243.16
   316.02    543.16   1020.38
   499.00    519.79    622.38
   248.91    586.89    621.29
   401.98    715.00    604.31
   640.62    521.64    364.61
   583.15    604.23    471.15
   755.06    574.98    432.03
   717.37    489.44    333.37
   512.72    617.67    468.12
   722.35    502.08    830.81
   501.85    589.48    488.75
   591.80    492.69    370.11
   828.21    508.00    324.71
   557.18    632.66    342.64
   671.52    637.40    471.85
   433.01    568.03   1016.19
   734.74    526.52    721.38
   324.47    665.22    941.72
   400.14    683.00    521.11
   551.37    636.07    519.86
   512.53    659.35    523.34
   739.17    536.60    474.95
   593.80    617.47    259.53
   619.53    522.72    312.88
   576.58    569.85    725.04
   195.02    662.20    782.29
   601.10    582.94    215.46
   670.35    544.70    570.03
   637.29    497.57    431.55
   487.69    642.67    676.04
   647.43    419.19    339.91
   211.46    516.53   1373.80
   492.60    643.66   1004.89
   561.77    538.44    594.40
   614.36    447.09   1233.45
   463.48    537.66    660.23
   496.66    695.85    805.24
   633.89    606.93    403.63
   794.91    577.44    465.31
   895.05    593.95    499.19
   660.93    596.63    314.28
   594.91    672.88    488.19
   329.27    726.36    557.70
   422.46    665.59    568.42
   497.19    599.16    459.57
   620.91    433.66    664.32
   348.06    792.37    491.59
   665.56    568.26    432.10
   695.58    600.38    382.98
   538.26    562.17    364.88
   528.82    445.19    500.24
   302.16    750.04    810.05
   859.97    474.95    357.52
   415.72    431.83   1339.40
   604.72    563.55    735.77
   637.61    656.47    330.36
   430.55    723.86    334.81
    89.69    741.43   1247.68
   499.14    627.60    608.48
   356.24    506.70   1141.83
   677.87    641.06    392.68
   399.62    535.40    667.32
   553.33    669.97    677.96
   591.05    524.59    552.08
   749.89    427.25    276.69
   695.00    511.50    309.73
   466.89    661.27    543.52
   477.29    648.72    294.41
   564.41    613.14    456.53
   824.47    511.89    341.58
   611.91    586.15    556.02
   465.03    549.59    664.74
   939.98    475.33    194.85
   618.24    534.23    409.22
   603.37    624.02    493.68
   376.19    624.71    428.82
   525.05    551.16    540.55
   433.72    529.85    669.26
   558.46    633.26    355.54
   188.48    674.89    859.79
   441.63    718.12    214.84
   500.10    650.84    468.81
   516.67    500.78    408.21
   664.28    466.06    262.16
   478.77    594.65    404.54
   514.52    617.24    587.38
   535.83    709.22    684.95
   610.17    513.83    562.04
   580.84    629.00    369.69
   480.55    589.13    632.15
   774.67    424.06    565.66
   509.45    660.12    261.51
   466.23    729.19    418.44
   456.86    615.30    825.29
   579.47    506.15    457.37
   574.14    552.44    659.84
   578.95    573.29    471.25
   646.89    714.73    449.20
   686.48    596.79    462.96
   398.30    584.30    530.17
   267.41    665.36    617.67
   632.57    580.27    469.15
   510.66    604.80    348.99
   750.64    482.48    456.07
   635.92    594.78    466.39
   508.09    446.67    420.40
   504.92    654.57    594.27
   715.84    582.66    346.85
   291.75    662.48    611.55
   679.06    622.67    458.84
   435.13    690.29    529.54
   523.99    608.50    910.26
   687.10    527.39    448.78
   316.42    529.75    469.44
   510.47    596.93    592.12
   386.77    582.54    515.83
   600.83    596.10    353.46
   580.53    645.99    509.08
   578.53    560.00    519.47
   702.24    487.99    276.27
   504.18    522.64    653.68
   593.89    544.23    512.34
   647.73    620.34    450.87
   864.29    504.51    383.21
   592.26    726.05    511.97
   547.19    643.88    373.52
   932.44    502.24    274.73
   472.15    561.68    881.13
   506.45    543.68    707.38
   842.61    432.70    449.29
   580.72    473.88    529.11
    95.65    617.69   1419.21
   748.38    564.51    396.70
   523.03    589.63    443.29
   295.75    589.65    583.84
   454.94    668.41    363.19
   690.44    532.02    304.42
   820.64    536.89    510.72
   491.18    481.42    870.49
   613.04    530.41    252.19
   152.34    629.99   1189.09
   745.42    518.26    176.84
   597.40    487.99    509.29
   789.43    437.62    440.72
   736.95    486.69    514.55
   561.32    499.01    565.94
   715.18    584.14    441.81
   937.26    523.95    226.14
   700.02    594.97    606.43
   508.34    646.26    393.40
   570.55    617.17    610.52
   747.76    559.19    355.26
   483.31    608.18    724.33
   420.10    639.17    673.27
   322.06    819.01    747.44
   451.26    599.21    775.13
   760.74    547.64    453.32
   541.19    517.29    648.90
   982.69    589.88    243.61
   615.75    525.57    875.39
   733.96    496.39    582.58
   474.01    658.61    468.17
   527.18    533.46    378.14
   288.98    566.79    973.30
   602.59    571.93    464.05
   414.84    466.99   1182.43
   836.27    496.99    232.04
   505.64    680.21    529.60
   459.16    579.88    598.69
   559.66    510.02    621.81
   674.10    511.43    445.51
   635.00    460.52    427.53
   230.93    746.25    823.37
   405.80    542.49   1191.96
   881.78    565.33    432.74
   577.85    689.90    286.99
   511.42    539.63    609.89
   676.08    673.06    318.51
   308.41    574.06    999.25
   477.52    629.39    721.33
   525.36    807.19    387.42
   323.27    625.12    808.07
   558.18    567.79    636.21
   681.28    465.69    358.77
   191.92    375.25   2248.05
   537.53    552.10    352.48
   659.98    576.23    397.55
   817.99    563.17    441.92
   428.59    616.74    741.41
   744.57    660.64    226.78
   531.95    599.35    458.53
   802.78    478.45    368.52
   556.92    586.59    313.21
   584.99    696.08    433.43
   804.50    609.14    431.70
   537.59    585.27    618.18
   703.87    632.00    354.73
   766.80    580.90    269.64
   473.30    624.59    551.04
   506.16    574.07    393.13
   485.55    622.55    498.18
   505.96    591.75    611.63
   695.10    658.30    228.20
   575.88    605.42    781.32
   427.74    550.79    454.75
   287.00    702.14    572.78
   641.96    587.11    409.20
   704.39    547.11    595.86
   555.71    600.94    397.47
   584.77    414.37    523.03
   548.13    546.76    401.51
   761.85    468.11    389.57
   498.27    587.58    425.21
   647.45    660.10    596.51
   639.05    638.01    525.73
   525.38    541.77    659.14
   504.73    630.75    444.55
   459.79    525.50    659.46
   598.36    602.16    410.91
   516.68    635.65    655.56
   262.66    614.83   1108.02
   665.91    587.95    322.59
   600.39    474.03    563.72
   711.13    536.84    208.23
   349.88    561.42   1215.19
   748.30    462.35    495.97
   431.61    587.12    504.31
   771.72    518.46    403.27
   665.73    633.04    358.63
   735.05    580.19    255.11
   652.20    568.31    288.41
   455.90    558.50    394.29
   579.17    630.79    458.67
   496.58    592.02    642.12
   404.39    487.92   1366.05
   338.51    668.51    904.28
   782.20    632.62    227.61
   433.04    630.79    571.27
   690.88    479.54    579.85
   683.22    597.72    336.82
   303.34    631.12    923.06
   694.87    514.73    454.82
   669.89    552.82    387.22
   854.11    513.46    388.21
   415.67    617.79    750.08
   636.85    649.03    484.03
   442.57    783.63    679.52
   643.72    606.41    428.71
   496.40    588.37    748.92
   361.54    683.70    543.34
   317.72    604.01    761.64
   592.31    628.48    527.82
   735.22    581.65    630.78
   345.67    698.22    696.62
   585.00    607.00    658.24
   741.41    556.87    431.29
   580.18    680.68    459.26
   358.31    674.02    724.93
   534.32    606.08    410.65
   689.57    659.29    493.75
   468.44    656.58    445.04
   224.40    638.59    789.13
   403.32    673.26    731.38
   389.35    566.36    913.34
   509.21    740.12    377.45
   544.24    498.23    608.42
   302.91    598.06    886.54
   421.80    575.38    653.98
   343.94    548.18   1020.83
   761.37    572.59    586.20
   846.10    515.49    391.64
   451.42    652.94    509.98
   578.15    587.28    424.28
   650.60    671.96    381.08
   614.06    461.01    578.84
   541.27    615.84    300.31
   296.43    482.55   1385.07
   298.77    751.22    879.13
   506.67    516.75    741.67
   406.10    638.42    691.87
   770.60    553.42    251.30
   435.96    521.53   1047.08
   659.88    578.40    622.07
   411.28    648.36    306.10
   260.85    567.48    865.68
   755.83    491.71    274.98
   614.52    532.46    475.64
   452.22    611.18    604.83
   282.74    684.76    742.47
   451.85    506.29    627.44
   579.87    471.82    404.98
   891.80    514.69    391.44
   644.04    624.00    350.96
   298.73    752.23    516.48
   536.18    491.12    604.43
   481.67    585.55    448.30
   532.64    718.42    480.67
   460.36    744.34    387.18
   445.18    591.48    625.96
   601.37    659.15    375.46
   625.30    569.88    473.35
   463.08    601.96    696.67
   266.95    633.80    797.73
   272.15    439.70   1530.13
   452.96    638.19    354.76
   572.03    636.61    656.16
   344.86    580.55    992.93
   500.68    589.34    785.16
   582.08    621.75    282.73
   307.88    722.73    797.07
   195.59    489.51    957.54
   789.36    448.22    252.71
   493.49    638.21    317.71
   552.39    536.44    552.77
   357.56    610.38    523.79
   382.63    700.21    549.21
   470.38    507.64    640.20
   708.00    552.98    449.45
   660.17    516.43    325.60
   446.86    616.05    592.10
   584.46    557.64    717.88
   125.78    423.32   2065.10
   529.14    596.33    598.90
   411.10    681.85    480.41
   766.35    503.77    373.93
   412.50    556.56    500.31
   651.57    492.69    235.76
   383.62    566.10    964.06
   305.46    735.08    653.94
   650.04    561.35    390.46
   629.52    473.31    694.99
   494.96    681.35    336.82
   674.67    460.96    756.53
   833.20    479.08    238.24
   635.13    604.42    472.88
   436.72    615.98    582.52
   470.86    692.70    776.26
   660.94    528.14    334.15
   578.92    578.67    761.39
   232.24    679.42   1049.77
   634.67    440.14    370.64
   791.65    544.15    424.18
   357.19    631.64    751.24
   912.05    493.82    399.33
   481.38    445.95    665.47
   420.81    692.65    844.29
   857.56    594.91    260.71
   544.41    525.21    392.03
   515.81    706.47    352.46
   670.99    534.70    500.44
   355.42    667.15    819.26
   299.54    642.19    641.21
   599.21    548.34    663.17
   529.44    483.01    493.01
   598.50    636.82    489.74
   467.73    544.56    682.58
   473.83    560.67    694.25
   607.13    571.96    660.35
   549.27    537.89    920.31
   504.25    630.03    559.37
   551.18    633.82    555.19
   511.18    600.97    364.21
   586.52    536.00    351.85
   802.22    607.90    323.49
   676.99    501.09    250.46
   455.80    618.14    610.54
   829.77    698.81    402.14
   644.02    529.27    410.22
   667.61    509.38    596.06
   691.07    565.34    413.71
   500.32    613.46    734.32
   504.10    645.47    596.07
   573.94    702.79    431.08
   625.64    637.42    496.24
   724.23    451.69    789.83
   267.97    536.27    604.60
   562.01    590.62    697.92
   381.63    514.69    564.45
   436.98    636.67    479.88
   767.89    506.96    278.74
   497.25    519.16    437.54
   525.42    620.47    545.70
   762.94    613.40    265.37
   609.26    608.45    579.29
   640.65    610.55    309.92
   561.74    596.21    266.95
   614.38    623.10    590.06
   420.24    654.68    597.62
   476.81    617.11    652.58
   558.50    600.24    472.03
   526.92    588.38    500.11
   908.17    532.37    211.91
   766.57    473.44    642.57
   442.66    691.60    608.45
   479.31    623.59    711.90
   510.23    675.52    629.69
   620.48    543.47    499.61
   555.14    592.57    718.89
   500.02    629.85    601.25
   140.29    570.16   1308.17
   589.34    573.25    836.77
   540.99    673.97    491.23
   669.63    533.24    461.11
   321.75    723.60    609.17
   328.74    656.88    769.48
   472.31    628.44    758.30
   504.38    466.20    603.71
   660.36    561.90    393.15
   721.72    565.26    352.93
   601.34    513.84    546.25
   551.53    477.82    513.22
   561.87    566.70    358.24
   242.13    362.72   1542.04
   596.10    610.91    501.12
   309.62    586.65    622.74
   669.24    574.38    562.17
   450.06    652.17    500.79
   383.40    533.61    465.74
   485.51    555.84    638.18
   419.79    723.39    507.42
   672.57    592.99    440.59
   461.06    400.40   1053.03
   273.98    702.74   1149.21
   564.97    569.18    532.11
   547.45    553.42    399.93
   652.86    618.06    284.47
   572.53    496.44    573.82
   351.14    601.33    688.87
   679.47    631.44    255.33
   761.74    519.38    733.46
   489.25    482.21    657.88
   665.28    513.25    463.00
   415.93    566.75    650.76
   641.90    599.67    509.66
   349.67    588.27   1337.52
   494.98    522.07   1022.16
   365.44    624.75    599.99
   671.26    556.79    513.19
   707.51    574.00    406.22
   416.41    476.93   1298.20
   245.56    684.66   1159.54
   787.99    596.25    661.67
   770.11    637.47    434.27
   373.42    589.63    580.31
   420.06    616.44    637.17
   441.50    620.75    547.94
   642.62    600.21    546.09
   369.19    585.92   1071.54
   383.19    653.33    556.86
   559.43    499.94    677.36
   638.29    476.76    455.06
   470.15    533.61   1204.66
   615.04    596.39    382.05
   855.79    497.32    473.36
   531.84    590.58    512.26
   655.51    537.77    446.65
   667.08    581.17    749.06
   839.87    441.45    233.64
   550.33    654.05    331.52
   540.88    502.38    855.99
   719.49    510.17    503.66
   527.41    599.03    622.03
   579.42    557.20    334.90
   457.88    626.03    407.83
   394.50    669.02    533.36
   465.44    688.24    469.94
   559.98    611.09    493.24
   794.21    530.52    254.36
   414.55    661.38    766.14
   479.73    610.54    452.81
   551.08    578.77    640.24
   594.22    623.69    400.44
   434.73    756.95    625.34
   700.24    580.95    493.83
   533.16    474.69    927.69
   447.44    502.28   1290.04
   567.80    651.75    673.47
   367.65    544.22    983.40
   648.07    506.38    290.92
   515.70    610.05    408.26
   700.44    561.58    515.53
   455.60    589.36    533.75
   528.93    534.40    980.43
   193.07    595.34   1525.33
   576.00    595.15    442.35
   881.11    550.08    416.07
   724.53    541.18    493.23
   522.47    550.25    428.85
   737.48    553.46    388.41
   825.49    478.07    412.28
   740.42    540.03    204.00
   610.07    536.71    386.90
   646.56    513.93    497.70
   732.86    546.08    454.54
   488.05    638.65   1023.93
   323.06    557.61    951.12
   634.12    600.48    363.49
   477.23    658.68    721.77
   691.93    548.60    519.73
   616.03    600.22    508.36
   560.19    535.81    600.12
   470.59    541.86    919.48
   547.18    622.80    420.16
   620.82    541.66    380.07
   437.91    729.48    669.76
   365.67    521.24    633.49
   517.22    651.09    595.20
   637.89    535.21    369.07
   447.42    623.37    559.04
   539.09    497.80    417.29
   421.41    669.82    637.85
   446.14    634.54    572.27
   770.47    543.99    294.13
   252.35    634.63    707.14
   751.45    554.42    385.32
   695.91    533.76    234.99
   425.51    750.74    433.47
   754.45    612.68    426.59
   361.71    628.28    760.99
   406.01    700.16    899.23
   300.39    587.40   1149.96
   352.41    599.05    593.22
   523.70    635.71    399.70
   747.23    559.52    408.47
   181.92    592.11   1282.95
   213.51    600.67    761.57
   382.99    617.94    595.51
   424.88    571.01    786.90
   608.20    591.57    533.60
   229.67    626.99   1238.65
   561.76    547.80   1005.99
   805.83    446.31    451.12
   421.98    612.66    833.94
   539.19    641.87    384.22
   650.89    572.78    532.76
   292.64    693.08    578.70
   540.30    621.65    491.66
   408.06    556.48    606.35
   969.97    444.67    348.94
   553.40    593.71    442.33
   751.72    565.46    308.86
   772.25    419.20    401.78
   565.99    398.19   1325.80
   422.85    674.17    569.69
   695.90    489.73    362.63
   523.22    600.44    531.79
   583.32    622.03    447.63
   311.89    577.30    906.87
   615.63    538.03    509.84
   769.39    486.66    421.76
   533.86    630.03    335.98
   703.62    613.54    459.35
   619.84    665.68    418.04
   524.70    564.26    787.36
   625.26    484.09    524.79
   608.00    500.23    557.83
   649.43    615.02    446.00
   497.01    582.44    584.18
   536.80    648.23    345.98
   903.48    502.54    617.10
   538.23    544.14    677.58
   863.42    570.89    511.74
   665.83    498.99    485.59
   407.43    537.10    627.36
   490.78    507.52    623.09
   387.90    615.87    550.69
   280.13    676.06    664.31
   289.58    455.46    767.92
   510.81    556.79    359.94
   310.16    666.89    614.52
   730.25    570.85    429.84
   625.58    502.96    350.93
   502.60    640.46    402.97
   609.31    609.21    507.53
   247.69    544.25   1288.52
   347.36    623.07    631.13
   524.31    684.47    642.24
   316.23    634.22    774.90
   437.89    491.70    909.35
   686.98    506.39    226.42
   426.31    544.05    657.36
   345.32    752.40    612.53
   515.23    641.80    568.80
   541.25    537.91    571.92
   485.55    579.26    517.30
   525.38    663.98    892.45
   529.87    627.59    563.75
   471.42    550.82    592.49
   511.51    647.86    501.48
   661.73    556.83    602.88
   556.59    571.97    583.83
   144.49    375.13   1912.76
   827.04    484.78    455.00
   354.34    672.18    763.09
   401.44    567.53    912.16
   678.72    720.15    571.84
   609.83    618.84    630.86
   671.70    693.74    473.45
   730.96    467.64    736.57
   371.49    367.47   1681.60
   423.99    573.27    610.73
   213.64    505.36   1100.27
   514.07    524.56   1012.91
   488.72    606.87    556.53
   813.15    563.88    585.29
   653.30    579.54    539.87
   597.08    616.28    537.06
   386.90    671.40    559.84
   416.02    543.92    516.78
   458.40    702.41    417.84
   531.63    667.02    551.22
   436.71    555.75    936.77
   574.05    685.86    592.24
   332.66    674.91    610.17
   282.23    604.44    717.76
   776.15    603.84    476.92
   592.80    648.32    652.15
   922.43    529.74    224.17
   456.95    533.79    502.94
   438.16    571.15    744.79
   824.56    518.87    471.75
   317.46    608.22    685.81
   711.60    510.07    427.46
   640.81    558.39    743.01
   839.33    564.76    279.68
   333.52    739.22    454.97
   325.60    604.88    585.71
   577.54    645.10    520.70
   231.14    637.45    799.20
   623.97    519.92    446.65
   667.72    507.37    790.95
   702.66    618.26    365.95
   733.48    532.71    555.31
   490.43    491.09    829.52
   591.85    528.77    327.58
   534.37    530.42    667.60
   386.87    547.05    639.21
   591.88    514.79    566.56
   502.99    669.03    717.67
   691.07    471.49    479.02
   567.27    524.77    820.20
   685.96    428.29    409.74
   498.95    555.88    673.42
   249.40    609.24   1007.58
   726.46    483.31    776.09
   729.71    622.74    309.35
   555.21    595.09    482.15
   844.08    548.65    337.42
   835.83    440.92    637.54
   728.78    401.09    441.63
   816.95    520.40    577.38
   649.82    506.60    548.13
   734.62    536.24    229.05
   304.07    433.29   1525.99
   566.00    560.59    375.06
   426.31    621.17    676.80
   792.68    603.75    326.15
   359.47    540.24    570.43
   325.61    655.64    603.54
   194.33    562.46   1479.36
   792.08    461.72    861.12
   439.00    716.03    788.01
   458.24    555.74    808.49
   623.14    669.22    421.29
   645.03    547.00    451.14
   458.63    531.80    747.42
   575.91    588.91    542.60
   726.43    530.99    348.40
   410.42    583.03    678.70
   369.42    540.38    511.43
   626.74    513.92    340.59
   471.72    620.19    387.25
   779.46    462.12    306.82
   771.42    676.79    423.10
   494.11    665.59    452.75
   441.67    655.40    558.94
   492.78    511.63    648.24
   328.76    607.37   1034.24
   643.91    593.50    235.75
   390.21    520.69    914.11
   303.63    725.97    745.56
   733.00    485.36    359.33
   531.37    540.92    653.57
   448.67    540.76   1014.52
   764.52    484.04    388.07
   472.83    746.31    487.13
   714.95    626.38    401.23
   821.63    612.19    319.31
   383.55    587.53   1044.42
   563.01    605.47    449.84
   594.74    536.69    501.39
   775.10    529.22    419.58
   708.37    477.57    465.31
   447.01    565.98    346.44
   633.19    547.57    436.12
   629.30    618.70    722.88
   633.37    572.71    262.11
   451.36    584.39    955.93
   304.73    666.11    556.59
   385.67    536.00    557.63
   505.74    542.92    458.27
   423.81    567.16    582.05
   617.28    582.90    844.88
   475.81    469.03    724.27
   637.66    580.12    293.00
   594.31    583.73    478.16
   709.49    527.68    453.34
   315.76    505.47   1262.98
   580.94    560.19    325.18
   568.46    519.22    395.03
   447.49    637.93    593.23
   632.20    604.58    346.88
  1070.57    478.67    305.46
   560.69    590.13    436.37
   493.89    625.62    594.92
   612.30    593.97    323.10
   435.87    570.54    773.37
   819.94    563.57    523.10
   739.86    530.66    423.07
   321.06    675.60    595.51
   715.54    525.81    472.89
   479.94    662.09    576.89
   519.66    574.87    476.57
   525.96    682.95    649.24
   436.33    585.80    525.29
   560.90    635.37    916.23
   389.68    532.76    885.63
   787.83    470.81    299.18
   426.05    537.72   1140.56
   252.88    656.79    714.50
   580.90    648.63    519.45
   553.62    623.82    324.67
   756.62    548.61    340.20
   452.55    551.58    951.06
   447.02    601.77    552.27
   596.99    584.31    544.19
   506.75    592.71    561.74
   697.80    426.20    437.88
   411.84    750.22    384.85
   526.01    679.76    471.32
   574.63    640.46    613.86
   442.40    572.87    508.78
   730.37    512.86    254.37
   466.16    473.90    783.87
   235.33    620.10    973.90
   652.98    615.02    330.57
   519.96    530.87    751.88
   454.11    559.83    904.95
   728.71    541.42    439.43
   691.90    482.90    304.84
   365.64    629.91    735.70
   855.82    501.93    370.03
   643.52    592.35    389.45
   590.99    407.04   1053.51
   508.96    648.51    638.30
   620.92    509.85    369.19
   521.12    537.32    475.30
   535.74    569.75    388.38
   483.46    584.01    539.61
   548.71    545.99    405.43
   425.87    581.17    820.04
   719.29    570.06    350.63
   521.91    610.09    593.93
   700.87    547.81    371.45
   661.00    552.37    629.31
   546.36    538.92    761.63
   407.46    389.33   1487.80
   512.57    583.72    268.87
   349.19    629.21    676.60
   597.06    555.49    470.81
   780.73    537.46    397.60
   882.85    513.96    390.14
   383.20    594.18    370.63
   570.74    532.54    628.42
   282.28    663.34    765.68
   498.18    708.39    400.11
   517.57    663.49    461.30
   720.00    566.96    488.39
   626.41    571.90    634.83
   375.25    529.41    790.24
   640.52    524.53    489.37
   160.02    757.99    853.60
   844.17    524.53    448.71
   764.39    489.09    547.28
   209.22    572.63   1079.05
   260.53    684.39    913.34
   472.03    522.14    725.77
   456.86    653.61    512.26
   474.03    661.56    554.77
   626.10    518.77    494.57
   548.36    639.07    468.08
   604.09    611.48    518.08
   459.10    595.41    454.55
   329.79    649.58    712.97
   300.95    570.64    731.41
   639.35    611.67    792.72
   580.03    636.46    474.50
   609.70    608.31    341.27
   553.25    575.16    918.89
   578.10    543.46    572.15
   773.36    471.26    315.58
   277.18    603.45    820.19
   561.55    485.96   1174.26
   817.28    614.07    380.96
   409.81    719.38    575.29
   764.83    597.17    383.33
   417.24    497.54   1007.12
   686.28    577.49    436.98
   639.33    600.52    389.92
   673.53    495.55    406.27
   520.30    549.03    571.96
   447.93    602.45    421.10
   540.47    570.26    449.24
   333.59    664.41    644.54
   554.14    639.64    532.51
   747.54    536.68    494.84
   242.51    698.15    885.26
   423.89    659.32    719.36
   717.56    456.49    238.46
   514.96    563.99    430.34
   913.60    557.47    218.11
   939.49    430.44    460.38
   908.92    514.63    350.62
   771.19    611.31    318.46
   697.96    479.28    335.57
   331.47    528.81   1145.97
   613.99    686.43    414.65
   472.85    638.16    720.36
   261.82    678.90    793.71
   360.41    658.05    710.34
   214.40    454.34   1720.11
   546.75    623.31    522.97
   459.22    553.41    716.07
   671.80    460.96    129.62
   467.16    561.15    447.88
   511.05    630.93    567.51
   407.68    706.85    395.68
   558.85    655.41    771.91
   383.47    508.48   1113.72
   544.66    597.99    610.53
   984.61    439.90    140.32
   764.84    675.27    194.48
   268.36    423.81   1651.01
   456.55    564.41    624.68
    91.52    610.49   1183.67
   723.45    578.96    427.14
   586.52    575.59    601.59
   541.24    726.21    316.87
   520.93    608.58    421.37
   373.83    662.84    511.94
   588.68    652.17    467.19
   264.09    667.99    717.87
   517.04    582.45    274.21
   707.28    540.74    388.53
   682.15    550.35    504.15
   418.59    638.55    614.83
   408.39    649.07    517.78
   270.35    699.08    899.95
   173.74    607.19    821.16
   381.72    535.01   1015.57
   626.55    539.58    318.09
   535.83    487.03    538.63
   314.07    617.45    798.03
   548.90    566.73    622.61
   621.70    572.61    476.39
   486.43    573.17    884.30
   810.58    474.95    420.58
   177.40    689.13    519.83
   523.04    549.37    407.72
   514.41    622.83    359.88
   465.00    706.80    502.35
   680.86    611.09    301.86
   575.06    612.86    309.95
   430.34    626.65    700.52
   378.18    718.37    691.43
   481.73    608.21    768.53
   571.14    573.64    546.17
   654.03    556.02    452.00
   540.21    461.56    866.42
   384.06    621.15    462.41
   612.64    511.61    543.83
   565.35    426.55    641.19
   723.63    569.60    420.51
   427.74    705.33    403.40
   672.08    489.76    291.13
   487.02    675.44    635.54
   747.33    557.22    451.03
   649.36    584.66    298.55
   664.42    624.12    446.49
   718.67    537.97    225.64
   568.45    542.46    672.84
   583.96    622.29    310.36
   653.51    623.53    443.96
   616.35    577.74    425.55
   558.04    544.16   1006.76
   251.46    653.33   1210.90
   621.17    593.14    666.55
   533.63    623.39    548.78
   407.56    650.64    623.63
   658.57    486.54    652.54
   836.64    452.78    292.09
   541.69    549.76    379.39
   448.48    594.52    590.77
   586.48    537.69    287.81
   445.40    599.86    285.12
   478.73    549.46   1176.01
   539.51    673.81    380.61
   639.96    416.49    822.27
   844.37    479.54    238.79
   388.72    645.23    860.59
   255.69    577.26    806.87
   415.80    625.10    353.92
   560.54    530.47    370.44
   372.05    613.71    734.08
   172.14    664.05    881.08
   111.98    462.02   2005.92
   551.29    588.97    739.30
   466.37    691.34    401.85
   571.44    548.72    687.30
   751.08    547.85    661.92
   693.01    560.91    246.18
   416.01    678.11    831.35
   541.43    598.92    414.92
   667.14    572.62    264.69
   284.06    531.35   1312.76
   594.08    677.06    468.84
   438.72    644.06    617.75
   487.73    615.05    483.52
   317.73    667.64    615.96
   633.78    571.93    659.49
   558.27    642.91    297.74
   669.89    614.32    528.48
   594.20    663.16    448.15
   574.14    608.08    417.44
   503.05    546.44    428.93
   696.85    514.85    486.35
   293.67    649.31    803.51
   299.61    705.57    786.79
   363.72    584.35   1059.27
   916.20    531.33    270.72
   623.29    680.37    316.28
   414.68    689.74    603.60
   520.72    637.20    459.50
   488.22    683.35    412.72
   574.91    567.34    394.48
   286.05    715.12    542.47
   583.73    536.94    554.26
   599.29    513.60   1002.02
   647.95    554.62    734.94
   592.65    544.48    344.33
   696.72    531.65    336.59
   476.34    555.30    921.71
   364.48    733.97    394.23
   664.35    523.83    441.72
   539.48    608.76    674.59
   629.87    554.83    353.95
   280.04    736.62    916.44
   647.38    534.04    344.08
   458.17    645.91    544.98
   928.93    532.50    395.05
   483.68    677.63    668.81
   460.77    689.31    462.30
   765.50    659.73    171.09
   488.28    474.30    613.95
   922.05    462.83    424.78
   833.23    671.74    410.18
   569.75    660.04    482.81
   620.24    504.09    485.59
   625.42    575.36    358.17
   586.31    625.44    470.96
   565.18    629.00    591.23
   346.39    643.02    583.34
   584.48    495.02    520.44
   692.47    481.91    469.64
   426.97    708.09    490.39
   861.89    547.49    288.93
   566.06    572.66    387.81
   418.09    604.78    637.22
   751.73    511.00    779.82
   677.52    579.95    501.16
   375.97    566.20    433.90
   311.66    706.60    568.55
   414.28    597.10    636.56
   295.17    694.17    534.72
   461.08    462.41    872.29
   379.96    659.00    727.62
   366.50    750.93    602.72
   334.91    662.85    503.89
   622.64    551.88    418.78
   445.42    704.77    574.02
   317.79    591.11   1020.15
   615.81    551.56    470.15
   411.18    610.64    612.11
   679.59    503.67    549.58
   618.39    453.19    986.95
   465.51    616.30    752.96
   402.03    682.62    534.42
   356.58    666.61   1015.03
   467.50    541.48    822.05
   251.06    554.67   1176.40
   460.63    491.55    880.95
   720.22    574.80    538.24
   366.93    684.97    725.99
   673.26    509.90    484.59
   458.25    531.23   1099.74
   327.63    697.81    686.72
   651.23    498.24    349.53
   338.13    742.70    571.28
   447.50    539.72    870.46
   552.11    518.01    462.62
   367.33    554.44   1052.68
   538.50    626.88    457.21
   549.23    662.73    590.39
   433.37    605.89    892.55
   713.82    559.99    513.70
   282.40    724.05    320.31
   408.24    499.62    942.07
   743.87    612.08    417.55
   434.98    525.14    662.18
   505.49    535.01    561.78
   356.73    579.59    507.05
   512.57    558.43    818.17
   266.98    656.98    613.45
   656.64    685.76    587.37
   746.80    520.53    373.83
   483.27    625.25    926.54
   563.98    466.69    471.97
   381.47    587.93    698.14
   379.32    636.05   1174.35
   547.72    599.83    511.08
   464.35    574.22    826.21
   388.48    568.31    992.66
   396.47    615.98    440.14
   444.56    619.75    597.75
   456.32    694.25    731.76
   756.54    547.98    638.44
   689.72    576.30    341.49
   823.13    498.15    482.04
   896.88    458.34    353.29
   632.81    800.94    360.04
   454.86    617.17    410.97
   337.54    650.77    416.55
   504.64    577.48    808.24
   730.99    513.88    236.19
   798.69    450.34    447.94
   322.11    627.61    897.65
   528.27    693.93    669.66
   495.44    650.45    294.13
   229.98    592.86   1360.32
   460.30    651.59    502.22
   543.08    608.63    330.78
   574.08    602.76    465.20
   584.55    569.78    488.32
   521.41    619.75    496.62
   973.03    520.82    168.43
   409.83    671.85    611.36
   323.69    514.21    965.96
   679.31    519.92    340.88
   477.03    573.76    763.75
   593.42    506.65    449.36
   602.89    538.35    716.08
   562.38    665.23    465.66
   654.81    478.55    599.76
   517.89    546.06    587.32
   480.75    556.44    767.25
   309.49    669.07    586.41
   549.13    626.27    610.31
   478.58    642.73    560.50
   725.56    514.15    320.72
   599.76    588.71    494.90
   708.84    528.92    568.92
   387.05    651.28    529.42
   492.39    645.79    666.25
   560.49    647.83    471.43
   554.23    584.30    498.33
   503.25    687.07    696.49
   693.86    447.65    465.37
   707.05    489.84    417.18
   630.97    586.73    500.74
   756.87    627.79    477.35
   521.91    656.34    570.67
   609.28    439.91    965.04
   670.05    533.59    543.09
   254.85    576.82   1209.53
   486.35    638.22    395.26
   620.34    556.09    860.76
   518.74    582.23    871.36
   365.18    522.26    762.24
   891.21    434.76    185.02
   487.62    549.08    727.98
   586.52    557.93    556.50
   541.36    556.47    472.80
   680.31    469.43    958.65
   441.49    643.11    362.30
   639.85    558.98    418.11
   432.66    623.53    650.74
   542.55    581.21    879.83
   558.17    516.37    595.14
   182.38    602.75   1551.64
   494.82    578.70    799.31
   717.73    507.14    517.34
   708.06    562.61    434.34
   694.07    615.25    518.38
   754.15    518.90    400.00
   338.96    721.87    509.58
   500.96    733.67    462.80
   416.91    599.02    649.26
   616.47    545.19    551.15
   624.47    641.78    516.68
   207.29    543.96   1588.83
   547.21    577.56    712.45
   515.13    589.22    394.66
   389.59    650.43    539.02
   364.15    525.58   1335.38
   663.55    570.23    463.53
   644.15    452.74    307.68
   439.00    677.16    412.51
   514.26    552.25    284.43
   517.70    560.98    733.80
   445.40    462.21    652.43
   627.52    512.71    472.33
   280.86    643.54    524.07
   484.38    616.86   1068.42
   465.45    662.71    729.06
   589.27    611.32    548.21
   808.33    471.23    312.42
   310.18    673.61   1105.85
   152.54    679.78   1022.68
   559.73    459.42    357.97
   685.87    522.42    368.56
   653.39    598.50    518.81
   430.26    569.14    756.39
   714.84    684.46    483.04
   348.45    709.98    570.79
   470.45    482.26    460.23
   595.54    544.49    659.02
   218.91    554.94    808.66
   409.38    562.71    771.36
   988.87    432.26    306.25
   530.61    652.35    701.09
   927.71    577.00    296.67
   783.87    523.17    351.12
   822.37    514.07    311.75
   534.40    592.46    383.93
   281.79    686.37    418.17
   505.47    605.99    421.24
   677.60    604.57    521.32
   622.88    620.53    479.79
   672.01    591.50    424.08
   540.86    610.27    495.82
   498.75    601.01    495.31
   448.14    583.76    621.53
   636.87    665.04    311.46
   529.77    665.73    572.71
   471.80    582.54    716.99
   508.59    575.43    757.63
   896.31    532.47    315.71
   450.40    631.99    421.43
   692.14    513.40    581.44
   644.09    541.32    613.64
   625.12    532.57    333.86
   612.74    478.70    699.16
   612.09    545.73    534.27
   434.62    589.66    527.10
   686.91    647.39    485.96
   401.02    522.34    760.71
   618.76    615.53    465.97
   671.51    579.52    353.90
   573.58    559.18    612.02
   579.73    596.67    487.09
   311.93    508.66   1458.66
   351.61    621.80    608.43
   601.82    612.09    352.34
   620.02    613.14    624.88
   447.62    531.28    579.30
   653.93    610.84    349.24
   811.43    456.87    528.92
   786.30    486.76    454.81
   693.36    667.62    221.92
   341.19    540.33    890.14
   388.50    708.85    434.47
   474.79    632.44    538.56
   693.95    572.32    794.52
   406.46    679.84    492.39
   901.22    423.77    349.66
   427.77    590.29    801.56
   460.85    762.33    622.28
   304.83    645.89    654.52
   466.67    654.72    472.08
   379.69    588.08    472.78
   208.31    675.61    732.58
   535.42    582.80    355.31
   611.69    641.79    208.98
   402.80    600.09    786.89
   469.91    563.32    593.10
   582.73    495.73    582.56
   640.54    497.32    898.72
   712.65    548.14    558.14
   592.36    630.54    292.14
   524.54    648.62    475.87
   411.16    512.11    767.79
   262.24    601.35   1111.15
   340.68    595.48    925.28
   365.83    663.13    680.60
   471.08    582.32    326.47
   518.16    594.58    718.54
   323.89    548.63    798.58
   453.43    541.24    438.97
   729.41    527.64    539.09
   633.52    592.73    705.29
   556.57    557.68    735.72
   530.14    606.43    691.51
   615.12    565.32    559.51
   658.19    654.74    401.46
   226.77    600.57    595.67
   729.18    453.75    605.45
   610.10    586.00    450.13
   451.19    558.14    698.20
   557.22    600.10    755.29
   481.57    441.39    953.09
   417.53    582.66    419.34
   645.83    500.00    281.62
   539.11    573.03    390.26
   314.63    615.12    727.05
   611.14    701.63    667.47
   283.09    492.88   1294.74
   594.80    554.39    361.69
   428.80    637.72    384.23
   742.44    583.08    359.57
   415.01    644.84    670.61
   629.59    579.41    445.13
   619.17    629.90    383.95
   349.62    824.95    685.59
   353.70    520.15   1101.07
   549.70    518.28    640.93
   719.59    652.21    359.68
   849.83    605.28    162.69
   678.07    556.62    415.18
   558.75    483.54    790.07
   420.78    642.77    405.38
   792.42    464.64    347.61
   744.41    554.64    319.09
   589.41    587.05    498.45
   678.71    533.10    589.12
   402.45    648.01    393.29
   614.54    569.88    522.27
   553.95    733.09    467.87
   499.36    649.38    596.42
   828.65    552.93    454.26
   804.82    438.86    162.42
   643.21    619.42    458.33
   524.99    582.43    563.04
   318.43    699.86    653.17
   318.32    646.25    640.75
   543.57    621.06    388.74
   415.90    603.93    433.12
   585.86    635.18    379.28
   332.12    611.54    499.95
   462.47    629.10    517.49
   397.44    658.23    513.01
   628.06    478.26    608.59
   653.30    495.99   1086.95
   393.99    745.76    505.60
   525.62    545.30    653.59
   440.99    625.26    549.91
   588.93    518.59    448.14
   696.11    557.77    306.59
   556.88    588.21    898.37
   583.29    598.23    578.53
   646.68    545.85    395.35
   421.12    439.52   1522.83
   530.50    630.58    392.26
   878.77    524.40    508.54
   449.83    424.51   1380.02
   407.82    702.55    541.24
   741.46    512.95    283.77
   685.56    589.71    543.45
   565.34    667.35    622.10
   808.43    519.06    265.74
   354.09    687.16    779.59
   477.47    699.71    708.68
   334.53    600.17    617.84
   463.08    633.68    781.15
   561.99    610.86    561.59
   762.92    503.57    330.26
   771.50    478.13    307.81
   650.34    568.18    436.92
   923.78    415.54    369.84
   532.72    662.51    414.06
   519.20    552.40    760.27
   541.28    535.06    446.67
   154.91    490.33   1599.82
   298.93    635.55   1002.65
   755.67    553.74    352.96
   545.36    417.90    902.78
   710.93    562.33    556.66
   376.53    581.73    656.43
   172.28    692.32    898.97
   311.67    585.71    635.26
   783.91    530.62    580.58
   845.97    488.74    363.51
   473.31    688.30    692.83
   601.52    631.53    373.29
   689.47    543.14    537.03
   376.28    642.78    495.00
   744.53    656.90    479.52
   475.02    462.56   1083.19
   544.49    560.60    523.47
   558.97    485.60    809.89
  1085.78    508.48    336.54
   611.70    592.87    561.26
   596.67    606.26    367.12
   578.05    520.71    532.53
   390.90    532.12    597.68
   729.57    527.35    232.30
   561.00    635.58    495.74
   371.57    567.53    976.90
   789.70    498.23    344.87
   647.37    589.61    475.48
   779.27    667.76    426.27
   242.23    576.13   1372.75
   633.44    566.48    237.47
   504.66    588.40    545.80
   591.55    465.98    296.49
   774.94    492.82    350.68
   897.67    468.58    325.15
   367.63    700.87    560.24
   288.56    599.05    926.31
   601.13    582.84    441.71
   417.32    540.45    536.51
   594.18    653.35    462.02
   428.62    511.94    593.95
   556.36    720.48    490.80
   435.42    600.85    339.50
   448.81    785.12    581.02
   533.84    629.51    609.68
   641.64    645.57    372.56
   483.70    645.50    271.52
   523.75    629.84    376.25
   523.10    594.24    992.62
   656.62    530.44    439.99
   480.32    580.41    767.76
   405.18    558.00    676.29
   512.40    620.91    718.25
   578.19    584.07    524.44
   406.91    625.89    631.28
   578.20    582.86    461.17
   501.30    567.95    423.61
   660.06    452.36    758.48
   479.84    575.62    306.45
   535.81    571.45    514.93
   415.90    592.46    674.66
   489.00    538.68    374.07
   604.85    663.84    394.45
   724.51    607.60    569.24
   411.98    683.00    689.34
   451.71    589.87    602.75
   496.66    578.22    576.44
   421.08    649.14    513.07
   771.28    658.57    488.17
   445.51    475.57   1326.99
   643.98    567.93    501.24
   660.55    559.42    597.00
   349.63    655.14    480.60
   463.00    671.42    475.31
   174.86    625.00   1325.82
   536.74    701.54    436.68
   471.74    578.46    597.77
   660.77    617.34    239.74
   384.59    798.72    587.30
   496.46    581.26    655.93
   761.12    507.68    407.15
   867.85    470.95    488.74
   399.49    550.40    645.60
   824.96    570.23    639.05
   394.27    556.12    745.81
   795.33    530.59    204.73
   625.16    565.00    539.68
   706.73    570.13    456.74
   351.06    770.62    448.17
   460.97    503.95    816.17
   415.70    635.86    576.81
   539.95    550.92    433.32
   618.42    599.81    368.27
   337.32    629.15    686.47
   675.21    536.51    209.31
   736.89    547.32    539.33
   680.70    476.30    376.29
   545.40    677.77    672.88
   458.53    534.65   1045.67
    98.95    617.70   1393.31
   176.13    477.75   1775.88
   571.77    571.67    270.22
   633.78    489.28    422.50
   630.94    538.76    577.58
   415.80    609.97    732.55
   402.19    628.62    597.03
   599.49    524.78    337.59
   787.56    521.00    476.81
   366.40    573.51    696.23
   565.23    482.10    269.72
   395.64    672.29    623.40
   620.45    540.61    439.36
   304.66    679.47   1083.41
   848.92    517.01    374.29
   542.04    698.26    450.32
   583.10    563.86    519.08
   316.28    721.19    754.83
   442.57    439.51   1233.51
   755.47    530.89    363.95
   768.68    502.29    292.75
   579.69    557.95    545.55
   596.51    587.44    506.53
    93.77    672.07   1261.24
   403.67    682.12    494.85
   328.47    452.64   1380.16
   882.84    587.52    217.41
   469.30    487.47   1170.81
   753.78    561.19    497.89
   668.44    561.02    372.15
   761.53    564.93    367.52
   423.86    557.65    835.82
   634.56    490.84    304.51
   728.64    519.80    396.26
   627.50    670.48    546.87
   772.58    519.37    311.65
   558.58    599.56    574.57
   563.70    541.49    596.05
   165.55    556.68   1312.99
   418.58    683.25   1031.07
   357.01    617.44    693.44
   720.93    444.68    391.09
   475.12    500.75    890.67
   329.82    638.58    874.66
   733.99    584.75    347.61
   536.80    559.51    440.19
   978.06    503.63    425.05
   439.02    558.58    871.20
   542.05    584.34    402.67
   569.63    603.54    227.35
   752.98    622.72    344.83
   693.90    552.37    381.63
   549.07    597.81    397.86
   348.47    639.54    336.11
   239.89    618.20    984.80
   660.98    476.38    530.00
   555.01    583.95    411.92
   624.32    465.94    668.73
   626.83    598.16    622.83
   470.97    629.94    573.46
   421.20    565.00   1297.64
   613.94    556.23    265.34
   502.18    595.42   1061.48
   496.41    533.90    507.40
   669.64    541.57    436.89
   644.75    470.37    655.57
   228.48    515.36   1278.11
   534.81    620.00    476.34
   474.70    703.59    330.58
   354.90    521.64    727.75
   641.48    529.09    508.41
   815.00    511.54    312.68
   540.80    576.14    531.19
   723.38    536.28    195.79
   600.38    640.71    835.72
   351.35    722.12    282.97
   475.67    644.60    637.15
   777.98    483.52    853.97
   730.51    634.25    541.39
   507.00    657.88    708.10
   631.92    494.17    556.88
   685.55    569.68    578.24
   424.08    729.34    784.98
   529.64    558.55    415.88
   234.31    523.63   1231.05
   110.86    642.25   1275.34
   654.86    522.62    442.97
   670.70    527.61    633.59
   663.12    511.32    445.71
   375.05    618.60   1252.65
   540.97    684.48    438.66
   495.21    503.34    586.14
   645.80    600.34    266.40
   537.11    526.79    672.84
   744.26    549.32    226.32
   748.20    536.78    385.21
   362.44    659.51    676.88
   530.10    478.14    541.92
   529.98    529.14    421.52
   424.96    508.89   1205.02
   404.96    640.32    500.72
   351.59    620.26    621.15
   672.13    601.41    597.16
   678.47    486.37    394.23
   231.20    636.09    944.06
   727.55    573.67    218.57
   397.94    625.95    697.35
   451.54    544.55    511.71
   487.77    694.16    422.67
   423.49    685.11    611.51
   443.08    510.19    783.25
   369.83    617.56    824.37
   442.07    736.83    381.50
   772.43    646.72    488.03
   557.21    512.85    936.81
   388.87    599.93    472.30
   462.34    543.64    831.78
   467.84    627.99    692.02
   301.57    561.06    926.34
   663.22    490.95    381.30
   531.02    661.75    652.64
   282.30    658.19    672.66
   413.01    605.94    521.31
   376.55    660.19    518.80
   725.70    557.87    444.61
   666.81    554.32    317.59
   585.77    530.20    480.09
   644.94    598.99    538.13
   697.32    494.50    671.54
   877.00    465.38    348.71
   579.09    645.20    658.95
   536.45    557.40    629.54
   654.76    537.17    305.18
   508.03    579.50    527.53
   385.72    586.59    564.91
   490.72    561.09    736.52
   251.77    680.97    717.70
   288.93    681.47    838.30
   736.89    573.81    706.86
   238.95    630.63    920.44
   405.78    724.06    487.51
   781.41    556.55    361.25
   551.53    611.74    298.87
   712.83    551.32    321.27
   703.25    579.89    351.79
   510.45    475.34    736.54
   708.76    554.37    478.13
   668.88    549.94    309.73
   442.12    627.84    678.80
   261.66    736.10   1233.78
   587.73    729.19    693.05
   292.46    674.55    640.16
   350.46    633.90    838.41
   583.99    565.46    549.51
   438.73    658.98    492.07
   718.62    528.75    336.85
   688.87    582.62    446.04
   190.39    675.02   1122.88
   727.49    509.56    250.33
   494.12    645.37    304.56
   491.97    521.67    586.43
   471.90    697.47    532.18
   552.23    611.69    701.09
    66.79    574.23   1233.54
   193.99    664.98    782.15
   539.50    558.44    767.92
   501.26    595.44    389.97
   661.07    589.79    310.69
   486.04    655.50    317.95
   663.56    590.74    512.44
   600.91    355.10    796.60
   753.82    487.17    529.66
   446.91    665.85    420.03
   542.51    641.02    602.21
   347.14    619.30    866.59
   568.35    653.06    457.79
   697.28    612.67    213.51
   537.11    564.72    851.12
   335.72    725.07    470.48
   387.84    633.63    547.45
   271.29    553.28   1355.34
   476.11    649.95    342.16
   725.90    564.99    167.31
   275.40    621.04    671.40
   561.49    591.57    755.46
   643.30    479.67    646.90
   691.26    547.65    631.28
   676.24    572.10    385.49
   288.53    549.72   1383.75
   615.20    524.66    524.88
   622.30    668.64    557.44
   551.28    426.74    424.72
   662.10    616.44    461.89
   639.44    536.09    442.34
   302.21    649.18    552.83
   522.70    609.51    501.90
   505.96    609.48    705.99
   825.76    518.18    419.40
   434.64    579.63    837.04
   618.19    651.44    363.07
   463.73    583.75    689.77
   668.82    657.98    222.25
  1013.56    494.70    188.14
   428.04    576.04    719.59
   877.27    519.33    257.34
   433.34    732.75    602.93
   885.16    644.33    348.73
   513.70    502.28    476.36
   552.85    550.96    434.92
   540.09    608.71    443.64
   757.73    535.19    383.95
   270.34    674.21    821.08
   579.88    597.76    423.78
   277.69    608.42    704.08
   373.96    525.43    924.13
   606.50    557.26    420.86
   630.91    563.36    314.79
   611.17    676.86    328.44
   491.14    567.95    428.73
   989.29    429.81    327.12
   570.25    532.84    393.42
   364.29    608.17    739.43
    75.68    713.10    950.84
   303.98    603.42    754.24
   321.78    613.78    936.00
   837.33    510.37    414.04
   664.64    538.12    822.60
   413.91    647.89    723.47
   424.68    612.80    653.11
   849.28    600.46    376.23
   533.93    645.22    313.98
   912.33    592.08    416.94
   663.76    645.16    414.97
   691.70    602.04    715.14
   877.09    519.24    360.81
   618.69    540.69    354.25
   437.05    524.63    759.75
   518.21    568.22    587.55
   308.97    630.87    336.65
   376.95    613.85    692.12
   374.08    749.77    530.61
   762.54    370.76    483.15
   394.49    570.24    776.45
   450.05    585.66    591.34
   589.83    526.53    426.98
   264.16    563.25   1559.08
   408.74    637.62    701.94
   541.45    554.67    553.63
   527.63    690.81    457.87
   881.00    602.43    334.37
   700.92    641.71    461.91
   656.04    613.46    400.65
   625.86    606.34    259.14
   508.94    612.19    495.11
   572.23    705.84    489.75
   484.38    470.88    686.34
   589.18    509.87    800.13
   594.59    620.29    496.89
   416.25    673.10    268.68
   624.39    537.50    453.56
   593.29    529.32    749.60
   666.86    602.23    518.77
   464.42    512.34    607.55
   725.89    522.83    440.09
   777.22    560.75    652.81
   391.96    633.49    803.81
   444.28    425.98    965.42
   559.08    620.15    621.63
   470.49    629.82    653.98
   357.59    546.21    902.87
   731.95    470.10    576.42
   549.97    514.88    509.99
   680.75    473.57    342.66
   886.04    504.75    318.54
   433.36    664.15    452.43
   754.40    529.07    234.51
   689.83    528.71    476.70
   507.01    626.98    322.57
   457.62    541.22    648.45
   461.94    551.28    574.38
   745.06    504.41    227.05
   508.49    717.73    452.77
   666.21    534.72    266.33
   200.85    673.78   1110.16
   669.33    553.24    474.56
   646.01    538.98    538.12
   182.55    632.63    900.27
   476.50    652.32    751.48
   533.97    614.12    397.68
   624.38    558.04    531.02
   318.83    568.53   1089.98
   684.77    569.26    562.61
   546.75    583.75    821.14
   439.54    593.38    756.93
   407.99    568.79    625.73
   297.15    667.07    669.43
   517.59    612.87    718.83
   520.93    591.95    661.06
   427.60    643.20    935.58
   332.21    715.62    758.20
   611.13    631.34    511.40
   604.20    647.55    476.51
   706.01    637.75    357.51
   795.22    495.62    322.81
   488.06    589.83    594.15
   852.44    522.71    371.53
   310.90    700.50    857.46
   794.21    627.60    450.05
   663.06    544.03    443.98
   354.97    548.62    982.36
   448.37    635.02    371.58
   563.28    693.79    539.71
   670.59    462.39    594.79
   492.71    588.09    375.10
   532.90    535.70    723.90
   574.36    624.51    458.40
   459.28    602.45    691.77
   731.13    575.32    501.24
   200.51    555.67   1061.84
   843.19    577.40    322.04
   577.65    598.15    347.22
   517.38    445.77   1207.15
   630.24    533.25    372.18
   845.19    477.72    347.71
   397.36    549.41    896.85
   732.95    512.03    407.26
   621.55    511.38    493.79
   687.07    622.81    362.36
   993.83    410.69    270.17
   347.21    565.06   1209.31
   511.88    594.65    693.28
   560.68    677.32    367.45
   294.89    649.68    365.36
   652.38    561.60    375.60
   499.64    542.99    606.50
   746.27    519.18    403.47
   484.28    557.13    725.96
   586.22    508.15    613.84
   473.60    635.00    663.52
   759.85    498.00    401.09
   555.67    682.15    535.95
   379.24    591.29    358.86
   223.51    756.30   1379.09
   546.19    604.79    736.59
   533.82    598.18    307.38
   561.59    608.22    554.25
   642.27    520.88    512.11
   529.16    571.92    642.19
   319.33    606.19   1070.55
   735.12    495.01    192.73
   552.65    491.07    779.26
   563.50    688.30    644.03
   439.19    614.91    501.34
   645.74    536.10    349.14
   209.74    539.31    867.42
   585.64    550.52    447.55
   367.84    680.05    929.76
   579.00    642.77    476.44
   633.51    559.38    375.70
   557.49    577.19    567.96
   673.96    530.66    344.27
   566.15    546.49    748.62
   300.01    539.48   1079.05
   274.39    628.83    810.90
   689.99    479.63    695.94
   290.51    688.60    943.22
   765.92    464.85    404.06
   624.93    556.62    338.40
   591.05    633.57    420.43
   544.93    633.74    529.27
   464.95    545.17    799.17
   160.94    713.68   1097.13
   418.90    690.36    660.76
   576.13    572.54    407.10
   345.42    657.30    523.88
   389.75    627.64    642.37
   510.33    605.96    363.87
   270.12    589.47    448.91
   578.17    545.72   1321.53
   965.88    528.85    376.33
   538.36    554.72    475.58
   386.77    804.07    370.49
   431.21    705.26    668.34
   379.43    603.09    759.88
   755.53    613.39    741.31
   483.06    645.52    776.17
   670.43    540.83    593.57
   574.53    654.07    565.72
   365.11    456.97   1344.77
   471.44    520.59   1394.37
   739.59    444.71    597.25
   338.77    484.36   1024.94
   661.49    611.50    564.13
   708.06    624.63    422.83
   846.79    576.88    227.60
   475.38    670.38    453.32
   436.98    702.89    404.34
   568.19    634.36   1011.47
   542.95    572.75    282.22
   622.56    477.84   1057.18
   624.58    698.94    179.71
   701.67    541.63    392.30
   748.00    507.20    407.70
   468.77    644.97    448.97
   573.20    594.30    524.76
   458.00    594.30    577.08
   690.07    532.49    366.24
   717.61    549.85    308.77
   711.22    519.33    161.94
   613.76    548.82    407.60
   415.67    648.74    524.31
   563.46    594.11    614.18
   480.75    650.94    516.14
   884.57    474.78    442.68
   389.99    291.55   1869.98
   263.80    690.81    623.31
   576.52    636.97    713.44
   517.48    574.14    495.47
   412.97    528.31   1077.97
   877.92    479.01    549.10
   588.83    701.14    327.12
   348.78    664.61    636.67
   645.66    521.92    225.75
   759.29    538.70    286.17
   791.37    534.72    256.97
   378.46    566.81    954.69
   329.25    623.49    743.64
   722.06    653.96    358.34
   571.86    597.25    530.38
   451.88    617.61    674.55
   440.18    586.44    397.23
   369.09    591.05    869.55
   682.57    502.49    373.86
   794.46    594.23    221.49
   520.01    664.65    403.44
   655.79    567.17    483.09
   720.39    519.67    330.49
   578.38    650.73    747.86
   318.41    586.82    772.80
   626.74    516.41    521.74
   399.71    643.34    473.98
   787.48    502.20    528.46
   628.63    647.65    397.68
   283.58    616.95   1295.57
   632.16    527.20    802.57
   449.60    602.42    871.44
   316.90    487.23    847.96
   628.95    452.44    549.32
   411.26    590.15    765.05
   780.83    473.69    197.37
   493.04    544.30    511.55
   326.68    464.46   1431.43
   395.12    585.42    938.71
   423.50    609.28    882.37
   961.55    426.53    435.72
   712.54    458.82    441.86
   576.83    563.15    352.82
   443.23    509.08   1051.52
   561.73    566.40    704.50
   552.18    539.15    214.32
   496.99    579.37    570.88
  1003.73    497.01    541.17
   318.85    714.77    623.17
   298.05    686.12    421.86
   532.81    629.77    408.59
   592.23    682.52    563.56
   503.62    640.13    654.69
    38.36    617.75   1349.14
   495.25    536.75    711.05
   654.97    611.98    456.78
   397.94    614.08    663.02
   483.48    595.87    738.87
   404.08    498.60   1212.21
   587.52    566.26    382.49
   407.09    640.01    544.89
   635.49    592.86    506.37
   521.59    472.36    538.41
   697.21    523.07    257.91
   685.83    576.65    382.01
   475.82    684.52    606.06
   532.29    558.99    499.70
   476.70    616.92   1110.41
   273.59    557.94    899.92
   636.60    577.80    595.30
   702.69    555.36    281.55
   412.60    509.69    928.90
   446.18    687.09    502.55
   681.76    481.02    270.37
   607.60    558.87    457.58
   225.59    654.68    984.10
   235.59    625.11   1187.89
   579.81    474.39    717.35
   536.30    604.53    673.62
   353.42    611.32    947.54
   716.84    549.99    336.10
   581.62    553.73    705.14
   524.41    526.29    587.91
   495.80    641.13    510.30
   714.19    624.52    431.94
   629.84    614.99    329.91
   516.96    474.25    602.60
   604.35    508.49    836.06
   552.62    558.11    750.70
   875.12    571.70    272.24
   292.02    645.71    601.85
   483.87    583.11    277.43
   891.96    409.00    270.82
   558.89    587.68    482.29
   340.71    620.66    707.54
   683.84    548.53    608.93
   447.58    614.20    382.36
   659.20    559.65    680.63
   333.08    490.36   1011.84
   818.11    514.41    292.02
   564.90    528.83    262.52
   476.84    642.14    531.44
   447.81    542.98    451.15
   608.87    534.52    515.67
   726.71    533.63    304.00
   524.30    569.86   1025.31
   568.09    651.54    549.63
   621.81    576.01    470.42
   616.97    473.30    667.68
   392.16    629.77   1150.67
   519.70    649.97    608.75
   280.31    575.20   1106.73
   468.55    534.88    711.54
   702.53    509.60    296.53
   723.20    573.95    427.61
   707.52    610.73    410.74
   229.50    688.37    718.85
   568.09    580.04    280.83
   739.07    430.26    307.46
   824.30    514.17    478.33
   647.60    575.18    230.08
   816.20    485.73    489.04
   506.87    466.78    923.39
   523.72    511.61    356.73
   675.17    459.96    957.26
   522.58    524.76    530.52
   483.65    590.58    710.61
   397.27    570.74    739.93
   478.24    690.84    718.49
   442.06    579.89    529.50
   388.83    698.79    609.67
   737.72    573.79    384.98
   255.90    558.92   1015.76
   349.73    632.87    817.90
   515.95    653.24    608.84
   427.12    639.67    548.24
   325.15    644.63    559.90
   514.42    471.90    907.51
   694.58    429.67    333.30
   653.36    653.54    460.90
   709.58    571.47    435.77
   666.63    559.59    376.58
   595.84    454.26    898.17
   616.88    550.96    409.92
   396.41    548.90    514.29
   616.71    612.60    706.22
   583.73    526.21    469.47
   536.75    454.41    869.72
   417.02    536.17    461.68
   530.09    532.23    498.93
   649.23    512.20    494.88
   353.15    641.00    702.06
   572.97    573.90    396.68
   584.10    738.17    470.29
   168.95    669.36    938.67
   525.83    556.98    338.51
   370.93    674.64    725.37
   336.92    644.74    683.52
   556.98    541.96    429.08
   399.69    539.42   1022.57
   754.76    461.63    462.57
   811.77    563.04    273.33
   386.70    685.98    741.70
   575.24    513.27    957.63
   827.82    508.12    289.99
   802.13    509.05    765.67
   272.69    660.25    417.05
   826.05    452.18    433.66
   659.53    587.92    519.34
   280.20    532.86   1122.03
   627.03    538.80    599.82
   726.17    493.11    653.88
   638.91    587.13    609.65
   523.09    583.74    351.82
   302.00    648.38    870.62
   656.76    662.42    315.77
   413.01    631.08    795.38
   692.93    454.60    872.00
   408.20    575.07    821.39
   552.26    683.29    518.66
   545.57    562.56    465.22
   442.67    607.65    547.89
   537.39    500.19    587.01
   426.10    676.38    505.96
   467.08    595.55    455.50
   290.90    659.84   1190.63
    73.89    715.92   1367.52
   434.23    558.74    493.07
   557.32    555.07    656.80
   684.59    541.59    542.53
   455.99    536.93    709.61
   681.48    557.77    231.85
   268.09    613.17    957.26
   393.03    676.12    610.68
   424.41    619.09    737.66
   284.49    521.09    812.37
   405.44    576.69    610.79
   324.90    524.25    961.86
   446.52    555.95    639.15
   622.28    581.14    396.10
   522.85    518.73    484.32
   562.77    658.64    571.79
   524.73    557.20    430.75
   557.67    688.38    600.61
   811.29    453.20    457.76
   406.41    639.28    327.60
   556.78    552.80    774.89
   396.52    583.54    587.54
   312.66    521.70   1152.71
   475.00    629.14    645.62
   738.66    582.19    428.26
   875.68    535.30    190.90
   734.62    563.79    370.48
   396.49    655.87    964.13
   612.21    510.62    439.21
   636.81    591.48    629.16
   579.37    543.81    639.08
   195.06    600.53   1011.63
   611.85    547.09    535.86
   859.53    663.27    268.88
   720.23    637.09    636.06
   431.59    626.81    820.90
   389.83    752.43    881.74
   552.67    585.23    545.20
   359.15    553.40    897.56
   568.41    615.04    290.21
   730.74    547.01    585.22
   419.59    571.80    362.74
   450.50    542.29    396.52
   649.07    456.55    366.20
   299.67    574.69    884.64
   322.28    599.92    760.63
   599.25    597.00    411.28
   701.82    585.75    403.53
   430.77    687.93    892.11
   489.32    678.82    401.55
   531.90    638.27    843.44
   629.36    597.45    292.31
   563.35    586.70    340.58
   529.99    603.94    523.46
   381.19    575.70    664.32
   745.53    542.39    463.18
   469.96    702.01    487.30
   657.13    601.54    381.98
   623.59    589.82    521.59
   251.34    683.84    725.28
   225.20    525.57   1106.06
   562.44    553.06    479.11
   528.58    545.36    624.31
   445.14    611.56    653.39
   586.90    539.40    505.46
   276.17    744.07    719.33
    70.91    588.74   1686.15
   737.65    522.14    641.02
   541.28    524.49    779.58
   495.49    584.89    464.33
   489.31    563.68    654.72
   413.01    751.46    550.27
   587.29    549.86    591.36
   399.44    740.36    374.59
   540.31    612.74    501.71
   390.68    635.28    576.65
   766.83    498.19    403.77
   659.08    419.15   1033.93
   936.87    570.35    218.15
   722.70    596.49    407.66
   550.55    570.57    416.43
   823.56    609.03    337.55
   824.45    465.07    315.55
   734.12    545.36    322.80
   280.37    777.48    610.41
   638.03    598.54    508.75
   411.80    473.36   1017.86
   674.69    601.83    292.60
   277.78    572.40    735.98
   330.68    620.32   1139.57
   499.45    630.34    500.19
   499.34    618.99    482.58
   350.90    624.32   1171.29
   499.65    965.08    457.38
   354.87    635.92    713.23
   599.33    604.94    661.39
   794.28    590.06    472.69
   652.32    603.04    488.90
   728.15    512.23    231.26
   669.51    571.66    521.48
   437.60    670.03    696.91
   635.51    568.37    390.90
   500.11    585.81    306.21
   549.57    615.49    698.39
   563.13    610.51    508.41
   340.84    595.02    358.92
   336.01    682.68    316.71
   587.61    607.45    220.08
   546.82    707.05    487.28
   553.28    615.31    481.79
   320.35    681.03    521.99
   221.60    680.41    782.29
   580.98    542.86    420.32
   602.49    526.54    352.52
   718.45    650.82    326.54
   197.63    793.88    719.41
   591.08    331.03   1556.45
   586.03    499.14    447.21
   651.94    525.67    321.92
   624.75    504.50    535.42
   530.98    590.50    691.75
   319.93    600.24    484.94
   346.21    475.01    756.88
   485.25    642.83    465.34
   788.23    484.03    593.32
   307.94    630.22    879.09
   542.91    470.92    530.95
   333.85    668.93    845.17
   860.24    473.40    432.55
   511.79    613.56    574.02
   319.62    610.00    617.10
   711.47    488.23    404.28
   558.88    539.62    422.76
   762.43    534.90    268.70
   674.97    530.85    330.31
   139.01    537.37   1427.27
   586.93    505.49    409.60
   573.15    566.05    617.79
   157.54    725.97    784.15
   294.30    624.89    635.27
   240.74    688.29   1138.64
   655.26    629.42    446.32
   362.75    593.71    594.77
   462.81    613.11    440.51
   859.70    546.49    375.37
   436.71    698.13    880.46
    73.34    168.94   3439.00
   428.01    654.31    639.18
   564.96    511.87    686.20
   457.95    543.61    707.13
   143.71    453.47   1853.28
   351.64    551.61    998.08
   524.63    532.29    854.21
   773.90    470.23    445.84
  1020.90    407.59    236.91
   727.70    499.75    244.04
   669.10    567.42    378.29
   388.29    652.23    507.12
   730.92    570.58    408.19
   371.11    624.46    742.18
   414.27    732.91    556.54
   569.01    629.11    344.64
   384.47    562.30    562.00
   474.14    475.35    980.98
   668.88    571.06    368.55
   484.55    684.45    427.01
   797.84    576.87    386.54
   549.91    605.94    394.35
   458.95    550.65    649.72
   620.64    568.87    489.36
   801.97    568.03    352.76
   465.94    590.15    461.03
   618.73    420.86   1110.66
   548.54    578.13    432.29
   492.13    583.61    730.18
   583.96    494.05    591.12
  1095.31    421.82    293.07
   298.40    464.70   1501.84
   355.68    577.03   1131.36
   474.78    449.48   1267.45
   678.16    496.15    458.76
   712.49    633.51    458.88
   565.16    707.85    407.48
   354.40    645.45    625.08
   546.23    588.72    378.14
   531.27    538.13    723.08
   635.94    599.36    422.14
   600.01    598.35    343.34
   496.07    638.83    342.85
   221.54    706.73    656.28
   549.37    593.86    540.71
   700.48    357.33    927.85
   496.61    638.38    609.20
   536.15    609.14    578.12
   618.44    543.22    602.79
   692.27    530.11    399.23
   478.72    570.28    394.84
   619.83    601.38    383.91
   548.87    519.48    707.82
   532.19    593.23    547.92
   386.49    593.58    405.65
   789.89    508.38    494.19
   555.95    563.24    649.31
   309.59    648.72    841.29
   553.98    573.16    733.12
   324.58    626.16    644.29
   569.44    577.69    400.81
   479.96    691.92    452.23
   691.25    548.86    282.37
   633.10    609.34    241.70
   764.38    479.56    225.78
   375.22    477.31   1254.46
   672.79    517.43    354.86
   666.56    539.06    338.02
   460.43    561.02    669.48
   353.84    551.40   1116.49
   392.87    510.96   1191.67
   941.67    517.11    343.78
   434.28    613.78    502.75
   878.46    356.43    273.89
   580.14    558.01    432.91
   490.22    583.43    599.30
   350.73    683.05    553.77
   491.12    699.57    390.58
   680.46    580.14    425.95
   723.62    560.78    201.93
   538.67    645.07    420.70
   488.64    590.68    735.32
   932.18    457.86    266.76
   485.70    604.59    617.66
   608.84    674.96    298.72
   504.37    666.53    444.41
   423.69    579.66    808.62
   644.92    646.83    637.16
   425.61    586.96    692.11
   648.56    550.13    553.17
   523.40    693.55    498.22
   394.43    339.13   1745.01
   323.38    522.87    560.18
   591.45    544.67    518.96
   481.29    577.72    482.16
   676.83    533.77    398.00
   515.92    680.77    529.67
   438.87    634.15    459.36
   606.84    602.19    382.40
   610.76    569.91    575.06
   688.90    647.74    574.27
   718.41    640.95    542.06
   786.47    574.77    328.31
   843.33    482.58    338.38
   545.83    580.32    435.45
   522.53    597.68    417.75
   749.40    542.23    454.96
   370.65    763.78    441.46
   244.87    397.95   1856.26
   522.57    642.40    399.55
   910.61    481.54    326.36
   350.11    662.63    604.46
   553.98    599.78    467.65
   597.74    564.37    469.70
   250.48    542.30   1544.92
   893.41    499.47    155.64
   477.91    759.20    594.20
   266.08    699.53    964.89
   453.83    685.10    460.19
   628.85    569.93    424.73
   681.38    527.18    375.23
   304.56    609.47   1117.00
   344.95    583.51    827.96
   405.01    616.36    985.47
   417.63    691.30    656.13
    55.09    621.56   1036.32
   351.83    591.58    790.94
   659.99    485.71    222.20
   770.49    541.98    627.28
   888.84    470.86    396.39
   462.82    598.39    847.31
   735.98    544.61    583.10
   363.74    653.06    431.06
   524.88    587.07    690.27
   681.68    621.41    249.29
   855.36    429.65    318.12
   787.70    525.11    212.81
   822.27    494.12    395.35
   482.42    581.15    517.00
   342.75    593.96    742.58
   763.21    550.64    504.74
   549.81    573.19    438.21
   824.26    491.22    161.07
   818.26    443.45    595.08
   704.71    511.34    336.65
   373.43    597.22    806.81
   675.77    441.78    336.00
   553.57    546.87    710.36
   530.16    668.30    514.09
   562.66    572.99    366.67
   198.38    717.73    897.16
   619.21    489.19    710.19
   815.96    439.29    413.18
   521.43    533.37   1069.20
   620.64    548.40    345.39
   752.51    401.19    468.73
   537.70    646.01    628.72
   370.08    605.79    500.04
   192.97    795.88    861.27
   725.09    515.53    651.52
   473.61    585.77    381.54
   649.20    442.61    463.04
   473.06    617.03    556.08
   587.46    618.67    309.93
   767.08    497.54    285.51
   316.29    450.67   1415.38
   358.53    836.05    264.29
   361.20    587.31    673.87
   618.88    500.57    430.29
   490.41    533.81    580.93
   395.34    576.96    695.73
   672.94    597.74    459.76
   578.82    670.66    379.89
   725.05    621.63    276.37
   386.10    512.03    634.96
   407.08    602.16    647.35
   859.39    516.96    270.45
   740.21    455.22    360.26
   482.01    609.55    334.73
   414.18    652.16    896.81
   529.82    543.27    519.20
   453.34    515.12    848.66
   730.21    544.55    597.75
   401.90    657.89    432.91
   585.68    650.44    290.77
   591.17    572.90    312.28
   421.27    687.82    683.10
   423.27    811.66    445.78
   710.08    644.05    243.72
   893.12    504.46    295.47
   655.13    465.68    369.08
   567.86    604.74    771.58
   566.66    663.93    748.18
   851.55    536.65    301.05
   403.09    697.23    598.23
   341.39    572.34    591.21
   671.21    672.08    435.27
   503.36    487.31    580.43
   726.90    402.31    302.96
   497.81    541.56    696.28
   301.35    681.40   1147.34
   368.44    589.20    589.88
   556.65    510.51    701.05
   831.99    464.52    307.82
   454.25    466.99   1242.43
   314.93    680.90    952.34
   721.76    554.33    391.58
   487.33    677.36    448.78
   592.16    589.18    431.25
   398.86    560.59   1021.32
   500.44    655.12    506.70
   683.78    618.25    465.72
   307.49    560.04    782.70
   398.79    700.96    486.02
   515.76    586.36    382.00
   531.75    517.07    505.72
   636.05    460.55    742.93
   614.65    546.15    298.50
   693.44    641.06    468.72
   646.64    578.93    420.39
   753.94    716.15    284.41
   568.66    626.52    690.83
   535.87    495.18    867.18
   499.15    527.31    739.89
   370.61    696.14    391.94
   464.86    651.21    571.05
   553.54    545.11    825.43
   665.25    685.62    532.05
   413.91    558.86    656.54
   859.90    501.27    385.65
   680.71    553.55    305.91
   465.71    558.34    951.32
   391.15    542.74    765.93
   407.98    717.24    462.61
   793.25    418.50    334.07
   526.21    504.52    527.91
   649.38    546.23    636.96
    92.85    502.92   1642.73
   450.90    508.28    683.45
   334.90    632.60    630.23
   548.02    577.80    629.22
   856.39    540.10    430.42
   527.14    530.21    478.54
   355.07    649.71    727.68
   592.40    639.68    468.80
   533.28    698.05    233.48
   471.26    729.91    253.28
   667.35    571.10    536.37
   662.17    628.72    534.80
   537.01    564.52    740.10
   648.87    645.21    458.50
   602.61    635.24    383.40
   370.14    552.59    751.05
   482.95    540.61    811.41
   254.01    566.71   1198.63
   665.65    578.55    276.76
   442.89    617.27    460.23
   312.71    690.19    768.21
   447.57    565.47    958.93
   151.17    744.22   1239.34
   266.49    575.61   1104.44
   680.82    621.45    479.25
   797.47    575.12    400.18
   263.33    559.55   1129.96
   470.07    650.09    460.71
   494.54    667.33    439.00
   761.10    460.81    615.80
   590.31    547.02    331.61
   639.08    560.44    659.01
   314.88    680.45    507.25
   957.37    459.00    278.55
   555.73    673.40    816.54
   669.53    511.70    328.99
   563.61    581.39    244.16
   767.03    616.77    213.53
   310.06    519.62   1254.01
   788.43    572.42    425.88
   372.07    683.52    641.63
   594.70    554.82    360.53
   736.23    552.06    706.27
   706.27    557.90    250.61
   867.88    449.11    750.53
   389.31    581.22    828.65
   641.11    497.26    541.38
   312.88    575.22   1135.33
   591.28    667.96    579.29
   768.74    545.15    457.68
   515.76    608.50    375.74
   596.15    642.27    516.98
   922.01    501.42    486.08
   704.41    555.66    407.66
   564.11    540.64    396.62
   474.60    537.28    825.43
   539.78    442.42    961.53
   519.72    731.61    313.78
   319.44    523.41   1180.14
   520.28    636.89    673.19
   564.38    654.79    539.13
   200.58    744.76    987.05
   472.45    626.43    660.38
   584.29    587.56    342.73
   689.86    568.47    451.19
   194.40    519.45   1284.41
   840.53    540.96    677.33
   565.58    690.58    494.34
   355.34    673.34    805.95
   621.57    562.00    667.87
   471.02    567.34    582.12
   568.79    648.40    545.99
   624.54    623.15    500.80
   383.69    614.78    983.12
   417.36    655.40    526.24
   458.68    700.97    789.55
   290.56    751.45    854.39
   571.41    601.82    474.14
   436.22    546.11    831.91
   400.25    780.93    711.96
   708.40    469.33    461.72
   627.88    480.10    511.63
   644.76    495.65    600.23
   645.86    580.73    385.27
   353.52    654.54    693.04
   510.84    566.37    560.38
   615.12    608.38    648.15
   771.66    572.50    374.72
   390.76    637.09    718.39
   449.48    449.47   1007.49
   415.98    482.12    879.58
   407.25    683.38    607.04
   545.92    556.42    688.34
   781.68    562.79    303.58
   357.55    592.14    549.55
   678.15    507.26    238.36
   409.14    584.73    636.51
   962.74    408.00    496.06
   597.34    671.02    283.42
   477.69    542.21    641.72
   414.91    620.49    708.45
   460.49    531.27    515.33
   602.53    521.89    411.48
   359.19    555.81    926.46
   600.53    518.02    573.30
   595.23    694.86    168.28
   462.73    471.41    736.26
   422.78    577.82    913.97
   622.75    651.87    463.70
   755.82    739.96    681.00
   575.03    488.51    495.84
   365.92    614.93    792.96
   340.02    666.05    492.86
   400.08    602.56    513.35
   429.01    670.80    599.77
   573.41    548.47    640.96
   359.78    517.25    982.04
   546.55    532.76    375.10
   476.41    405.85   1234.70
   396.03    635.35    683.65
   598.19    638.47    615.80
   626.37    525.39    338.31
   589.45    678.20    652.88
   475.71    608.68    761.09
   676.94    495.97    584.51
   409.31    606.51    409.78
   495.14    571.81    584.61
   673.06    518.79    312.16
   706.39    583.91    198.65
   479.23    613.05    559.50
   493.57    718.26    523.34
   796.13    520.21    394.58
   694.01    554.14    541.97
   502.41    608.77    436.52
   464.08    628.32    655.77
   442.22    687.42    601.60
   290.75    580.43    986.24
   644.15    562.37    516.34
   606.32    546.21    344.52
   399.81    632.56    428.10
   756.68    441.94    462.36
   812.43    469.42    327.02
   429.84    722.67    462.42
   650.96    533.97    270.44
   794.06    576.27    451.28
   768.87    471.88    299.35
   515.91    663.84    446.07
   549.96    616.93    359.51
   891.14    593.62    437.28
   586.40    595.17    651.23
   621.37    637.40    299.27
   692.98    619.14    258.41
   636.25    595.38    392.84
   255.27    558.52    927.63
   401.34    576.36    778.49
   201.15    644.81    891.31
   307.76    576.29    808.91
   693.06    532.38    390.99
   726.30    564.64    532.18
   829.96    457.78    383.51
   912.62    551.95    454.06
   545.82    624.17    567.02
   514.74    522.45    560.07
   327.14    679.01    672.14
   458.51    615.39    292.36
   501.54    648.19    540.38
   552.70    683.07    587.97
   719.68    568.52    522.53
   984.25    416.62    201.54
   809.72    539.73    246.45
   598.75    565.37    577.22
   553.26    579.10    303.15
   786.26    485.50    434.30
   373.94    466.01   1260.59
   776.06    532.33    366.87
   559.48    611.21    413.98
   485.76    589.84    749.82
   624.58    602.59    380.91
   458.40    583.50    527.83
   717.57    604.92    284.22
   749.67    546.83    441.55
   503.11    605.92    532.84
   517.16    479.50    767.44
   505.71    591.63    847.81
   898.92    499.93    404.01
   730.71    645.01    341.19
   667.32    500.27    469.11
   300.92    544.25   1153.02
   392.44    718.62    450.55
   842.98    564.63    359.17
   630.65    510.53    806.93
   805.47    468.35    755.90
   689.66    586.75    764.20
   502.99    622.08    371.51
   293.80    616.31    605.12
   529.74    700.05    654.41
   222.76    854.99    645.02
   722.48    581.04    545.65
   782.99    517.34    626.94
   490.13    652.64    510.16
   229.12    572.48   1090.43
   753.55    558.52    614.96
   575.22    579.93    546.68
   623.64    496.44    847.97
   735.46    575.73    257.49
   444.65    573.23    678.31
   478.55    552.16    560.52
   752.05    496.84    370.81
   729.26    514.33    345.31
   700.32    480.09    496.39
   749.77    555.41    649.30
   590.54    633.36    714.20
   451.84    593.94    528.42
   522.62    562.60    550.30
   681.76    599.97    357.71
   630.90    497.36    474.87
   561.69    543.66    402.90
   432.37    553.83    668.71
   461.67    628.84    292.89
   730.93    493.20    510.09
   540.80    635.88    337.11
   270.46    636.81    929.59
   473.12    582.22    477.14
   404.10    577.56    478.01
   627.26    567.59    284.52
   648.26    610.84    454.60
   593.25    626.06    556.72
   417.68    546.81    636.59
   716.93    617.66    465.80
   358.49    511.23   1119.14
   952.19    564.87    165.00
   463.01    602.64    557.35
   499.52    553.80    745.44
   468.72    729.72    380.42
   401.01    662.12    510.09
   333.06    653.85    307.78
   363.00    635.07    721.56
   555.39    715.52    399.06
   509.48    585.19    459.88
   589.92    483.41    579.80
   547.77    589.66    376.71
   834.32    449.23    338.55
   333.66    588.23    815.61
   342.31    646.80    841.10
   468.00    625.25    470.55
   529.17    559.21    549.93
   789.55    454.30    319.65
   220.03    575.29    802.40
   382.22    549.86    744.77
   807.03    668.31    333.89
   591.92    588.11    800.29
   697.10    581.15    340.15
   752.14    542.36    371.08
   660.29    589.34    446.31
   948.14    434.31    298.89
   629.12    574.95    360.08
   584.27    577.56    298.49
   542.51    538.07    638.85
   436.13    643.24    611.08
   598.48    443.16    481.08
   618.51    561.67    461.51
   584.56    559.76    481.24
   528.45    565.61    594.30
   682.08    577.27    478.24
   485.91    520.47    690.29
   498.48    511.35    730.60
   827.17    520.72    808.52
   613.05    635.73    235.40
   614.36    536.94    589.21
   388.00    639.51    538.18
   642.03    500.88    345.30
   465.24    578.66    602.58
   621.94    483.69    592.19
   522.07    572.14    637.78
   648.99    536.19    338.62
   471.62    538.14    699.72
   678.14    539.16    550.41
   104.12    763.57    690.04
   586.52    649.81    537.90
   610.20    718.47    355.75
   474.73    488.37    697.47
   502.60    640.34    647.93
   632.08    577.93    630.14
   512.10    729.04    389.79
   559.80    539.85    628.03
   570.65    495.79    338.80
   664.44    709.95    516.29
   623.79    528.00    688.38
   563.91    630.39    442.53
   635.31    688.08    619.82
   638.04    529.64    601.09
   462.41    433.39   1604.22
   723.59    555.62    619.79
   425.92    645.30    697.01
   713.13    497.17    308.44
   601.50    489.11    517.33
   381.53    655.77    513.52
   651.32    604.54    901.76
   713.92    472.41    487.36
   802.44    613.09    317.58
   630.08    459.90    833.63
   497.85    628.28    736.04
   717.68    516.34    291.53
   723.25    655.74    332.85
   425.63    610.92    711.45
   515.73    605.48    509.02
   652.55    606.33    397.26
   662.23    615.39    339.62
   362.48    736.54    530.21
   474.97    706.13    615.87
   283.57    565.44    800.66
   304.33    501.50   1194.33
   650.05    559.21    378.39
   461.45    588.34    670.91
   447.26    717.74    512.52
   543.02    658.57    483.65
   760.10    484.26    367.84
   606.16    592.99    680.66
   665.56    527.05    468.48
   952.25    519.77    455.01
   467.89    609.76    543.16
   752.08    481.28    580.01
   443.98    683.29    531.82
   280.58    725.14    443.55
   521.12    553.53    652.94
   462.83    654.84    554.34
   644.27    566.55    356.41
   337.34    622.06   1033.64
   781.11    636.81    365.29
   586.09    512.69    327.95
   647.26    719.58    349.52
   559.05    570.29    462.17
   745.59    539.05    405.57
   842.23    513.02    264.53
   171.16    434.66   1819.77
   676.43    735.44    535.68
   670.95    558.78    482.96
   499.45    702.65    441.91
   309.49    600.93    735.82
   550.51    548.65    676.62
   598.24    593.81    550.10
   564.81    673.62    512.34
   574.01    620.13    582.92
   777.80    585.78    525.95
   596.87    616.00    525.00
   705.54    524.16    180.27
   634.32    567.86    340.07
   471.59    550.41    300.74
   710.82    547.88    430.09
   507.35    479.34    817.44
   484.47    582.04    707.75
   619.99    533.04    508.52
   467.70    622.20    663.18
   187.78    674.34   1266.27
   461.55    609.16    661.98
   441.51    525.96   1111.42
   574.19    581.17    633.93
   840.15    579.82    408.06
   531.74    563.08    630.76
   651.00    617.79    437.87
    94.10    323.11   2601.51
   711.03    533.75    460.39
   698.88    585.77    535.44
   297.82    595.05    996.44
   394.13    688.38    676.62
   526.77    612.47    358.42
   590.03    640.08    429.77
   286.15    339.20   1488.86
   483.40    524.94    672.06
   385.90    647.84    632.69
   589.30    551.40    345.95
   412.81    576.53    726.20
   493.78    621.76    577.27
   633.75    599.59    409.65
   364.68    585.40    815.33
   570.57    620.52    652.12
   423.67    536.35    818.24
  1049.97    431.37    482.29
   843.18    508.96    451.49
   451.31    606.07    557.20
   614.90    553.23    497.78
   357.37    648.77    414.99
   499.72    605.18    750.01
   462.49    547.40    601.85
   310.65    456.94   1223.78
   444.36    645.27    586.93
   456.41    647.98    534.86
   541.55    539.21    448.63
   669.65    474.35    294.65
   520.12    603.16    681.86
   608.12    547.79    367.11
   548.66    527.06    747.46
   394.86    663.13    855.11
   620.36    578.96    338.83
   118.49    325.04   2381.42
   734.15    520.40    506.22
   228.97    723.55    812.63
   829.14    537.23    349.57
   607.27    508.39    502.96
   467.41    628.71    427.64
   597.08    505.78    923.93
   527.13    618.50    557.06
   732.07    429.59    623.18
   790.26    521.87    322.97
   828.08    579.65    319.08
   568.93    595.13    408.36
   386.40    466.32   1046.58
   461.06    712.98    451.73
   570.72    589.22    477.80
   735.26    550.21    437.96
   408.63    620.98    623.37
   546.34    513.23    728.61
   586.56    623.64    253.69
   433.05    556.91    787.85
   575.36    545.96    766.97
   720.77    625.66    253.76
   932.40    476.10    512.78
   835.42    403.23    428.33
   671.21    664.27    383.43
   578.27    590.22    752.17
   901.71    494.32    197.11
   382.29    641.60    968.84
   446.67    590.13    544.81
   527.83    680.04    684.61
   516.31    592.97    379.12
   463.89    558.50    284.94
   539.25    546.18    623.47
   857.29    654.29    294.12
   302.94    626.04    945.92
   840.09    520.37    305.57
   652.59    694.58    515.41
   344.59    543.84    894.76
   482.69    617.34    661.31
   834.67    563.67    455.28
   148.76    623.30    643.44
   788.91    546.86    273.06
   717.95    617.45    484.89
   402.91    657.08    559.45
   825.21    447.88    371.86
   691.33    554.44    661.78
   430.76    634.14    575.42
   313.20    649.59    667.89
   590.99    576.90    383.73
   414.61    580.94    699.55
   612.57    524.16    320.94
   838.81    565.90    344.36
   509.52    571.09    673.19
   351.71    601.01    474.43
   869.97    557.42    255.95
   702.28    466.23    619.77
   651.52    547.65    668.65
   268.71    666.98   1095.81
   412.62    660.48    344.28
   465.72    585.50    699.09
   654.03    530.94    547.45
   218.89    678.10    698.76
   516.58    599.75    515.61
   373.77    563.84    702.34
   512.94    545.45    653.99
   559.23    623.68    522.48
   545.06    557.25    256.62
   998.56    425.41    432.11
   476.61    551.92    813.94
   521.89    616.22    457.66
   584.69    507.04    474.40
   528.55    613.00    613.67
   572.49    615.94    588.58
   445.48    621.04    507.83
   488.67    566.94    883.30
   589.56    588.66    509.77
   433.41    572.72    430.30
   535.64    686.62    435.99
   521.69    602.16    440.72
   330.31    623.10    646.02
   151.36    645.87   1141.67
   409.29    605.15    832.11
   418.82    742.55    409.31
   569.65    621.22    636.86
   450.82    638.92    739.84
   734.28    494.01    554.59
   543.38    496.44    443.80
   889.31    505.47    394.55
   346.71    623.84    890.20
   335.50    572.32    651.48
   778.84    557.34    438.50
   570.37    571.06    383.61
   496.71    710.71    591.00
   479.54    567.21    696.73
   568.90    601.87    179.71
   566.27    562.25    357.16
   688.29    385.04    613.37
   687.12    482.80    433.40
   244.97    651.42    659.41
   771.93    567.25    485.83
   586.94    500.85    763.41
   478.69    628.86    333.10
   474.06    609.24    723.51
   595.15    615.94    373.07
   466.59    549.09    351.48
   337.04    598.21    850.83
   611.60    584.28    333.50
   578.04    583.73    618.64
   601.97    504.27    543.95
   870.89    534.65    269.69
   225.40    607.82    814.08
   728.89    573.41    390.52
   379.18    539.15    969.23
   600.71    564.81    344.46
   417.33    476.84   1248.00
   602.16    665.37    322.44
   807.94    482.15    538.69
   630.33    612.51    313.36
   500.98    616.86    456.50
   416.04    662.60    463.41
   299.88    668.34    425.44
   756.39    527.59    517.03
   502.60    640.52    635.27
   960.99    402.35    444.91
   270.47    424.81   1484.45
   676.77    656.31    442.56
   281.24    593.25   1130.44
   596.44    532.88    486.62
   728.13    571.06    521.39
   480.87    601.71    495.64
   433.20    536.96    809.12
   571.76    490.20    819.46
   498.17    551.12    518.12
   349.67    522.47    938.92
   635.43    667.47    563.94
   282.78    693.66   1134.37
   489.30    565.29    501.88
   631.03    613.35    464.28
   644.37    554.47    364.99
   638.31    511.17    333.84
   504.54    659.76    568.57
   549.95    585.72    545.36
   362.21    678.20    747.34
   350.76    478.59   1583.50
   890.02    454.04    393.06
   771.77    499.35    416.72
   796.61    398.11    456.28
   464.82    571.48    663.03
   543.80    484.97    716.93
   615.44    589.62    288.63
   543.67    601.50    371.00
   503.19    663.40    304.59
   476.32    510.00    642.23
   662.99    632.50    467.48
   649.68    568.05    451.40
   386.69    651.20    748.19
   436.11    616.93    431.88
   356.72    565.44    921.86
   460.48    594.34    931.71
   852.91    472.83    247.15
   567.70    578.68    502.92
   601.09    617.65    651.61
   305.49    670.29    717.45
   732.92    574.78    408.33
   462.62    561.01    625.01
   338.85    675.08    545.78
   626.82    597.90    661.93
   590.81    519.01    574.31
   355.63    558.01    894.53
   527.29    583.88    589.52
   684.03    425.69   1314.54
   365.85    441.51   1387.43
   577.30    509.11    704.03
   735.34    505.43    304.17
   350.00    774.44    314.18
   606.99    559.96    612.22
   237.35    557.24    445.69
   226.41    610.55    745.24
   756.56    554.42    445.33
   239.44    744.03   1049.41
   784.61    502.55    474.59
   329.55    650.47    684.46
   664.10    575.98    318.74
   469.82    526.64    503.57
   764.20    487.09    293.05
   500.25    558.41    857.32
   409.52    645.21    531.44
   520.85    409.98   1130.74
   533.57    536.56    678.48
   889.21    552.14    316.75
   314.77    583.50   1014.06
   321.74    681.24    899.12
   274.32    677.75    652.57
   939.35    523.12    161.27
   578.62    560.78    382.81
   583.02    524.50    225.39
   713.86    510.16    592.90
   626.73    581.93    961.21
   698.17    569.47    378.09
   507.81    611.68    529.10
   657.77    492.01    856.33
   353.42    690.24    835.45
   830.89    463.31    487.88
   781.32    540.28    389.06
   382.47    717.29    585.28
   582.24    642.14    626.31
   507.69    485.18    966.41
   609.53    585.41    416.89
   732.31    551.70    328.31
   764.73    471.67    353.36
   730.76    517.91    288.74
   191.30    619.05    922.52
   516.21    705.13    925.29
   540.38    547.31    672.05
   565.61    590.92    584.79
   776.62    528.56    345.35
   600.75    571.56    442.72
   180.92    675.74    726.89
   446.00    683.79    663.56
   453.83    681.12    774.32
   659.35    487.86    590.44
   682.50    489.55    404.92
   507.45    575.36    272.78
   698.04    556.18    809.79
   630.56    575.86    434.38
   464.13    523.36   1105.49
   606.74    624.41    402.89
   377.70    642.06    802.06
   400.48    576.22    622.00
   218.65    700.20    951.49
   614.39    654.71    514.53
   585.27    610.66    361.60
   399.21    610.65    638.90
   299.87    760.53    404.87
   377.80    542.60    926.64
   357.54    665.78    749.36
   236.15    424.71   1969.08
   401.74    625.33    795.04
   625.36    535.00    645.68
   685.11    617.03    409.65
   620.11    634.96    235.75
   875.60    591.21    289.51
   598.12    693.92    534.69
   659.92    602.17    464.67
   533.42    606.40    372.62
   264.14    583.74    893.70
   662.38    594.97    356.58
   585.10    599.23    421.44
   804.18    508.68    154.07
   905.58    545.40    472.50
   447.39    700.73    664.64
   541.32    672.02    472.40
   366.20    662.40    396.80
   311.63    573.51    954.51
   762.53    510.86    509.18
   239.16    695.90    805.94
   594.18    643.28    535.94
   441.24    653.51    577.72
   515.52    567.55    483.26
   715.53    617.27    344.58
   406.13    579.77    627.56
   448.59    581.95    535.21
   487.68    593.36    872.00
   431.22    560.62    743.91
   661.40    596.19    648.18
   418.03    689.06    676.35
   602.82    610.94    472.01
   688.06    537.73    376.06
   668.05    514.11    360.20
   544.19    640.49    548.62
   613.45    476.16    964.17
   429.70    670.96    804.50
   648.29    520.12    356.02
   437.37    579.39    890.46
   530.18    596.82    432.23
   623.43    582.68    571.68
   590.87    570.79    610.82
   477.00    611.52    728.09
   291.54    602.72    891.42
   461.78    717.88    624.93
   524.07    637.77    551.72
   559.51    615.03    547.49
   429.02    701.17    743.79
   331.40    605.32    897.88
   673.24    723.39    542.90
   296.56    530.88   1027.88
   660.17    559.28    447.20
   203.32    660.53    630.92
   225.39    679.18    901.39
   355.26    641.26    637.08
   653.45    608.50    489.38
   803.24    574.16    359.39
   462.51    655.31    855.02
   509.90    583.78    570.19
   474.30    601.69    576.12
   693.24    517.13    515.41
   494.12    572.70    636.02
   413.42    775.20    509.38
   462.21    679.96    476.80
   555.80    566.41    715.45
   603.23    588.96    547.64
   657.44    613.01    291.85
   478.96    653.59    579.16
   478.93    525.20    765.60
   759.15    445.06    704.15
   719.35    569.36    442.73
   669.94    582.96    775.04
   313.00    568.48   1115.58
   441.74    589.07    909.59
   705.56    442.08    481.71
   417.26    644.30    584.70
   691.80    573.77    468.27
   440.98    624.90    960.87
   962.92    417.83    262.58
   766.92    464.89    382.17
   580.24    667.98    445.53
   929.06    517.25    329.20
   260.74    656.54    712.45
   668.50    594.64    500.12
   360.20    522.72    799.97
   577.66    475.12    620.09
   309.21    512.90    814.30
   548.90    551.96    618.44
   510.01    569.33    425.84
   814.64    494.41    243.39
   375.43    595.47    490.84
   404.27    724.51    528.75
   656.54    555.35    332.07
   443.53    493.66    783.34
   277.26    651.80    692.06
   554.49    654.52    392.73
   509.69    663.39    501.40
   433.03    725.32    347.90
   501.80    640.13    382.84
   524.49    564.63    427.68
   613.03    577.22    344.28
   929.66    486.73    548.99
   715.56    619.84    460.81
   875.81    557.33    281.31
   388.62    730.85    316.52
   333.52    613.55    531.64
   427.96    496.57   1099.65
   368.90    570.87    582.32
   531.49    616.61    362.68
   569.60    668.12    513.62
   680.97    548.25    588.20
   334.69    612.88    572.51
   409.05    573.42    761.46
   520.75    607.21    438.36
   522.08    665.27    459.21
   556.02    488.28    592.08
   517.20    559.67    540.04
   325.68    441.83   1361.13
   419.25    680.17    691.17
   639.70    556.70    777.79
   637.88    590.01    390.39
   471.70    533.12    667.21
   516.32    629.00    749.94
   251.56    641.47   1197.18
   351.12    593.64    614.97
   617.18    686.58    329.45
   519.14    480.66    591.27
   263.07    705.43    893.77
   972.75    513.17    417.26
   691.28    493.81    642.65
   474.87    731.57    595.55
   618.53    577.05    472.96
   477.83    573.59    254.12
   293.06    524.48   1124.48
   561.04    671.36    405.87
   676.54    530.92    556.81
   606.48    591.71    401.46
   629.29    595.18    351.12
   621.95    608.00    560.91
   352.38    671.86    656.67
   524.68    617.33    542.47
   732.06    593.56    379.64
   346.28    638.91    799.76
   487.49    660.21    573.96
   422.90    581.26    596.01
   586.07    600.91    430.54
   478.71    599.41    351.17
   679.18    498.28    312.12
   643.81    667.50    469.91
   477.58    649.48    421.52
   506.37    659.03    478.22
   664.16    486.41    789.11
   351.61    576.40    534.59
   432.92    490.68    712.51
   329.52    633.65    938.24
   807.84    467.38    329.90
   422.77    652.12    500.52
   526.90    532.07    727.40
   329.49    473.95   1495.15
   685.81    459.04    506.73
   855.19    642.10    401.04
   717.70    510.38    366.15
   582.45    617.31    463.97
   531.76    653.81    338.89
   495.85    597.72   1100.02
   680.56    647.01    572.44
   673.71    597.31    322.66
   429.16    664.28    851.46
   266.44    617.53    797.46
   742.43    431.71    406.07
   376.90    576.42    724.03
   496.68    497.95    469.51
   467.89    568.26    825.08
   699.55    545.84    587.84
   704.01    548.40    739.98
   378.91    701.25    761.47
   762.16    543.20    387.44
   679.20    554.56    518.79
   285.28    558.71    954.82
   475.90    568.05    818.13
   538.92    656.48    348.75
   285.45    585.71    824.52
   322.75    618.31    613.18
   474.21    595.31    642.93
   839.03    470.75    350.89
   479.30    608.69    983.48
   776.74    545.13    507.04
   530.90    565.24    448.22
   544.39    544.08    785.84
   361.61    594.43    576.08
   420.68    625.23    610.20
   520.57    723.34    726.88
   492.64    647.00    535.63
   307.60    681.08    690.33
   628.52    533.57    684.71
   641.93    495.77    501.22
   238.72    704.79    737.23
   690.60    502.78    466.97
   602.94    617.81    333.89
   615.31    616.91    435.81
   729.12    583.11    506.53
   259.31    620.20    897.73
   455.51    725.64    686.94
   603.34    753.41    269.30
   466.04    499.26    478.32
   431.24    648.88    518.99
   631.09    671.06    572.46
   677.65    566.55    254.32
   592.79    568.31    722.20
   503.50    606.13    403.53
   311.45    564.88    800.77
   539.74    592.80    448.87
   418.68    676.53    657.46
  1142.59    511.22    185.73
   648.84    515.30    519.63
   213.50    709.67    796.28
   420.29    517.92    637.22
   425.75    710.74    665.58
   322.15    647.57    864.07
   473.18    610.06    606.33
   523.60    608.49    603.70
   509.92    625.54    450.92
   574.46    717.98    625.90
   468.13    534.51    473.15
   587.77    563.76    325.10
   334.84    636.60    525.99
   630.22    523.47    382.34
   647.92    500.78    328.58
   877.76    481.41    245.07
   642.93    533.89    291.39
   445.39    705.92    566.29
   544.37    531.44    450.16
   303.31    584.71    901.07
   487.08    573.89    623.79
   609.32    528.78    655.00
   591.37    442.67   1097.76
   313.54    701.74    768.98
   484.87    632.47    504.89
   453.06    619.48    721.69
   387.30    714.47    508.89
   788.49    626.55    468.19
   683.45    522.31    573.76
    71.69    563.19   2018.42
   436.14    564.66    794.37
   680.54    731.20    177.82
   844.02    488.74    351.50
   719.32    505.40    174.64
   586.91    494.53    605.92
   335.88    684.74    720.32
   351.34    802.53    870.66
   799.23    480.95    288.07
   542.34    589.97    635.80
   603.97    513.39    735.41
   554.26    656.63    220.11
   882.87    532.01    273.68
   798.27    481.30    643.93
   302.35    826.31    716.69
   435.87    675.48    560.45
   673.17    642.64    558.30
   806.18    541.50    297.34
   614.76    661.76    340.67
   200.10    595.67   1535.05
   599.55    535.69    938.12
   774.10    531.38    325.82
   297.07    650.25    741.37
   684.25    434.17    546.93
   380.63    630.00    593.75
   543.56    575.08    336.49
   341.06    596.06    389.66
   302.36    566.71    434.46
   889.10    525.23    153.75
   676.42    510.42    402.37
   419.72    571.84    403.42
   648.92    538.13    337.25
   503.45    561.58   1116.56
   468.38    583.43    577.28
   380.36    542.39    504.88
   826.66    574.53    403.95
   739.90    497.89    302.71
   489.96    600.15    595.06
   560.25    595.60    274.55
   435.62    501.86    886.25
   725.25    501.96    549.25
   372.67    582.26    887.65
   435.41    665.18    627.25
   458.40    762.25    515.42
   333.19    642.76    571.07
   416.12    634.24    786.39
   468.77    684.83    633.58
   317.46    770.82    593.30
   707.13    513.78    611.12
   365.29    614.99    661.24
   466.38    531.14   1110.90
   511.57    595.28    631.86
   372.90    670.45    715.00
   604.96    428.94    631.25
   502.39    758.86    542.28
   652.46    571.09    412.57
   678.54    627.02    272.87
   690.53    529.04    689.65
   683.24    620.74    243.45
   496.51    635.97    480.63
   283.92    586.27   1291.05
   146.77    325.91   2441.57
   389.46    636.31    571.72
   496.18    615.66    657.06
   577.56    686.52    441.86
   237.31    637.17    802.91
   597.56    597.69    494.23
   582.67    432.98    964.56
   394.06    539.50    679.84
   598.68    668.03    503.48
   586.17    589.07    232.36
   654.54    541.07    308.73
   278.27    565.92    824.97
   748.58    427.89    949.06
   435.24    748.41    495.55
   467.07    518.96    616.77
   373.13    481.13    838.16
   728.35    634.16    582.73
   679.53    426.92    775.40
   380.83    616.74    514.82
   259.86    645.55    905.04
   424.13    598.02    787.17
   380.38    526.87    912.48
   595.93    507.08    626.94
   871.79    470.04    329.91
   547.96    558.00    680.01
   555.54    631.36    313.92
   582.61    528.03    459.57
   191.81    373.54   2260.53
   488.03    602.41    770.85
   659.73    587.62    400.77
   507.10    556.75   1073.37
   536.68    632.94    550.91
   685.65    575.12    380.29
   397.39    640.21    581.97
   573.14    632.51    488.09
   635.64    546.36    509.63
   251.03    586.52    856.65
   350.30    545.36    574.06
   290.51    709.47    380.93
   519.53    429.94    467.55
   478.15    570.99    440.74
   616.91    549.07    548.39
   786.86    475.98    578.17
   745.30    521.05    350.18
   442.94    529.72    668.68
   889.76    497.73    331.40
   272.91    502.81   1384.55
   653.51    626.58    648.86
   622.40    693.09    438.21
   369.54    569.93    554.94
   526.65    599.25    671.81
   595.87    528.04    520.16
   587.29    550.31    423.25
   366.69    544.24    638.03
   524.92    557.48    684.36
   593.72    583.36    566.24
   595.44    601.42    803.30
   376.03    689.53    358.04
   627.74    557.77    598.57
   951.97    510.63    369.99
   235.15    613.05    774.12
   734.69    569.08    539.49
   423.32    627.00    529.86
   452.81    533.75    849.54
   436.65    554.80    779.33
   686.63    438.79    419.59
   403.53    630.16    626.09
   440.68    574.98   1026.26
   371.07    731.74    731.55
   855.14    403.28    496.53
   387.74    603.91    652.76
   489.03    683.62    503.04
   655.48    607.02    341.94
   491.84    586.36    506.42
   158.76    707.60    687.43
   391.83    619.96    919.79
   527.05    529.88    704.21
   657.21    574.89    375.38
   460.15    550.51    597.94
   230.16    722.76    776.51
   444.30    793.98    555.19
   499.73    668.34    348.34
   845.04    455.03    423.34
   604.27    600.92    530.71
   733.86    523.42    213.93
  1006.01    450.72    197.91
   377.85    594.63    854.24
   563.01    663.50    521.72
   485.77    676.38    223.04
   624.07    525.59    649.65
   589.18    548.99    311.85
   392.21    550.69    610.42
   503.27    634.35    600.61
   473.87    679.22    545.71
   428.41    509.25    611.86
   788.59    521.21    469.22
   415.79    669.90    560.48
   464.83    732.82    450.20
   341.05    617.83   1080.20
   574.72    562.09    631.74
   487.10    718.95    613.30
   436.87    624.64    878.69
   462.11    502.50    673.18
   716.90    477.64    240.91
   574.86    658.69    483.80
   771.93    566.23    680.50
   486.09    652.12    546.02
   713.44    557.82    355.27
   577.49    506.44    732.10
   404.95    616.35    579.50
   499.42    604.25    454.85
   616.88    566.93    304.38
   719.64    542.23    564.47
   500.22    750.45    278.36
   914.68    578.19    436.68
   454.05    635.07    359.87
   566.56    580.43    326.67
   657.18    510.92    283.20
   774.25    517.59    343.98
   650.37    629.55    605.04
   619.52    614.20    575.77
   658.48    528.69    275.22
   701.14    399.91    439.23
   821.91    508.04    303.96
   430.41    574.06    330.92
   552.31    606.95    639.08
   607.96    537.36    586.07
   629.63    552.88    368.72
   791.12    446.37    589.52
   568.76    469.49    641.58
   374.88    602.14    755.27
   640.06    579.50    505.49
   745.41    623.11    378.27
   511.59    633.03    529.34
   392.75    708.81    447.72
   849.94    472.18    273.04
   471.21    605.78    773.67
   481.59    509.07   1072.98
   425.50    605.22    973.01
   777.88    494.91    216.31
   387.27    367.31   1849.19
   771.05    677.97    353.93
   722.03    599.59    540.04
   311.78    694.16    733.29
   679.39    756.91    346.52
   458.05    600.97    734.74
   163.85    597.76   1466.94
   282.80    658.77    621.54
   194.51    654.49    955.68
   701.30    566.18    272.67
   783.82    455.34    274.03
   397.95    502.07   1240.95
   776.66    570.86    385.32
   434.32    688.41    552.67
   564.57    624.17    393.55
   356.56    621.98    508.52
   673.40    460.57    931.96
   361.47    600.91    509.34
   774.24    518.79    484.32
   685.51    707.11    535.34
   636.51    577.09    422.62
   709.73    479.70    468.18
   626.00    603.05    437.90
   589.67    574.26    592.44
   308.53    575.08   1291.30
   390.42    763.27    503.45
   640.96    586.94    406.21
   536.04    524.64    570.43
   718.12    478.61    387.03
   531.52    558.98    545.68
   144.24    509.87   1129.52
   279.10    632.82    967.72
   343.37    628.17    665.17
   569.26    505.69    797.45
   473.53    627.67    868.27
   547.61    562.01    579.59
   572.07    545.29    581.81
   550.40    585.17    393.73
   445.91    489.06    859.31
   530.49    551.77    530.46
   399.95    555.34    760.99
   831.58    520.07    399.49
   439.91    632.46    527.41
   791.91    651.01    300.71
   691.43    534.95    509.28
   626.38    605.75    413.90
   709.03    605.50    910.99
   421.25    602.10    589.22
   673.56    605.27    519.03
   387.47    611.64    468.36
   812.75    476.84    461.13
   784.67    508.15    639.24
   352.92    628.81    938.27
   825.26    485.55    401.29
   395.00    583.09    797.27
   311.88    646.45    630.18
   534.01    590.00    356.09
   456.76    642.82    705.15
   623.33    564.60    433.35
   806.20    502.31    310.85
   562.87    656.80    509.70
   611.75    690.95    423.75
   470.69    594.03    557.74
   414.74    570.18    435.45
   892.35    612.80    263.96
   534.90    577.75    407.23
   374.82    713.90    641.18
   594.67    614.24    579.35
   346.25    650.30    584.05
   489.44    432.89    877.83
   424.18    602.25    755.48
   425.59    667.80    418.08
   499.48    580.66    460.38
   770.29    356.42    444.19
   563.35    683.19    232.67
   364.87    579.80    842.66
   997.82    439.40    420.10
   390.96    700.21    741.79
   604.59    517.01    860.05
   463.13    617.75    460.38
   533.40    463.75    921.25
   711.97    542.78    611.44
   388.29    581.98   1006.89
   710.62    485.40    291.60
   741.83    545.10    524.70
   656.96    559.28    895.90
   850.48    442.97    248.61
   581.85    488.79    223.70
   450.97    604.31    791.12
   488.14    520.48    509.68
   489.86    614.19    595.00
   521.60    632.99    306.70
   538.79    587.88    688.45
   584.44    659.73    688.64
   525.45    631.85    863.99
   613.85    498.29    415.47
   753.29    557.81    439.36
   362.90    577.89    560.63
   497.64    611.43    720.41
   585.32    557.66    417.41
   728.67    503.28    477.60
   635.36    705.91    399.50
   458.00    583.93    443.07
   522.96    548.25    512.14
   294.87    696.61    639.76
   715.90    581.49    498.49
   627.74    498.40    306.64
   539.06    641.68    492.96
   343.30    566.30    798.97
   548.20    562.43    415.92
   679.00    508.35    307.82
   909.16    578.64    208.99
   601.96    599.80    421.16
   842.16    520.51    300.71
   880.29    581.51    274.05
   935.04    462.21    293.81
   624.62    558.66    450.31
   665.88    535.92    545.03
   564.56    487.71    561.03
   444.67    535.13    942.60
   552.20    621.14    366.95
   648.07    546.69    274.39
   564.94    564.31    274.92
   606.30    598.54    555.76
   371.30    725.19    472.15
   452.85    598.22    619.78
   435.96    727.93    541.09
   545.81    600.81    546.14
   629.94    530.13    403.74
   466.82    665.27    534.11
   524.28    535.90    408.98
   599.84    594.67    360.35
   768.49    613.17    232.37
   532.35    585.31    448.70
   588.83    469.74    601.21
   633.44    564.54    281.50
   792.60    504.17    400.41
   795.66    403.33    768.92
   519.44    622.95    601.75
   744.34    545.69    373.39
   461.98    573.06    515.04
   462.76    547.11    459.71
   469.45    611.95    504.63
   718.88    614.54    405.89
   823.42    445.35    349.28
   479.59    689.09    413.92
   788.07    555.72    493.91
   448.41    665.71    440.73
   673.99    615.12    389.53
   714.50    606.07    753.58
   573.70    589.23    578.72
   708.76    571.85    295.47
   193.46    640.13    684.16
   670.00    507.67    495.82
   547.51    502.12    510.94
   376.79    665.26    356.72
   657.22    529.10    431.08
   559.32    542.64    490.88
   289.15    668.01    621.07
   422.54    614.77    549.31
   625.91    544.09    482.54
   474.27    591.55    491.69
   595.52    533.04    655.39
   324.96    660.51    625.24
   476.97    620.79    388.77
   213.22    722.04    788.79
   692.19    641.18    451.96
   779.80    583.69    428.17
   294.22    676.62   1274.78
   547.23    590.28    531.45
   724.12    559.00    328.39
   636.94    662.63    315.81
   470.63    602.19    326.38
   622.25    609.95    514.18
   345.56    565.74    925.37
   439.87    625.43    718.67
    93.67    625.59   1064.03
   794.93    468.88    226.06
   580.76    576.57    605.82
   415.18    597.60    481.73
   475.48    626.05    531.73
   719.64    549.68    616.53
   641.92    607.99    508.31
   601.31    550.72    573.47
   382.62    649.63   1067.09
   295.11    659.17    707.87
   541.18    573.13    518.98
   710.16    579.13    425.47
   789.70    565.11    455.36
   345.71    705.49    627.26
   768.68    491.73    505.44
   545.29    599.57    410.06
   475.56    712.64    530.50
   445.51    649.81    513.72
   581.95    610.49    243.25
   539.00    633.70    837.77
   624.58    604.41    542.35
   758.67    583.84    308.69
   294.74    722.22    864.05
   631.11    543.87    287.53
   581.30    561.02    918.21
   502.61    612.72    559.37
   473.60    596.82    375.12
   685.40    642.08    566.78
   551.50    520.29    584.33
   428.35    473.94    837.73
   434.08    703.18    732.87
   544.90    615.91    526.62
   431.95    704.29    412.18
   646.20    502.06    397.26
   519.64    651.87    364.34
   659.42    601.37    477.12
   701.49    495.72    613.11
   583.74    575.54    543.20
   469.86    668.00    798.42
   503.64    578.05    652.54
   515.98    574.71    445.47
   550.71    537.38    715.45
   417.49    691.73    522.94
   464.07    641.83    538.73
   814.55    584.62    436.63
   515.07    654.50    551.12
   580.85    367.05   1064.34
   898.27    487.74    281.21
   479.10    545.98    518.46
   434.53    570.53    439.68
   697.71    595.59    382.40
   815.02    572.46    437.42
   175.93    781.38    774.39
   285.21    604.24    867.93
   509.17    545.44    436.11
   555.53    555.98    626.62
   652.34    616.68    498.49
   340.81    652.28    621.97
   690.32    625.43    374.98
   312.45    683.85    679.30
   581.89    684.55    888.56
   459.97    543.07   1144.38
   176.33    602.82   1132.78
   554.20    784.68    392.42
   277.17    630.13    871.44
   336.69    588.64   1008.67
   789.01    518.67    353.31
   908.11    456.78    544.04
   510.62    730.38    455.86
   721.84    638.87    441.76
   649.44    593.07    343.26
   414.19    698.95    377.34
   596.49    592.26    526.56
   593.81    600.30    418.34
   582.00    606.84    528.57
   516.89    555.55    603.74
   313.87    602.84    973.99
   264.45    490.55   1216.36
   338.89    645.65   1041.54
   642.07    612.12    378.11
   555.23    606.48    544.57
   516.75    486.16    551.41
   587.07    532.27    245.68
   733.95    560.67    466.19
   581.84    593.46    385.81
   405.06    593.72    896.76
   505.75    713.96    670.06
   414.66    623.66    634.84
   363.31    591.14    669.86
   742.94    512.17    417.51
   626.21    632.20    437.45
   455.37    587.26    580.32
   229.72    675.80    971.15
   381.05    668.94    595.57
   756.45    532.63    399.93
   722.14    554.22    622.54
   590.23    550.82    653.14
   715.86    628.02    314.16
   696.07    485.65    396.49
   800.11    670.53    248.88
   637.81    592.66    479.90
   638.80    612.33    473.40
   310.05    677.26    848.43
   575.70    603.60    400.83
   405.55    699.87    846.65
   419.34    621.12    729.51
   523.04    660.14    332.43
   595.06    513.94    337.41
   711.78    543.38    321.10
   480.94    576.78    348.07
   332.91    377.02   1742.35
   565.25    480.63    408.72
   711.09    476.32    407.68
   766.05    532.57    354.38
   738.28    398.61    204.03
   283.28    612.22    723.92
   676.26    541.20    577.63
   808.95    557.52    399.78
   463.84    566.67    364.85
   753.22    475.33    488.25
   506.92    645.70    604.41
   532.46    596.39    458.71
   348.76    657.22    363.85
   558.02    627.42    407.39
   690.39    536.67    473.55
   594.25    570.11    560.00
   552.07    607.58    532.49
   729.63    585.89    433.38
   495.74    692.24    403.84
   498.39    605.32    432.41
   421.58    681.67    824.18
   526.38    543.29    485.74
   540.06    598.57    678.95
   488.26    656.36    649.89
   280.87    519.49    832.42
   387.77    495.63   1435.25
   577.07    571.93    635.78
   313.31    725.87    683.37
   673.54    532.21    520.07
   449.52    573.14    647.08
   640.60    476.51    536.39
   309.22    639.99    647.48
   536.17    629.83    275.65
   278.94    775.35    662.47
   583.31    570.90    500.82
   537.89    589.80    551.21
   525.35    548.86    486.02
   449.29    611.32    423.28
   505.90    566.61    842.37
   672.24    618.73    459.88
   497.03    566.64    674.11
   743.99    467.79    314.66
   584.01    667.80    527.73
   207.82    618.38   1099.29
   451.06    346.88   1597.25
   437.19    670.67    372.61
   395.87    537.80    926.80
   503.79    512.41    643.33
   639.29    604.40    475.94
   405.75    659.47    384.32
   734.23    640.51    571.15
   659.68    499.02    747.13
   195.66    665.46    815.93
   643.03    557.87    553.01
   908.32    522.90    199.68
   462.30    708.33    518.76
   403.99    565.41    778.56
   476.60    572.77    682.17
   886.13    502.46    273.18
   343.58    727.34    895.76
   642.35    509.08    940.53
   695.40    579.07    349.93
   576.16    617.53    533.50
   484.63    660.57    750.43
   354.78    620.94    481.89
   297.07    660.30    615.70
   277.45    613.42    841.21
   774.47    545.64    358.89
   463.01    616.60    527.66
   532.72    699.51    700.16
   726.58    600.37    228.07
   549.53    583.11    629.32
   641.07    460.31    680.26
   410.03    511.56    841.52
   650.98    723.75    355.81
   364.25    529.88    987.82
   853.31    504.02    516.02
   328.26    629.93    590.22
   585.84    535.93    543.11
   402.06    675.21    531.66
   594.15    550.00    738.72
   854.70    505.84    268.21
   730.29    527.90    264.20
   801.60    536.12    242.97
   467.94    588.50    676.59
   387.65    624.42    604.25
   552.47    560.32    655.60
   438.18    547.72    742.41
   851.90    452.72    345.58
   142.55    561.90   1282.78
   799.11    562.67    428.45
   712.39    571.68    172.73
    71.26    390.84   2177.31
   362.88    579.78    832.89
   550.38    620.74    656.60
   211.07    629.49   1175.71
   680.16    645.85    479.07
   941.19    541.06    244.27
   452.37    673.46    253.72
   309.68    651.79    557.58
   357.56    608.48   1068.24
   572.65    573.12    433.35
   410.16    623.32    739.65
   737.59    579.49    521.99
   439.53    581.48    668.07
   562.52    622.23    316.84
   503.76    590.40    374.50
   384.98    504.91    776.81
   566.97    563.84    555.79
   355.65    659.10   1168.99
   328.27    605.34    790.02
   144.93    611.63    860.35
   740.89    550.33    336.08
   634.05    693.62    546.21
   418.01    565.40    572.27
   377.81    597.60   1235.12
   389.37    591.15    830.59
   240.86    587.00    998.48
   292.24    719.87    905.44
   647.84    528.39    418.42
   805.29    725.60    353.13
   517.67    616.14    619.83
   568.56    558.72    403.52
   418.43    692.00    253.85
   529.85    585.80    599.88
   553.34    425.85    950.72
   648.79    642.63    360.31
   501.88    566.31    707.03
   608.02    647.43    487.51
   404.30    606.15    946.89
   645.64    527.42    584.69
   318.21    561.09    802.02
   669.88    593.59    488.54
   701.47    555.78    305.98
   693.05    531.11    708.91
   374.93    525.46    902.70
   491.07    480.29    613.46
   470.00    622.43    476.85
   438.16    606.54    451.89
   577.29    496.62    517.55
   344.33    674.47    930.41
   981.36    525.47    225.39
   728.74    551.56    387.05
   643.30    687.40    263.32
   365.06    500.00   1304.13
   184.75    489.83   1236.79
   231.32    628.42   1107.30
   282.86    722.80    580.27
   599.78    543.42    755.30
   481.53    572.84    404.22
   581.03    624.99    472.25
   206.01    691.24   1413.09
   622.77    549.55    274.44
   542.03    541.50    367.85
   273.25    722.73    800.57
   754.26    551.72    568.07
   391.51    588.89    637.57
   547.03    524.18    348.12
   585.06    623.18    454.30
   447.30    649.28    812.04
   451.08    577.11    636.06
   753.87    590.71    532.78
   767.24    451.84    429.02
   212.47    520.74   1784.86
   297.87    675.11    514.68
   936.56    526.51    327.57
   717.82    578.19    394.90
   569.96    571.90    373.60
   515.59    561.79    362.57
   670.24    679.10    292.63
   567.50    564.78    877.18
   814.36    569.66    497.07
   264.48    697.00   1046.35
   946.23    520.59    525.73
   362.33    580.81    563.84
   423.67    587.57    977.37
   586.97    632.27    256.57
   729.08    519.47    381.56
   398.65    597.15    886.14
   745.35    429.28    504.09
   741.79    599.41    229.74
   520.61    579.89    832.33
   651.26    484.26    563.51
   670.38    517.54    528.83
   703.28    423.01    607.10
   657.84    629.39    797.85
   633.08    479.05    515.74
   650.79    538.36    671.05
   646.91    651.48    205.96
   481.84    634.92    744.77
   664.21    530.99    604.33
   332.72    697.27    898.06
   759.16    487.11    508.42
   240.20    641.81    899.75
   559.33    498.67    237.89
   570.44    496.77    404.88
   561.11    563.10    675.67
   708.96    516.51    373.99
   626.25    549.93    464.90
   776.47    648.90    226.32
   702.66    576.16    606.25
   622.16    659.34    524.62
   285.03    488.63   1439.61
   545.55    544.89    296.45
   349.06    530.08    960.92
   340.26    696.32    735.87
   548.89    567.80    963.18
   420.55    623.41    830.39
   488.35    562.97    600.89
   544.88    606.34    695.83
   550.33    582.27    485.63
   637.00    670.26    437.14
   427.78    593.88    788.41
   914.04    438.03    551.16
   534.98    666.36    289.63
   746.58    588.55    332.84
   147.02    473.80   1434.67
   644.00    379.66   1155.18
   793.36    508.11    210.26
   447.65    669.27    451.86
   598.49    618.85    304.20
   442.78    615.41    635.02
   353.79    783.54    512.05
   305.91    522.08   1280.51
   743.46    639.80    239.36
   452.18    555.58    870.56
   501.65    564.69    589.83
   553.21    595.00    923.00
   632.25    567.31    297.38
   447.70    702.59    516.14
   485.57    643.38    760.91
   824.44    556.50    499.27
   446.67    767.24    435.93
   772.20    636.38    429.75
   453.71    582.48    402.07
   598.01    544.68    576.81
   333.29    665.03    600.26
   702.49    543.11    361.62
   643.95    609.23    440.30
   579.93    665.31    318.49
   517.44    670.48    266.69
   342.00    690.39    561.18
   602.21    683.48    514.23
   519.99    620.26    731.99
   515.87    559.01    560.65
   532.19    527.69    618.78
   743.11    583.16    260.69
   585.12    521.12    486.38
   523.76    577.78    492.76
   333.55    692.89    631.80
   491.74    595.15    711.72
   812.10    562.64    334.42
   500.16    580.07    612.10
   417.19    607.01    594.14
   514.45    596.50    354.30
   555.71    581.42    731.26
   525.82    596.44    730.47
   885.70    573.52    387.41
   345.80    567.69    744.24
   566.22    538.41    505.99
   494.39    734.90    324.63
   371.93    579.26   1216.98
   493.10    625.70    652.39
   797.20    524.79    564.91
   508.24    664.55    639.58
   475.30    679.85    492.60
   346.15    623.87    752.27
   664.13    579.28    340.28
   451.84    749.32    334.87
   301.90    584.15    713.11
   369.50    565.45    478.64
   309.54    648.98    585.32
   594.34    447.35    854.91
   809.29    582.70    420.36
   428.31    692.31    594.36
   189.22    524.20   1706.25
   780.54    496.93    251.00
   709.47    499.60    396.59
   535.53    657.92    689.05
   406.80    556.34    574.90
   708.18    595.49    348.14
   781.28    530.64    543.81
   674.52    601.53    404.12
   466.76    564.80    844.75
   457.16    705.10    652.10
   375.04    657.30    620.46
   425.25    557.44    645.85
   562.55    595.21    661.61
   378.41    594.96    708.05
   410.78    492.83   1283.78
   521.84    494.85    803.75
   567.46    623.85    692.69
   456.34    628.02    581.04
   342.44    622.49    613.21
   683.39    683.45    301.85
   577.99    547.37    504.98
   695.87    592.42    408.77
   510.01    635.20    539.03
   606.01    452.36    356.68
   721.71    523.67    436.70
   451.83    505.91   1106.32
   789.70    466.33    352.03
   580.89    634.24    312.92
   401.21    617.52    499.25
   459.58    564.46    568.74
   408.20    733.95    538.26
   743.55    487.50    421.06
   701.66    552.08    389.41
   478.72    670.16    786.97
   582.88    566.25    336.03
   435.35    631.02    522.30
   821.43    474.06    253.43
   997.51    475.23    409.63
   646.78    558.02    275.13
   615.08    687.02    228.48
   544.29    480.93    718.81
   481.17    466.83   1161.11
   354.71    633.30    545.19
   797.45    556.60    404.91
   304.52    632.30    924.38
   619.28    648.85    522.63
   793.85    608.86    434.26
   677.98    554.21    567.81
   334.21    643.92    800.56
   503.48    765.29    476.53
   318.40    650.45    780.86
   422.81    490.72    546.69
   626.92    678.81    477.37
   485.63    540.68    639.87
   450.03    625.57    525.67
   576.57    547.15    453.99
   306.80    678.46   1030.04
   535.77    540.33   1050.07
   655.11    642.19    213.57
   344.90    488.93   1446.27
   371.95    576.45    657.61
   325.69    497.75    924.64
   726.67    530.93    265.45
   304.79    701.19    738.49
   740.59    530.56    273.92
   570.40    647.35    486.41
   320.90    732.98    975.24
   498.10    716.99    410.40
   504.53    557.82    556.76
   512.90    581.05    420.77
   415.17    586.49    752.84
   452.28    545.39    862.52
   318.99    588.65   1029.15
   606.58    571.17    383.40
   785.64    494.53    270.70
   886.89    478.79    670.60
   543.16    637.11    700.36
   598.09    589.69    291.60
   349.82    541.86    770.39
   816.44    491.64    365.21
   777.66    503.13    381.73
   693.00    564.36    437.83
   430.61    540.66    565.06
   372.24    673.72    659.56
   584.96    638.10    676.56
   875.21    497.85    382.05
   832.20    439.55    358.50
   607.46    590.83    260.54
   534.20    649.70    405.03
   258.62    532.08    814.71
   700.23    488.04    611.68
   536.77    701.00    514.40
   458.06    714.14    649.01
   894.77    603.76    287.78
   860.39    496.27    306.96
   427.65    594.80    690.51
   826.61    520.58    388.43
   617.28    595.24    511.96
   304.84    577.76    938.71
   341.38    645.43    973.27
   448.09    551.80    867.77
   230.08    606.92   1133.63
   407.23    652.07    614.77
   680.54    663.99    476.10
   438.77    537.22    591.41
   737.66    466.08    382.00
   583.93    525.75    569.52
   615.11    514.23    592.83
   418.04    731.50    725.04
   359.97    578.67    604.82
   566.17    651.73    588.17
   640.70    654.26    398.48
   479.72    480.78    537.80
   327.25    522.86   1014.41
   430.59    586.07    747.46
   994.16    490.98    357.53
   237.04    603.59    902.76
   579.18    651.29    409.09
   785.94    582.02    413.27
   409.97    620.78    890.99
   610.38    587.45    312.84
   520.87    660.30    582.69
   424.16    599.63    603.12
   554.31    535.36    613.44
   465.13    764.81    551.21
   231.83    705.19    744.27
   453.40    676.10   1125.91
   397.12    525.41    465.12
   454.48    536.33    599.35
   497.35    470.36   1180.08
   543.83    608.50    424.08
   798.76    471.03    450.31
   791.39    496.46    546.27
   799.36    541.90    261.41
   519.59    628.12    536.25
   125.09    487.08   1726.05
   659.93    577.84    365.73
   593.53    573.10    548.94
   310.56    531.51    782.44
   387.66    552.20    895.86
   505.31    566.25    678.49
   745.44    621.57    518.80
   448.24    442.56   1129.68
   751.26    647.26    342.21
   472.05    591.72    651.61
   568.62    635.81    518.39
   511.88    503.60    978.53
   805.23    408.77    470.02
   407.94    590.49    550.83
   684.34    596.17    443.37
   869.67    451.10    230.14
   607.39    689.49    387.51
   642.04    516.99    336.64
   548.73    505.74    463.67
   640.31    583.37    594.67
   567.73    488.75    482.54
   660.92    590.55    361.39
   435.09    545.29    970.08
   513.65    567.84    847.62
   586.29    712.92    508.28
   619.44    589.52    384.65
   674.07    606.69    316.28
   677.22    632.43    319.48
   692.78    541.50    379.27
   380.32    564.65    924.51
   502.34    645.24    357.45
   285.75    545.28   1844.37
   258.02    626.41    931.36
   374.78    615.51    719.77
   302.36    697.98    773.19
   504.58    629.15    761.44
   506.24    581.54    639.93
   465.27    668.57    691.70
   936.95    523.51    438.68
   679.20    543.26    433.03
   722.78    522.61    486.51
   448.97    620.25    835.86
   733.79    571.75    390.15
   362.52    599.92    544.12
   647.70    587.76    802.04
   596.95    590.64    300.15
   400.20    703.66    422.79
   458.47    570.01    653.05
   630.93    689.07    475.10
   517.08    511.89    553.46
   851.92    497.03    542.50
   784.30    487.11    557.64
   306.21    674.50    642.83
   469.88    706.27    726.17
   592.29    738.52    350.35
   418.05    731.44    546.04
   482.22    720.97    744.84
   652.72    541.68    418.65
   541.23    619.53    637.05
   534.73    557.75    481.49
   882.95    515.33    252.85
   615.24    596.68    298.71
   306.01    561.21    841.40
   381.74    629.50    962.11
   420.58    561.77    943.72
   397.04    728.03    508.60
   472.51    623.23    646.23
   470.29    586.17    477.63
   574.83    625.28    570.61
   317.55    649.41    509.83
   347.29    639.21    907.16
   480.41    636.32    537.06
   688.79    613.31    657.35
   513.67    578.11    762.50
   618.40    583.54    527.79
   480.64    625.50    352.54
   312.09    562.71    762.93
   665.51    514.38    726.61
   776.68    479.87    370.56
   306.39    649.98    764.47
   546.09    712.29    304.56
   504.91    605.81    460.37
   550.02    667.92    302.33
   337.74    578.93   1031.36
   825.66    617.72    246.51
   781.83    514.37    369.11
   782.64    500.88    509.23
   523.43    620.71    813.43
   574.62    584.54    361.39
   382.30    669.75    546.44
   642.19    586.04    679.08
   753.47    590.41    275.77
   368.19    612.77    838.57
   730.96    536.34    395.93
   360.50    738.62    639.51
   421.22    653.85   1293.33
   697.76    390.90    755.14
   472.67    647.40    631.15
   730.70    518.35    569.57
   462.32    629.85    371.33
   208.12    689.59   1422.90
   381.84    649.07    820.57
   436.94    656.43    356.21
   555.06    747.48    476.58
   721.50    636.83    471.81
   430.87    541.72    767.99
   487.74    534.16    621.28
   500.65    631.94    526.82
   486.02    529.41    631.83
   459.29    586.19    371.19
   270.85    685.57    519.52
  1004.30    522.07    276.48
   605.45    658.05    773.41
   596.74    513.84    546.10
   511.10    610.23    441.51
   590.60    581.95    359.63
   511.04    620.99    632.35
   295.58    648.94    700.18
   152.50    639.63   1417.82
   520.08    697.93    434.67
   145.56    761.44    524.44
   786.19    329.40   1217.15
   579.47    486.82    933.67
   590.65    575.66    500.89
   430.47    619.48    917.58
   464.00    632.95    642.98
   469.69    566.16    952.46
   331.28    668.70   1039.12
   486.35    542.82   1336.68
   451.39    496.49    929.38
   410.89    566.10    397.68
   379.30    655.41    734.63
   320.27    430.77   1479.17
   483.26    740.14    524.85
   804.52    520.15    308.63
   563.08    531.12    367.47
   400.96    687.35    407.96
   332.10    699.87    524.02
   509.06    556.28    693.82
   324.13    654.86   1279.22
   836.90    546.27    344.19
   680.00    497.02    539.82
   778.13    506.32    377.20
   506.82    666.58    482.78
   716.98    603.92    189.70
   459.84    524.32    521.43
   435.32    541.08    821.23
   640.65    653.43    422.81
   831.15    494.20    298.84
   747.92    586.39    456.14
   378.41    719.84    480.68
   694.49    577.14    419.12
   254.69    606.70    971.82
   796.66    511.92    631.05
   702.15    438.28    574.22
   596.89    633.56    392.14
   284.16    597.22    776.71
   408.24    693.23    555.42
   536.36    691.08    199.78
   462.99    527.68    945.75
   523.93    524.59    734.33
   896.47    528.66    270.41
   602.21    599.52    380.34
   468.46    563.44    448.19
   649.05    621.71    387.91
   479.70    620.42    873.22
   381.74    543.80    826.60
   538.22    437.65   1361.78
   548.78    564.98    471.18
   792.71    564.99    464.66
   492.60    639.06    408.10
   500.63    733.02    496.27
   438.51    559.33    774.99
   581.07    530.41    508.14
   775.66    511.55    304.21
   322.30    657.93    853.34
   534.44    675.82   1068.52
   417.49    644.15    757.35
   550.18    540.06    421.42
   736.61    558.09    744.32
   536.32    668.52    575.91
   432.34    628.30    873.59
   663.49    556.94    531.13
   675.46    585.10    464.18
   609.00    653.32    521.95
   347.34    580.15    511.64
   402.38    529.95   1350.99
   704.80    584.05    436.11
   517.03    538.12    563.21
   217.96    605.47   1139.18
   825.81    508.66    459.74
   642.03    487.01    467.85
   663.35    529.67    273.50
   739.34    580.31    751.03
   218.62    594.94    814.63
   844.39    517.61    385.24
   346.73    611.98    622.14
   601.21    442.32   1424.21
   400.23    567.89    577.17
   817.71    486.96    259.13
   416.39    579.47    661.34
   541.68    581.97    429.93
   680.90    597.50    516.79
   450.21    548.32    606.51
   676.23    571.90    385.63
   623.13    613.50    523.34
   637.61    668.28    555.62
   395.70    670.35    613.17
   355.81    638.64    653.73
   576.70    343.84    284.01
   769.41    491.41    247.73
   688.35    548.34    436.45
   688.46    581.09    703.42
   541.94    563.63    666.34
   621.65    582.51    480.44
   309.35    722.62    720.45
   351.33    620.69    670.08
   619.44    643.61    411.54
   702.67    434.78    322.80
   754.08    424.15    851.12
   628.98    577.56    354.74
   318.52    699.09    726.59
   392.63    604.22    538.87
   462.12    632.15    601.98
   737.16    564.53    234.68
   259.28    616.32    667.50
   844.45    541.41    197.04
   397.64    645.42    623.47
   658.80    584.25    570.94
   653.57    478.68    520.33
   572.44    574.02    743.23
   647.22    607.89    458.00
   332.78    792.93    456.02
   607.36    521.17    382.09
   649.23    489.60    369.85
   507.25    642.53    868.60
   626.73    549.16    558.97
   210.77    626.98   1093.10
   498.14    509.57    491.51
   636.32    404.41    662.94
   496.97    621.46    773.99
   479.54    620.02    477.83
   705.68    626.94    328.29
   441.32    620.21    266.05
   520.68    623.05    471.70
   786.46    560.29    360.73
   355.98    566.18    857.63
   643.70    481.20    384.92
   504.73    542.53    721.13
   674.39    667.43    231.94
   635.78    434.67    460.43
   529.47    624.75    600.16
   430.96    602.17    619.25
   305.83    616.01    642.24
   658.74    654.28    238.65
   672.80    472.59    626.96
   699.35    589.36    415.40
   623.43    606.38    740.02
   602.96    551.71    576.07
   592.70    581.61    428.19
   629.83    543.28    684.27
   821.78    502.66    460.70
   658.16    529.14    375.86
   321.61    780.59    795.50
   786.50    430.13    516.90
   334.48    483.56    927.56
   477.47    533.97    467.73
   697.81    451.32    612.55
   583.38    549.26    344.02
   503.94    560.11    524.38
   588.93    570.48    540.12
   612.60    715.15    377.89
   595.32    472.85    485.32
   773.61    482.59    475.60
   755.21    509.49    162.00
   394.47    474.90   1034.50
   444.92    700.21    584.54
   515.89    679.95    692.35
   479.55    583.91    561.97
   407.70    566.23    629.09
   545.82    585.50    484.70
   775.31    580.22    240.61
   340.42    581.28    790.61
   323.48    618.73    992.83
   523.61    651.90    366.64
   252.64    685.52    388.13
   776.60    328.58   1061.59
   369.64    479.50   1296.09
   545.44    550.55    403.23
   585.10    618.62    467.09
   403.89    681.81    685.25
   634.16    553.53    535.48
   701.56    597.67    424.61
   518.10    541.35    697.33
   733.67    591.43    476.15
   543.58    512.85    939.87
   639.47    530.63    516.31
   586.47    571.48    655.03
   310.48    681.40    720.97
   665.18    603.95    449.23
   447.17    608.30    594.01
   438.56    574.95    575.74
   312.55    593.70    878.31
   607.44    581.98    446.58
   745.59    579.88    189.87
   680.67    600.94    567.54
   570.22    480.37    795.08
   694.43    511.03    560.21
   619.57    568.40    313.52
   602.42    531.07    427.70
   428.15    625.27    732.22
   603.34    472.65    486.95
   581.85    460.67    664.42
   348.17    607.24   1010.95
   670.71    570.11    522.88
   499.20    612.57    568.60
   469.62    630.14    631.91
   455.67    579.91    853.69
   509.13    656.09    550.94
   614.88    659.22    331.21
   696.28    516.68    388.21
   531.43    559.13    996.25
   350.25    527.24   1252.03
   672.44    532.78    375.25
   608.46    645.41    446.12
   465.51    592.39    253.30
   604.66    580.31    329.88
   723.94    577.81    212.41
   472.31    685.23    412.43
   429.22    530.02   1079.89
   743.24    619.62    472.85
   443.07    526.79    636.59
   697.72    565.51    570.14
   504.36    360.87   1360.57
   635.69    513.30    304.69
   442.57    643.01    957.45
   617.22    548.89    460.29
   557.55    664.63    507.84
   698.15    441.95    662.91
   467.59    612.24    609.59
   537.04    553.24    304.22
   505.12    510.48    609.48
   565.45    614.47    670.75
   726.60    483.10    299.20
   419.11    411.17   1167.55
   623.20    533.51    550.15
   498.31    543.92    503.05
   446.78    587.29    498.34
   643.69    502.15    696.76
   684.17    484.60    431.17
   686.84    493.50    352.65
   420.81    767.36    427.31
   392.54    606.94    579.61
   657.70    520.77    542.19
   694.70    520.50    417.62
   392.96    675.56    632.77
   316.78    696.94    723.38
   531.69    654.56    422.25
   151.49    831.80   1041.23
   695.29    593.98    336.23
   377.65    643.71    559.47
   501.23    649.98    358.61
   624.73    607.16    304.06
   632.61    666.98    315.26
   293.78    709.42    356.43
   470.92    560.41    384.63
   297.89    635.88    958.01
   434.78    556.62    639.28
   427.34    684.22    588.92
   283.83    536.92   1451.36
   285.38    678.53    988.26
   629.91    628.73    547.30
   398.21    600.76    478.21
   632.42    633.18    603.86
   483.13    580.26    570.99
   606.05    653.43    679.42
   641.14    610.93    345.95
   298.84    649.88    613.63
   667.89    604.69    263.94
   528.22    605.84    634.63
   335.51    423.72   1057.89
   611.85    680.27    414.36
   771.68    509.15    280.17
   496.59    569.98    414.15
   585.74    539.38    373.95
   522.54    711.42    565.01
   705.22    548.08    460.64
   368.77    502.54   1070.30
   560.32    573.20    893.83
   595.66    542.80    371.89
   432.83    547.07    842.65
   457.20    596.89    644.66
   604.24    569.56    368.57
   101.42    627.01   1716.99
   894.22    471.46    304.27
   590.75    590.41    510.56
   540.73    640.54    750.76
   225.48    734.34    625.92
   896.50    414.65    176.22
   582.80    786.50    450.39
   153.00    719.08   1084.18
   658.98    622.63    543.97
   482.82    515.92    798.40
   555.77    564.69    537.45
   619.12    570.12    570.59
   314.53    558.24    910.23
   351.46    581.41    619.38
   566.74    570.35    399.12
   472.35    475.56    906.12
   533.11    617.94    554.07
   761.61    528.32    484.57
   854.46    387.87    325.35
   690.02    668.16    314.09
   617.90    656.40    538.02
   560.01    457.77    828.87
   559.04    602.22    430.32
   462.55    692.35    409.82
   226.00    662.97    685.64
   727.73    618.57    222.64
   548.78    674.00    785.05
   205.02    632.88    719.32
   440.70    650.51    909.10
   547.34    606.57    326.43
   536.25    596.79    563.99
   433.02    507.77   1225.83
   383.95    604.56    705.69
   472.15    620.12    740.79
   226.31    777.42    719.84
   517.62    470.06    502.14
   794.20    392.38    685.63
   480.36    623.95    549.89
   679.51    394.37    858.00
   682.22    805.08    446.77
   356.92    553.11    960.55
   187.98    493.89   1611.97
   495.38    553.99    719.73
   315.97    635.25    460.02
   818.85    504.90    400.85
   675.60    536.20    548.12
   544.00    641.47    467.33
   973.00    472.85    296.10
   753.41    538.50    369.71
   718.29    485.84    258.90
   480.47    587.92    537.73
   379.87    677.01    635.50
   612.64    678.05    531.50
   486.68    648.09    493.07
   732.61    469.94    467.46
   467.95    496.74   1080.38
   515.80    657.81    547.87
   535.48    493.18   1071.75
   499.06    650.35    272.40
   556.31    708.66    546.35
   805.10    440.23    354.68
   480.89    655.69    498.99
   516.34    590.63    464.42
   542.81    650.25    626.60
   488.84    643.97    551.12
   506.83    638.62    316.52
   680.38    609.58    386.97
   527.63    603.72    443.43
   665.46    639.04    533.44
   384.24    665.45    407.91
   538.19    576.49    464.48
   821.50    528.90    474.88
   893.04    550.77    370.13
   459.24    587.30    599.10
   552.50    591.56    548.74
   520.19    623.78    485.34
   796.43    553.94    258.08
   466.55    612.23    474.83
   357.68    617.14    567.97
   636.39    559.27    395.86
   658.10    574.67    362.69
   425.60    604.85    702.10
   742.65    580.23    545.95
   368.69    630.05    615.27
   416.78    602.40    451.72
   491.01    695.45    470.41
   420.58    731.16    439.67
   509.08    603.91    400.66
   405.99    542.87    924.49
   497.70    651.66    641.17
   425.12    562.51    896.64
   466.34    623.18    664.30
   346.56    600.33    570.35
   722.65    540.54    282.44
   574.22    643.62    629.39
   355.03    515.00   1479.78
   707.13    515.12    411.15
   765.06    562.46    368.71
   689.67    520.21    390.80
   151.71    698.85    849.35
   530.33    661.35    541.20
   591.24    561.27    588.51
   594.75    580.74    307.92
   515.83    600.82    543.41
   872.59    506.53    216.75
   172.68    534.03   1335.42
   322.90    711.95    813.03
   786.05    562.26    306.53
   913.96    570.79    326.52
   558.48    594.58    716.41
   603.85    623.35    390.21
   541.93    659.61    462.64
   784.86    560.80    255.24
   352.08    644.39    544.45
   785.39    608.96    432.44
   407.63    627.70    870.51
  1065.96    469.94    309.69
   317.46    611.93    831.32
   319.41    705.25    807.40
   314.11    770.88    802.17
   595.05    567.75    680.85
   872.15    425.15    290.99
   501.25    534.85    465.88
   843.28    465.96    556.20
   733.78    547.39    430.06
   466.76    634.68    361.08
   514.25    679.86    389.59
   830.08    553.87    504.01
   440.97    631.06    633.37
   561.63    574.21    480.71
   580.86    553.14    440.78
   796.29    571.58    394.82
   516.74    590.60    623.29
   660.75    631.59    535.29
   614.78    515.71    479.81
   764.51    566.55    336.03
   589.64    554.92    484.59
   591.11    519.09    525.22
   581.50    536.43    594.76
   319.31    507.78   1002.63
   449.07    737.82    510.21
   594.58    522.67    394.78
   484.38    617.95    655.81
   752.98    583.94    310.42
   602.23    522.86    400.93
   545.39    497.84    746.19
   548.56    545.03    377.72
   364.62    637.17    698.93
   620.84    541.70    635.95
   640.64    632.99    580.00
   531.09    675.84    307.57
   653.57    539.97    587.72
   436.59    602.41    445.82
   568.36    610.83    266.13
   600.87    468.11    653.25
   390.17    616.70    452.10
   781.78    476.04    538.01
   348.60    401.62   1348.29
   211.62    741.00    920.32
   764.92    543.19    557.24
   715.64    630.00    419.45
   540.86    551.07    468.83
   557.67    628.96    431.79
   650.58    590.22    361.41
   767.78    581.31    339.48
   442.65    547.35    642.55
   376.63    653.90    623.68
   436.46    616.69    682.15
   768.10    582.45    621.24
   221.99    637.65   1338.95
   608.41    541.15    516.82
   572.88    527.73    611.56
   389.07    521.08    592.57
   436.98    660.57    636.25
   667.84    621.39    253.03
   404.16    455.63   1154.30
   423.75    644.39    665.97
   573.18    510.29   1080.92
   323.35    761.97    540.23
   632.34    409.40    781.00
   722.09    510.39    269.29
   330.44    685.07    386.73
   463.08    456.04    985.21
   401.90    652.34    476.15
   895.63    376.93    326.16
   544.03    613.11    528.65
   491.35    629.16    660.55
   607.57    595.87    608.20
   439.02    725.44    668.13
   410.11    769.92    529.73
   226.85    529.89    927.57
   689.46    594.89    542.42
   527.71    532.51    251.56
   616.25    577.21    466.10
   446.77    649.34    439.73
   557.43    621.64    562.65
   894.33    561.10    417.32
   386.81    669.64    656.58
   592.05    591.92    509.90
   801.63    554.79    421.93
   614.04    625.88    508.98
   888.05    602.08    503.65
   709.65    597.95    298.88
   432.74    644.16    592.47
   445.18    604.34    870.30
   495.97    597.73    758.69
   442.99    681.46    615.76
   564.34    594.12    159.40
   487.48    540.75    557.50
   347.53    600.09    754.42
   635.75    554.72    566.34
   564.48    646.53    391.45
   829.24    439.00    422.62
   297.08    568.27    424.84
   600.14    544.10    385.49
   894.86    509.93    307.76
   642.81    602.76    321.56
   550.89    638.94    487.74
   524.26    702.86    517.00
   474.77    694.93    429.08
   626.46    589.06    385.84
   497.91    490.60    999.19
   512.36    568.64    866.56
   428.40    488.48   1113.76
   693.94    580.48    418.57
   439.92    601.48    537.56
   411.65    595.97    395.22
   616.00    511.52    453.29
   442.31    603.95    994.00
   433.27    670.34    528.91
   725.35    528.52    538.60
   563.36    658.05    437.72
   503.42    609.40    785.86
   749.29    433.35    559.25
   638.30    443.17    501.77
   422.72    719.31    767.64
   692.37    518.04    690.66
   436.22    550.71    801.49
   560.97    597.46    541.50
   444.46    612.37    665.17
   227.27    546.74   1397.40
   472.04    744.72    472.21
   665.02    472.43    343.94
   509.95    529.83    541.88
   575.03    624.58    565.40
   387.79    635.42    610.08
   332.75    534.05   1090.15
   465.18    648.27    405.36
   807.36    487.60    440.17
   508.73    737.03    502.21
   535.87    570.66    542.57
   447.97    589.10    870.15
   498.13    570.90    585.45
   435.06    654.15    531.06
   528.73    593.37    651.28
   562.85    634.36    615.48
   621.68    578.10    385.03
   435.60    644.35   1073.44
   447.58    478.73    735.49
   699.99    606.54    298.93
   242.72    792.37    754.85
   559.59    603.60    333.18
   734.96    519.05    391.59
   508.11    564.34    757.21
   627.87    567.71    553.91
   596.49    617.79    394.45
   417.87    704.07    497.08
   605.28    653.29    630.44
   578.54    466.51    546.84
   699.50    548.13    303.22
   777.33    521.99    364.16
   517.17    653.27    698.53
   386.39    530.84    871.63
   683.58    588.29    717.77
   828.12    545.27    330.55
   582.71    606.59    363.09
   425.39    576.94    642.72
   385.40    644.05    642.09
   829.22    478.74    426.29
   305.07    699.42    844.96
   586.53    739.77    471.10
   361.53    642.66    835.83
   504.38    586.75    545.03
   909.95    491.21    723.23
   416.09    632.64    644.87
   527.78    632.58    405.04
   631.55    549.32    217.76
   532.15    556.07    583.28
   463.96    656.35    819.93
   649.07    606.97    348.97
   407.09    626.16    617.30
   662.72    599.53    746.00
   663.69    519.39    599.30
   432.73    643.31    348.30
   759.99    579.30    251.79
   254.51    648.94    786.15
   528.57    630.11    547.28
   623.75    486.44    838.01
   316.38    602.04    607.24
   368.93    710.16    940.34
   554.34    612.96    610.31
   634.81    546.70    651.27
   452.70    472.89    376.79
   677.45    730.51    509.43
   660.42    533.58    446.88
   447.98    637.89    508.01
   545.52    661.20    349.58
   839.37    466.85    556.00
   487.31    540.89    352.10
   368.27    703.24   1050.08
   512.21    633.48    574.16
   565.81    727.38    686.74
   740.17    540.25    466.56
   781.66    459.50    367.44
   411.08    596.95    628.68
    84.50    609.00   1190.42
   643.72    537.16    663.98
   680.73    645.83    265.02
   688.15    498.76    165.27
   180.02    524.47   1496.49
   573.55    609.45    541.09
   679.05    512.66    287.47
   369.48    756.89    662.75
   359.99    592.92   1070.38
   816.87    668.70    361.69
   722.69    551.27    585.15
   357.80    609.55   1261.97
   333.34    519.61    925.15
   333.52    523.53    685.15
   394.23    643.18    519.00
   576.04    629.03    380.60
   506.17    617.70    773.66
   369.22    589.99    514.64
   606.42    545.44    220.53
   437.43    559.29   1066.06
   632.50    424.59    763.14
   389.55    724.27    722.29
  1096.88    501.78    437.73
   560.51    560.67    649.50
   422.08    691.03    528.64
   448.12    618.34    469.29
   296.09    472.65   1272.47
   454.38    426.13   1298.74
   466.46    490.77    553.22
   599.64    647.92    561.85
   683.27    654.63    341.76
   240.07    615.45    931.26
   765.19    445.05    559.35
   788.69    442.42    391.44
   414.21    753.88    577.96
   448.30    537.14    577.20
   341.68    766.85    565.70
   338.77    582.08    635.19
   498.98    537.09    595.36
   562.51    605.29    454.12
   584.08    669.85    382.40
   701.08    552.30    281.30
   418.73    687.26    560.58
   706.02    670.59    304.72
   539.39    669.70    661.71
   381.60    599.53    851.01
   465.85    570.92    658.76
   358.18    717.37    468.98
   561.46    585.20    431.51
   788.54    471.28    215.75
   446.75    481.43   1038.97
   664.40    526.50    586.88
   650.91    456.38    320.01
   866.89    450.58    350.22
   635.28    506.34    744.99
   791.03    499.57    256.90
   322.80    546.73    703.16
   489.45    619.76    472.98
   606.10    656.08    409.20
   777.69    514.82    617.06
   586.44    626.74    548.94
   679.56    469.61    269.84
   393.68    758.57    720.97
   451.45    690.39    574.33
   381.58    634.21   1422.17
   660.26    559.12    626.26
   328.94    506.60   1839.98
   312.23    628.31    682.41
   352.44    872.58    418.77
   458.31    532.31    959.70
   415.35    681.32    537.55
   724.06    617.00    337.74
   682.88    526.27    302.16
   583.06    664.45    397.18
   349.44    605.06    749.87
   631.28    547.93    513.13
   614.25    594.47    376.25
   536.99    561.36    647.29
   660.83    613.86    634.00
   836.48    520.91    657.12
   387.36    527.30    684.69
   766.39    519.09    363.66
   433.35    680.54    498.49
   824.70    505.25    370.21
   621.46    630.17    561.67
   286.96    603.09    984.05
   657.64    545.50    399.33
   396.29    525.35    656.61
   267.01    532.21   1510.32
   599.09    500.81    248.62
   703.62    573.08    348.33
   358.20    602.99    561.43
   636.17    512.91    599.85
   823.73    682.65    212.45
   568.16    521.99    583.81
   322.24    660.99    532.34
   613.92    556.13    713.07
   476.29    637.69    629.30
   382.19    726.17    815.08
   608.94    626.08    457.52
   600.76    701.09    429.59
   244.42    567.24   1432.35
   689.71    508.91    267.67
   750.39    660.39    326.26
   462.48    644.54    756.66
   590.42    660.57    406.26
   672.97    486.69    756.34
   629.93    553.10    553.31
   294.98    674.46    872.41
   542.01    595.91    612.29
   491.53    575.59    398.41
   311.11    767.20    661.13
   514.06    556.67    838.10
   633.47    480.82    773.63
   472.12    567.16   1110.32
   543.09    641.70    582.97
   466.01    596.03    632.01
   899.31    422.48    389.72
   492.61    573.22    660.94
   551.69    468.61    767.86
   659.41    546.58    512.46
   358.42    574.83    748.82
   498.96    535.94    668.17
   321.21    736.53    624.29
   402.75    719.26    649.82
   453.20    600.68    571.15
   336.82    645.68    889.15
   570.08    564.14    526.69
   590.18    613.78    700.76
   771.38    639.07    219.94
   284.98    646.60   1033.70
   440.86    656.22    772.53
   734.99    516.63    489.30
   549.59    567.01    479.97
   798.43    577.04    311.04
   615.95    465.27    833.97
   590.46    560.03    794.99
   223.00    696.27    767.21
   459.48    530.50    546.44
   588.87    729.24    410.24
   508.89    637.03    694.05
   185.52    511.48   1455.16
   665.17    475.80   1079.68
   682.87    588.09    415.51
   405.79    520.33    583.09
   617.18    528.54    574.67
   581.88    565.75    627.76
   647.91    473.19    290.05
   719.05    547.67    314.74
   650.75    641.60    484.24
   470.44    602.07    918.79
   449.96    568.72    605.09
   567.74    603.94    407.21
   561.00    528.25    497.35
   687.60    615.36    652.62
   382.88    591.42    994.20
   528.56    765.85    544.18
   576.32    554.10    367.82
   777.67    568.17    590.09
   310.56    598.09    664.35
   575.02    535.52    528.32
   821.39    481.88    324.71
   581.39    699.25    414.49
   615.54    446.89    379.71
   799.78    474.77    290.65
   303.41    606.81    525.73
   505.10    582.41    520.20
   613.66    520.49    427.24
   582.08    571.86    756.49
   342.29    684.83    627.23
   559.19    590.94    435.44
   520.10    566.20    720.17
   761.47    646.74    387.39
   176.65    581.88   1182.61
   659.47    484.52    628.01
   433.95    531.79   1016.22
   239.69    726.39    983.49
   752.36    599.72    259.35
   428.38    768.51    706.43
   510.86    599.41    476.48
   349.95    639.07    664.86
   474.18    622.80    576.08
   162.05    595.87    969.16
   259.12    574.50    810.86
   732.29    571.34    278.17
   775.76    557.04    442.86
   549.18    557.29    617.53
   668.46    492.47    482.97
   618.58    625.84    554.91
   418.91    519.11    772.57
   619.33    669.57    379.84
   659.56    522.01    361.15
   473.59    643.06    532.35
   499.35    556.96    822.30
   710.81    610.10    303.67
   638.32    496.12    365.87
   515.64    582.87    743.24
   839.70    499.79    252.19
   671.81    584.21    546.53
   668.30    470.90    966.64
   314.83    749.08    580.35
   578.84    540.15    334.00
   362.37    582.16    618.72
   542.30    640.98    379.97
   490.59    593.60    548.26
   598.75    633.17    335.08
   758.53    579.59    268.20
   651.64    629.46    479.78
   417.77    630.14    899.18
   663.86    541.72    462.33
   417.00    722.97    507.79
   353.15    617.92    954.23
   303.58    669.57    697.96
   468.76    649.23    439.93
   674.86    517.30    396.37
   544.90    543.16    600.78
   547.29    499.54    546.10
   379.12    581.21    581.02
   266.25    625.89    866.63
   543.56    570.54    439.23
   607.63    571.52    445.76
   453.43    618.18    632.26
   531.62    616.18    509.08
   465.85    629.14    532.10
   440.61    590.42    926.58
   579.88    578.53    650.62
   582.89    670.05    436.70
   431.52    631.66   1006.55
   630.55    541.37    499.48
   710.99    621.03    458.01
   682.17    588.38    289.07
   427.21    639.91    343.59
   602.28    521.13    586.88
   496.73    662.57    644.49
   690.48    440.90    979.28
   547.42    577.55    586.53
   721.57    553.51    270.37
   515.91    477.97    777.99
   565.53    538.29    467.40
   635.81    644.02    442.99
   559.78    603.90    710.10
   658.19    560.09    515.57
   601.34    532.46    407.13
   500.25    543.46    525.54
   528.63    578.71    643.76
   478.53    569.16    602.91
   187.81    653.36    962.40
   180.55    583.71   1112.43
   562.47    727.83    533.43
   495.27    627.78    405.40
   344.76    623.83    895.23
   618.34    519.78    519.26
   342.92    610.84    809.71
   726.78    533.37    599.14
   647.29    570.24    313.66
   716.15    487.38    729.86
   990.93    365.82    488.64
   294.19    710.50    730.48
   344.06    684.20    329.22
   506.74    657.19    313.29
   693.57    508.15    696.00
   687.91    518.32    755.24
   221.85    662.53    806.92
   631.81    618.05    326.87
   568.52    581.08    530.67
   472.46    508.13    781.80
   639.52    589.87    605.32
   716.14    473.89    534.52
   678.94    486.85    317.51
   445.89    664.75    405.14
   666.07    508.28    650.78
   463.26    554.15    554.80
   441.19    698.52    304.21
   393.92    629.84    983.01
   880.31    512.18    537.93
   601.06    497.77    554.05
   765.06    575.66    355.73
   414.23    689.27    704.01
   462.65    625.09    841.89
   350.00    537.50   1176.09
   483.11    570.23    787.13
   558.62    489.94    578.47
   632.71    710.53    353.34
   695.31    556.29    298.11
   489.63    543.79    413.63
   572.81    550.63    352.44
   819.13    551.63    262.57
   549.35    597.60    428.99
   567.76    562.80    702.47
   669.54    553.27    809.17
   288.04    476.89   1384.08
   721.21    586.09    670.68
   294.74    637.41    556.69
   618.44    661.81    477.66
   534.89    604.90    427.52
   606.89    666.72    313.29
   207.53    493.17   1936.02
   356.89    597.05    751.44
   436.20    639.55    567.15
   432.30    694.53    634.97
   596.10    440.04    374.15
   526.35    506.02    672.84
   783.49    530.28    255.87
   419.04    563.86    527.54
   810.33    544.92    159.34
   615.38    636.00    520.10
   841.11    415.07    187.69
   509.26    672.44    526.76
   601.98    652.38    393.06
   732.87    575.52    386.42
   712.00    536.86    598.94
   519.95    610.44    588.52
   549.68    518.81    283.10
   581.67    662.33    499.23
   638.07    465.83    594.16
   582.21    590.71    482.00
   580.27    743.61    244.83
   731.55    570.13    473.71
   604.25    597.54    524.01
   564.96    711.32    649.80
   539.57    653.84    605.84
   603.94    537.51    559.75
   778.62    547.64    494.31
   484.31    508.48   1106.26
   194.20    659.81    953.39
   616.79    522.58    397.89
   481.19    526.80    774.78
   581.44    549.68    342.82
   797.76    541.96    545.97
   403.37    617.48    772.79
   816.34    501.45    622.32
   563.93    591.15    390.73
   645.86    521.59    422.76
   309.41    720.37    558.54
   258.39    550.60   1303.76
   749.29    463.90    710.00
   816.50    606.92    291.17
   428.15    666.58    744.99
   550.46    557.05    300.84
   316.87    658.40    665.44
   618.35    711.54    487.13
   713.23    491.84    488.51
   431.96    655.61    416.11
   485.32    652.76    469.87
   811.41    543.66    358.84
   396.15    513.35   1048.99
   404.27    615.77    923.35
   595.12    518.77    653.54
   533.08    690.56    501.34
   885.29    497.43    422.04
   207.70    643.68   1120.23
   511.07    618.86    516.94
   596.62    563.75    455.05
   624.67    553.06    646.71
   624.32    639.72    275.05
   310.72    643.67    889.02
   575.11    605.38    402.67
   454.22    619.48    500.24
   750.27    531.63    300.81
   706.95    446.58    385.16
   557.15    485.60    466.43
   476.14    658.97    712.30
   282.77    578.02   1114.04
   398.84    612.99    585.79
   517.40    619.44    465.96
   669.32    587.19    437.63
   423.49    627.58    845.75
   536.73    559.18    764.30
   601.35    589.15    485.30
   288.60    578.14    974.65
   552.22    512.76    582.69
   709.37    559.64    294.03
   389.33    573.79    648.15
   344.46    579.36    980.98
   802.70    494.13    327.37
   531.82    539.29    374.57
   603.08    603.14    693.55
   790.03    660.50    247.45
   582.43    628.45    326.83
   455.94    501.23   1163.48
   685.76    571.84    659.38
   562.83    577.73    692.14
   788.80    520.58    231.28
   456.64    600.96    566.84
   347.51    728.99    814.60
   825.70    406.84    279.13
   675.80    435.91    578.46
   724.21    598.38    355.96
   339.77    615.17    948.16
   126.79    667.05   1051.18
   537.53    488.08   1011.60
   454.67    523.49    528.09
   577.77    540.03    472.52
   209.10    659.83    592.76
   493.67    654.02    585.66
   448.69    625.47    645.77
   547.32    654.95    280.08
   381.58    622.13   1350.26
   485.95    400.71   1415.19
   416.39    609.73    605.75
   704.04    519.21    358.46
   644.24    596.60    489.89
   555.25    488.64    840.03
   654.05    598.47    643.50
   564.60    601.87    453.51
   432.53    606.71    712.20
   776.85    446.33    342.16
   736.59    432.29    612.08
   461.70    639.74    687.53
   693.55    499.84    319.46
   382.82    709.84    631.09
   514.35    502.66    722.18
   481.67    694.99    438.16
   542.01    452.64    636.22
   619.08    611.18    542.43
   860.41    470.95    444.67
   748.77    485.42    508.40
   785.18    619.77    345.18
   338.78    612.73    815.79
   791.25    522.21    280.38
   581.44    636.73    434.50
   837.61    493.98    255.34
   355.55    611.30    378.51
   347.30    680.71    571.84
   474.88    639.14    641.60
   518.73    520.78   1003.51
   598.95    546.55    482.49
   634.08    579.42    349.52
   461.15    619.79    819.31
   697.01    511.59    309.65
   140.78    538.15   1046.74
   556.80    523.42    281.66
   366.24    681.85    372.36
   626.85    594.47    646.16
   510.93    599.58    654.34
   732.80    431.89    372.15
   891.51    489.13    360.76
   614.33    611.09    549.75
   563.97    634.52    253.02
   519.53    698.83    352.95
   751.09    610.03    399.17
   735.25    527.26    293.44
   646.24    535.66    605.25
   905.14    468.34    221.32
   691.33    645.72    583.11
   648.45    618.54    620.84
   577.00    567.80    731.52
   455.47    576.16    646.83
   450.66    503.58    920.73
   509.19    521.73    439.23
   457.15    607.45    742.94
   577.57    572.86    498.03
   454.82    515.02    636.30
   415.51    671.37    481.69
   511.71    508.92    736.58
   341.85    639.07    774.02
   330.32    524.90    567.62
   553.27    561.39    744.20
   649.69    537.76    469.04
   360.94    697.96    652.11
   787.15    509.59    715.22
   557.38    526.49    664.51
   432.67    527.61    651.75
   337.90    646.42    745.90
   417.37    687.07    724.12
   415.07    555.51    561.85
   465.37    676.78    709.52
   740.51    443.05    583.98
   825.60    568.55    245.92
   463.96    546.65    549.71
   438.95    564.70    620.08
   533.87    552.13    846.66
   557.66    555.29    393.96
   341.03    687.23    626.97
   905.03    539.28    248.46
   766.29    554.97    496.33
   528.82    572.72    503.30
   423.34    507.50    819.58
   733.35    571.81    604.02
   633.19    612.43    738.85
   616.96    564.10    498.03
   778.04    580.40    410.26
   322.36    563.87    584.54
   493.00    651.89    406.31
   696.74    481.23    827.61
   544.78    580.20    564.23
   545.61    553.91    687.64
   559.08    601.46    979.45
   739.27    496.62    371.85
   565.51    474.77   1077.19
   688.60    585.60    388.04
   307.34    353.20   1508.79
   791.73    489.95    557.37
   373.32    562.71    861.52
   806.09    490.65    210.75
   555.02    570.58    654.38
   616.45    536.15    476.40
   200.92    627.47    813.99
   285.74    600.96    978.87
   592.21    576.25    508.48
   314.91    615.95    679.88
   586.56    579.05    387.10
   871.32    411.20    322.92
   177.93    547.62   1409.13
   648.16    544.44    368.08
   711.73    608.12    198.74
   621.30    557.75    549.36
   554.56    608.40    360.70
   462.48    639.62    580.70
   656.20    513.38    310.13
   427.43    500.34    629.92
   668.36    522.07    379.19
   956.66    552.00    416.90
   336.66    551.89    918.15
   594.21    590.63    654.98
   698.86    575.98    626.87
   611.51    558.94    486.93
   491.84    554.38    469.33
   845.67    460.59    207.75
   678.65    598.58    424.76
   509.35    761.68    384.17
   911.95    439.67    218.00
   576.32    620.17    439.77
   762.76    583.35    305.45
   346.87    494.28   1259.47
   694.70    617.39    371.10
   494.74    579.39    596.44
   827.74    508.21    506.02
   809.50    535.11    421.75
   676.14    668.75    664.43
   528.62    571.35    662.09
   533.42    634.42    535.91
   632.76    552.47    645.68
   335.92    670.14    728.87
   846.38    528.89    260.25
   355.03    656.51    529.64
   373.98    609.04    875.85
   762.87    516.67    355.06
   501.83    574.77    520.42
   510.55    557.54    395.74
   354.60    502.01   1191.09
   704.33    516.38    396.26
   636.74    581.64    407.47
   545.83    572.51    331.99
   403.94    571.39   1206.18
   441.04    603.74    583.45
   388.96    597.71    273.83
   366.98    635.71    717.02
   194.07    599.94   1031.54
   640.72    592.88    357.63
   658.79    459.37    595.31
   611.02    593.56    350.88
   612.88    523.03    637.80
   596.28    609.01    565.40
   729.14    594.54    430.81
   692.37    707.71    344.18
   570.07    641.24    424.28
   276.35    505.07    959.74
   453.55    618.80    587.23
   520.64    565.81    541.89
   361.58    695.77    566.03
   379.30    658.46    408.06
   105.90    296.16   2378.12
   604.33    566.18    383.25
   699.35    403.16    393.74
   689.48    587.22    205.84
   410.84    602.77    731.85
  1013.80    530.76    190.93
   549.62    646.17    854.40
   642.54    570.48    299.79
   621.00    564.95    502.76
   559.18    624.60    527.93
   722.29    520.49    258.16
   811.57    544.30    402.07
   346.40    653.52    471.28
   295.48    674.64    902.21
   623.79    647.83    356.08
   413.02    678.34    636.94
   738.92    490.48    319.24
   497.87    559.88    487.38
   723.58    485.46    401.24
   536.79    581.52    390.66
   608.14    547.13    332.75
   601.09    626.78    619.21
   927.51    404.43    349.05
   657.89    598.11    757.54
   835.28    477.27    431.12
   391.07    638.21    658.90
   423.62    551.56    813.20
   711.81    493.67    392.88
   320.91    563.78    870.35
   555.76    478.02    484.33
   406.89    535.39    662.65
   537.80    745.41    476.14
   427.57    572.92    554.22
   533.14    506.17    553.68
   799.96    486.80    552.40
   684.93    592.30    484.65
   381.00    726.17    858.49
   441.06    609.38    600.78
   766.56    641.96    374.31
   723.85    522.77    336.23
   614.46    591.52    417.12
   568.74    595.00    302.78
   494.86    562.57    585.50
   595.58    606.56    506.65
   621.59    475.70    518.45
   582.14    663.02    572.12
   408.86    733.09    645.97
   568.60    540.20    695.18
   558.96    621.66    460.42
   342.13    521.76    927.70
   766.41    605.91    525.71
   536.45    573.72    378.82
   720.77    552.63    398.42
   807.04    563.58    514.01
   629.97    552.62    398.18
   564.22    573.04    379.93
   540.67    604.59    399.54
   231.72    489.55   1612.03
   341.03    611.01    813.33
   408.59    684.67    607.02
   349.63    588.72   1121.06
   355.63    550.90   1528.72
   827.66    500.39    272.97
   297.31    685.98    565.27
   909.67    446.62    412.58
   657.01    521.91    772.25
   658.02    541.15    488.22
   351.07    649.92    628.56
   620.68    568.33    610.97
   543.87    592.03    904.82
   803.39    578.26    284.51
   237.78    508.25   1053.63
   733.60    570.55    533.74
   618.94    582.33    436.65
   653.59    547.65    451.11
   251.80    612.53    834.85
   264.58    754.10    504.62
   567.92    584.82    426.06
   504.47    671.52    444.64
   340.79    633.73    562.49
   450.97    631.84    629.98
   673.81    491.01    515.29
   383.86    614.20    981.07
   558.23    642.46    867.60
   581.39    646.16    472.63
   538.66    541.32    468.38
   673.72    525.13    402.26
   793.02    518.59    342.58
   637.44    668.79    446.31
   327.61    698.33    997.56
   749.80    527.87    248.51
   516.80    618.05    435.50
   707.11    531.42    464.56
   692.30    580.66    436.32
   518.80    609.88    789.19
   611.39    538.74    456.33
   131.12    579.34   1115.47
   457.39    586.56    462.76
   580.91    599.11    508.42
   821.64    451.37    360.26
   343.30    643.67    575.44
   656.47    536.38    448.51
   401.53    617.11    584.64
   945.78    442.73    255.57
   506.57    567.13    630.15
   161.28    659.53    940.14
   618.24    457.64    752.04
   831.33    416.58    351.55
   424.92    631.23    637.67
   531.85    621.37   1039.28
   485.78    564.16    570.08
   615.38    605.64    525.70
   611.40    563.48    605.96
   459.38    722.14    650.10
   943.38    517.27    330.71
   484.33    676.24    591.54
   589.61    563.12    700.23
   419.38    623.07    696.59
   795.10    476.70    291.73
   726.85    688.53    393.51
   497.51    649.48    864.70
   746.53    568.44    432.01
   342.07    610.35    569.58
   611.74    617.09    533.86
   540.25    594.65    500.89
   641.61    700.95    500.63
   698.44    453.46    395.89
   424.50    619.36    550.08
   469.75    629.24    261.25
   615.11    535.54    269.62
   615.60    525.69    577.07
   798.60    502.29    414.10
   246.38    623.77    673.46
   454.83    572.77    414.15
   795.73    494.94    299.63
   417.79    609.19    710.22
   511.20    594.47    312.74
   702.27    601.13    631.45
   497.55    587.86    535.19
   328.37    599.57    682.74
   711.31    465.42    376.68
   649.54    519.31    566.30
   488.88    550.57    765.45
   802.13    583.98    446.05
   673.35    589.21    476.90
   435.64    585.84    517.95
   525.64    720.60    594.98
   582.54    481.66    524.45
   508.09    504.60    440.10
   518.85    521.24    524.79
   540.05    609.04    386.08
   487.31    649.35    301.80
   417.56    656.23    441.54
   558.13    485.13    698.47
   584.55    614.07    390.97
   377.02    657.58    781.98
   862.01    523.78    313.96
   149.50    599.30   1092.67
   598.32    583.29    515.35
   598.88    494.43    739.28
   592.47    555.98    360.12
   681.88    613.78    494.97
   480.90    598.01    950.15
   653.55    592.48    625.23
   440.13    629.13    453.67
   489.14    510.61    440.94
   707.22    549.56    528.75
   520.50    556.44    988.36
   377.53    674.59    513.80
   622.70    506.18    906.38
   518.15    727.43    466.75
   546.00    582.43    490.14
   606.46    522.07    578.27
   748.99    514.31    530.15
   358.88    728.70    555.26
   414.99    459.97   1320.02
   885.03    470.85    491.29
   575.06    648.05    443.90
   453.17    581.57    800.34
   725.30    545.11    386.56
   689.81    558.31    414.02
   268.73    610.13    791.77
   730.72    535.53    340.11
   285.33    646.86    830.93
   530.20    479.79    861.30
   535.55    504.76    673.83
   767.34    631.95    303.85
   550.84    617.18    432.76
   401.37    714.09    603.10
   577.01    639.81    764.21
   779.03    571.12    369.99
   693.04    574.18    378.83
   799.45    586.13    363.79
   232.24    632.87    579.17
   399.10    544.88    714.30
   708.70    635.64    269.05
   687.44    568.19    561.62
   346.22    292.02   1891.06
   366.80    659.47    637.32
   466.08    508.51    887.64
   391.15    661.20    732.38
   470.32    626.37    692.40
   466.33    590.14    686.08
   726.52    574.38    404.73
   652.98    545.84    376.74
   567.01    504.65    880.41
   517.33    674.62    465.95
   471.96    676.44    564.26
   450.12    440.92    683.51
   568.73    609.92    537.53
   622.93    575.29    411.96
   229.80    459.86   1171.35
   743.04    572.09    574.44
   626.23    620.15    314.57
   379.56    641.62    908.90
   854.96    471.17    293.31
   323.66    492.99   1306.01
   410.85    661.82    977.18
   254.74    798.98   1050.21
   902.05    446.19    406.91
   550.87    635.98    473.89
   292.83    610.26    496.42
   747.57    553.01    526.70
   605.79    514.99    360.38
   495.03    752.04    340.11
   757.47    652.28    515.24
   613.84    656.82    644.41
   699.87    534.59    342.12
   577.24    601.03    405.81
   519.10    705.91    531.26
   574.32    639.97    654.18
   666.46    601.28    268.91
   413.93    495.83    726.88
   316.95    613.13    855.59
   308.30    509.58    844.21
   513.82    522.87    513.06
   480.58    400.16   1356.79
   590.74    570.39    532.93
   412.85    646.15    877.21
   670.85    672.57    345.68
   716.28    582.00    369.82
   408.23    635.39    750.89
   204.06    676.96    919.47
   535.42    460.07    794.82
   596.27    566.37    397.98
   674.04    525.53    716.03
   485.75    607.14    716.04
   253.39    727.47    702.29
   418.38    642.83    379.63
   441.96    620.74    453.02
   670.74    564.94    478.97
   755.39    498.79    594.84
   368.79    537.96    982.15
   463.72    584.33    648.30
   647.08    465.00    824.06
   389.76    611.02    619.78
   492.31    599.37    483.01
   742.09    567.55    292.61
   699.21    555.66    354.12
   442.49    514.86    776.43
   698.84    536.60    371.64
   551.11    449.37    427.87
   833.20    466.34    367.23
   613.51    554.65    671.41
   738.70    517.27    826.37
   573.68    578.94    578.61
   721.91    587.60    425.06
   751.21    536.03    306.10
   428.06    621.78    743.06
   553.95    660.24    498.41
   368.62    644.73    630.34
   755.52    516.51    477.44
   458.97    593.25    799.30
   571.50    518.13    386.27
   172.67    370.34   1898.35
   532.76    533.44    386.58
   357.75    544.48   1075.54
   683.00    541.82    625.05
   669.09    539.92    369.11
   771.24    603.39    383.80
   309.11    555.92    825.63
   591.09    613.28    371.37
   404.61    672.93    728.46
   667.44    405.40   1063.08
   495.76    614.75    660.62
   386.90    647.35    589.78
   470.53    693.33    598.85
   759.74    465.24    285.46
   434.53    655.29    598.70
   559.26    623.95    447.72
   423.00    540.13    755.46
   664.24    583.56    271.52
   539.73    581.36    454.03
   445.82    484.22    679.10
   823.41    500.90    492.96
   650.91    606.76    518.89
   469.19    689.67    434.55
   473.25    646.70    503.96
   354.84    614.33    470.57
   648.12    492.03    364.04
   589.32    617.68    458.74
   576.29    582.40    493.62
   417.15    793.22    582.29
   391.61    641.42    788.23
   431.51    727.66    585.00
   503.18    513.27    773.26
   253.68    576.82    568.93
   539.26    652.56    462.30
   741.89    559.98    505.47
   669.63    572.08    267.01
   619.73    569.84    515.29
   467.91    614.94    652.72
   719.31    578.58    543.26
   637.11    639.85    410.11
   276.17    480.55   1728.29
   631.32    491.77    638.05
   549.00    536.11    263.59
   413.47    656.04    481.72
   852.37    541.61    529.50
   551.53    650.03    368.85
   428.59    603.22    522.16
   632.71    579.16    277.45
   507.53    577.94    577.70
   599.65    578.93    526.93
   464.23    599.08    617.52
   588.46    479.71    744.15
   522.27    480.15    559.14
   330.37    570.91    636.84
   647.43    534.74    532.08
   787.84    500.53    299.07
   438.46    643.64    602.71
   251.75    531.32    962.92
   596.58    622.65    655.64
   508.79    574.98    605.51
   526.44    638.30    689.89
   590.28    601.09    560.64
   848.17    536.23    326.58
   261.79    628.56    801.21
   433.00    513.28   1380.60
   668.29    358.54   1001.56
   609.28    540.32    451.02
   343.55    628.46    750.09
   700.94    547.32    449.59
   318.44    656.40    865.97
   610.77    617.05    498.33
   176.46    667.39   1141.73
   695.26    562.30    488.53
   915.06    558.32    377.62
   817.54    450.15    336.05
   513.74    643.56    543.66
   338.62    479.10   1003.11
   724.59    477.44    582.45
   566.30    645.75    562.70
   501.00    617.78    453.34
   652.79    518.50    442.54
   918.10    528.34    341.93
   506.14    511.22    829.29
   585.14    615.71    606.91
   470.74    661.72    573.40
   489.33    646.88    417.19
   847.71    499.37    314.46
   523.07    651.24    556.60
   779.88    473.96    685.15
   465.17    535.29    894.77
   781.14    451.44    440.92
   334.13    677.23    316.70
   367.34    552.17   1058.78
   431.67    661.91    701.42
   551.83    630.98    527.42
   439.02    688.71    255.95
   575.42    508.62    463.70
   536.18    685.24    470.57
    93.12    695.56   1413.71
   402.98    637.80    380.42
   554.90    622.00    501.66
   586.24    565.45    588.22
   481.20    599.28    942.54
   404.65    649.28    493.37
   593.82    592.37    599.15
   511.39    547.39   1042.79
   484.37    607.40    571.98
   620.45    546.26    570.76
   479.49    586.57    654.25
   580.06    479.02    472.50
   700.21    584.78    357.18
   382.06    623.52    812.25
   527.06    694.15    645.22
   348.38    705.00    512.49
   848.30    515.98    431.11
   771.56    540.47    291.34
   660.00    632.22    486.82
   407.20    633.48    684.11
   521.02    561.93    541.69
   361.81    704.29    465.63
   423.37    631.10    380.50
   501.15    587.99    813.84
   744.88    571.83    427.49
   600.55    455.54    764.94
   925.61    534.57    267.41
   512.39    529.50    613.29
   591.81    559.01    345.46
   432.57    801.81    383.61
   737.34    506.60    565.34
   519.44    573.87    343.55
   815.26    515.70    266.19
   543.99    599.40    571.86
   563.22    649.66    398.90
   324.54    661.41    681.26
   367.06    680.66    577.67
   669.10    521.98    522.50
   423.91    718.99    348.20
   350.27    609.86    736.81
   827.21    519.36    408.69
   754.01    524.93    429.93
   451.60    643.94    586.97
   773.33    507.72    239.14
   695.80    539.56    213.04
   442.14    645.89    494.41
   545.00    562.72    431.02
   722.59    655.34    439.20
   549.03    676.51    349.78
   765.73    546.26    394.92
   570.20    487.89    554.37
   639.19    536.07    429.70
   676.18    503.70    583.64
   340.32    638.41    812.75
   777.76    508.01    476.64
   577.25    695.32    537.65
   646.64    557.13    706.91
   516.68    529.83    924.62
   372.89    457.57   1143.72
   684.37    515.21    405.19
   558.20    644.07    564.71
   408.95    572.29    664.73
   302.33    704.00    907.01
   423.93    628.23    823.90
   429.12    589.35    356.71
   615.80    476.85    788.79
   366.28    674.47    452.77
   362.97    611.84    446.09
   337.98    579.76   1339.74
   434.27    491.95    679.97
   467.00    610.12    583.69
   483.13    543.50   1005.61
   633.53    619.40    412.42
   693.70    540.02    490.87
   509.52    571.79    954.64
   520.67    548.43    401.44
   862.54    475.76    296.10
   684.09    586.17    336.42
   672.65    459.07    374.78
   717.60    571.66    482.27
   559.77    579.41    370.59
   364.38    585.25   1242.23
   733.92    531.64    290.01
   760.75    691.20    298.49
   424.30    584.22    727.02
   680.67    535.24    645.75
   666.10    542.69    281.61
   279.27    565.05   1030.91
   426.80    636.15    917.96
   640.28    538.68    761.14
   573.76    541.55    507.63
   515.25    527.09    425.97
   628.52    577.05    467.16
   357.25    705.01    616.90
   414.45    715.38    397.31
   391.09    611.02    970.40
   501.41    577.39    504.92
   543.00    596.25    597.52
   516.91    554.66    362.94
   553.73    501.28    763.44
   561.99    580.50    506.94
   491.63    523.45    433.63
   367.28    598.67    727.01
   711.02    578.03    640.90
   520.81    649.63    431.63
   726.34    444.60    330.01
   801.59    543.69    443.59
   568.04    645.76    537.69
   647.11    596.92    247.18
   688.38    596.58    215.89
   588.89    572.08    408.25
   561.95    556.21    954.32
   690.17    591.41    657.26
   462.96    503.23    462.30
   607.16    572.98    470.13
   284.90    676.71    531.50
   318.00    573.66    821.88
   832.83    517.61    570.16
   574.29    543.04    586.52
   601.77    604.23    537.84
   302.61    600.64    738.94
   862.28    572.20    231.63
   321.67    638.02    825.33
   651.15    587.12    697.25
   506.57    650.00    572.97
   523.53    540.15    803.45
   283.12    646.35   1195.52
   466.44    702.79    460.14
   606.95    568.94    604.66
   779.71    611.62    410.69
   801.52    449.87    522.78
   546.43    523.26    362.97
   565.14    681.55    459.86
   705.34    574.09    677.56
   455.79    536.86    629.70
   785.00    426.44    184.01
   611.65    595.20    499.39
   357.83    687.05    832.88
   464.41    642.82    872.07
   685.33    495.07    241.50
   584.18    615.55    505.16
   821.17    463.19    460.49
   314.32    670.93    456.97
   358.19    756.36    511.44
   502.73    590.42   1052.61
   535.76    545.84    483.41
   517.99    533.25    550.81
   729.98    493.39    363.93
   881.49    573.83    385.57
   789.11    538.58    458.76
   523.89    659.03    562.09
   764.24    590.38    688.29
   780.01    659.59    286.31
   238.94    535.66   1407.81
   316.85    620.02    860.68
   601.93    649.61    473.69
   943.36    336.35    277.80
   406.89    656.04   1061.54
   297.92    632.35    843.48
   413.57    592.70    669.55
   277.23    615.99    548.87
   596.22    789.19    577.40
   585.08    523.80    325.23
   396.09    627.43    691.18
   331.31    477.45    862.86
   766.51    480.84    401.85
   478.35    591.09    331.11
   545.53    550.89    671.42
   772.01    434.34    331.36
   496.19    650.96    665.16
   490.91    570.58    570.12
   611.07    537.04    533.18
   587.60    580.16    442.82
   326.86    693.58    505.36
   560.03    712.03    448.13
   395.18    615.44    542.07
   397.53    680.25    689.65
   682.72    555.85    471.94
   456.38    717.27    445.89
   519.98    602.17    663.92
   547.18    502.54    600.11
   600.01    548.40    369.26
   630.74    474.10    586.43
   499.13    671.08    629.27
   421.47    540.06    844.61
   241.46    705.75    794.97
   573.95    633.87    385.55
   674.05    481.13    364.93
   583.91    496.53    232.08
   718.10    473.29    374.81
   730.85    500.95    644.49
   532.27    564.13    819.30
   368.16    526.98   1177.63
   586.90    571.33    343.68
   460.75    541.34   1063.05
   398.16    629.09    842.77
   471.54    714.67    253.55
   581.71    582.33    291.55
   516.24    515.61    766.95
   487.99    713.24    536.59
   434.38    536.05    717.50
   588.98    565.94    283.68
   935.70    500.28    457.24
   838.59    494.83    209.08
   575.49    583.99    362.84
   715.54    771.30    403.78
   793.42    492.11    714.74
   414.38    631.17    453.09
   652.15    661.88    234.35
   674.27    595.51    521.75
   624.30    563.24    493.77
   408.43    689.86    570.11
   528.85    463.77    785.85
   505.15    667.20    508.45
   736.21    476.57    278.73
   389.90    578.12    368.05
   549.00    453.06    863.50
   419.70    576.79   1083.30
   439.55    555.78    898.36
   470.32    580.72   1053.61
   648.41    578.67    391.46
   637.48    571.08    518.66
   571.18    605.74    511.99
   750.18    653.73    392.92
   699.12    611.23    264.68
   684.44    569.80    375.35
   610.55    515.11    797.20
   257.84    554.82    985.36
   456.61    508.00    463.82
   404.65    588.86    807.32
   325.79    729.20    969.99
   799.87    511.46    663.17
   652.36    530.39    407.25
   577.05    572.96    474.35
   724.05    533.26    562.74
   594.21    607.65    541.30
   477.32    634.76    617.88
   488.40    568.67    626.17
   792.40    471.26    612.38
   390.66    607.82    369.39
   959.68    498.59    262.78
   726.32    579.29    194.57
   659.42    550.46    459.03
   378.95    637.27    668.65
   637.84    595.93    519.26
   650.51    494.79    974.93
   529.17    624.25    661.82
   485.47    650.50    662.33
   396.62    612.02    385.45
   671.06    592.04    388.90
   775.75    446.16    303.79
   433.14    646.15    588.37
   473.53    553.20    593.14
   615.23    525.87    307.41
   913.42    485.78    270.74
   704.70    533.57    430.83
   208.69    356.00   2129.58
   454.40    676.45    532.56
   334.79    589.88    828.03
   597.22    608.04    544.20
   673.76    564.31    426.33
   581.15    507.38    517.71
   594.38    599.55    493.92
   719.98    568.08    388.46
   745.40    541.69    361.45
   718.26    488.39    380.08
   330.64    667.16    475.57
   484.49    561.63    430.86
   431.41    671.30    532.66
   500.39    604.79    308.13
   499.38    613.19    735.03
   798.40    409.61    575.41
   364.81    572.40   1244.06
   630.14    521.23    495.31
   788.92    519.26    621.95
   973.38    411.87    233.36
   622.63    384.62    896.07
   747.54    457.67    560.28
   454.01    762.23    494.41
  1043.59    512.54    293.31
   795.04    637.32    440.06
   523.52    630.19    351.13
   688.79    569.46    339.20
   501.74    702.80    519.07
   499.21    588.89    627.11
   223.17    759.87    736.89
   493.26    526.12    528.64
   506.18    614.44    273.67
   417.07    588.46    709.90
   357.01    651.88    712.25
   788.91    599.88    327.32
   713.72    561.16    546.30
   571.42    600.83    418.85
   444.71    579.55    767.46
   427.90    635.53    548.23
   463.02    642.73    435.49
   194.25    466.89   1357.93
   573.15    638.20    325.85
   637.68    648.95    432.30
   562.05    590.67    377.94
   334.13    566.20    819.38
   693.54    578.04    592.93
   772.93    577.70    343.24
   684.20    617.21    450.19
   319.90    624.96    511.30
   766.85    477.79    627.90
   428.90    559.44    464.34
   624.21    536.78    167.61
   647.00    524.01    571.36
   868.63    459.34    279.68
   772.00    471.11    268.78
   506.39    467.46   1015.82
   569.51    486.33    741.61
   487.28    627.36    397.08
   738.29    499.08    199.96
   657.25    584.89    405.90
   719.08    487.24    487.42
   498.32    591.62    516.67
   744.07    442.64    605.76
   333.60    657.06    690.59
   682.25    495.67    475.71
   472.79    525.75    532.38
   376.20    647.04    783.76
   769.49    511.90    620.04
   357.68    533.19   1012.06
   835.94    552.18    436.64
   286.08    642.41   1039.67
   607.50    539.55    470.17
   641.77    521.39    612.18
   692.34    471.52    491.77
   657.19    618.26    504.25
   324.68    605.71   1206.68
   387.96    624.32    865.30
   575.88    564.87    481.76
   742.89    585.56    381.03
   514.70    743.71    380.44
   772.95    395.78    426.18
   558.99    552.39    711.07
   663.03    574.38    308.20
   636.11    539.41    511.50
   426.11    628.69    691.42
   524.59    640.63    626.41
   363.45    613.38    893.11
   589.07    502.25    577.08
   839.49    516.28    358.00
   530.17    467.87    712.64
   713.25    403.47    724.54
   533.05    598.38    568.47
   647.39    576.92    347.76
   486.98    652.59    574.07
   678.41    538.67    279.49
   588.54    528.83    561.54
   311.91    561.51    857.94
   266.73    684.90    565.28
   598.66    571.14    474.23
   363.01    600.84    945.94
   674.06    565.41    379.02
   353.31    642.49    767.59
   859.68    437.68    202.01
   343.29    595.50    667.88
   627.35    575.20    601.14
   370.28    582.73   1209.55
   703.49    663.39    532.08
   379.00    697.18    538.46
   291.81    661.12   1358.39
   747.35    558.78    484.82
   660.19    560.16    481.26
   408.84    630.38   1036.39
   451.98    662.52    504.34
   399.37    549.24    556.24
   353.23    538.19   1008.75
   338.58    520.97   1138.53
   743.61    645.15    345.76
   620.89    701.05    225.77
   502.65    602.29    628.34
   502.06    453.70   1165.56
   526.18    583.27    674.87
   651.68    632.18    334.78
   519.27    591.42    943.76
   623.34    536.41    420.03
   416.75    547.14    554.82
   647.65    502.36    487.76
   748.88    510.20    301.86
   598.82    328.01   1103.31
   730.67    526.34    370.01
   233.97    517.15   1371.00
   706.78    559.93    355.76
   476.86    611.93    490.03
   601.10    473.72    394.82
   699.33    462.28    584.51
   787.98    607.00    482.47
   365.01    654.20    493.75
   281.76    577.21   1079.98
   438.25    604.02    621.78
   454.56    623.07    758.93
   685.83    561.87    366.62
   721.00    648.82    429.30
   448.02    638.42    744.05
   358.49    350.86   1366.77
   746.35    563.15    328.41
   615.86    663.40    431.78
   461.11    582.55    629.09
   611.90    488.10   1127.42
   551.29    474.33    809.02
   491.69    581.41    450.48
   435.26    629.01    365.56
   448.89    662.70    346.50
   585.83    551.59    435.07
   851.81    451.92    529.82
   488.22    602.78    295.97
   758.40    549.95    377.59
   385.76    534.92    945.09
   682.84    534.73    408.81
   664.60    484.75    484.47
   281.09    637.33    951.41
   885.59    437.14    245.61
   616.32    577.06    479.64
   658.67    458.42    433.73
   723.92    560.93    477.09
   653.04    473.22    529.66
   855.17    544.46    316.88
   455.05    696.84    677.07
   572.72    541.29    738.56
   693.75    553.67    384.06
   828.62    424.05    332.04
   384.24    541.33    887.75
   549.88    613.87    457.09
   528.04    637.32    567.79
   645.79    522.28    492.91
   418.52    641.72    388.73
   615.07    590.76    585.38
   387.15    685.02    537.40
   690.91    588.33    471.86
   412.80    546.87   1003.79
   531.82    578.20    417.79
   593.48    600.01    602.37
   594.42    467.74    797.62
   695.96    596.11    394.62
   420.39    629.09    912.71
   671.29    543.97    461.96
   616.52    603.19    632.62
   448.78    624.59    613.14
   664.57    632.53    348.85
   305.43    692.64    536.47
   659.12    729.92    600.47
   532.60    603.09    483.66
   555.35    630.87    464.56
   326.40    571.49   1110.37
   735.95    519.58    465.17
   619.96    589.02    658.87
    71.65    647.08   1034.47
   432.86    633.77    527.77
   724.34    461.04    529.05
   462.39    507.62    608.78
   464.82    589.32    683.35
   857.36    435.24    493.09
   344.56    699.38    867.04
   452.28    634.94    818.13
   653.41    439.92    188.79
   538.15    648.40    494.34
   584.29    616.90    551.50
   264.44    612.63    896.86
   575.93    616.05    587.82
   470.34    624.76    381.30
   596.89    620.89    593.73
   461.28    555.63   1087.74
   866.31    419.46    246.23
   591.58    561.63    522.99
   456.74    611.72    481.27
   906.55    493.90    311.96
   415.36    559.73    625.92
   497.97    581.09    774.41
   280.45    638.64    952.52
   715.55    535.97    434.53
   273.05    722.50    813.98
   509.96    662.24    422.42
   452.90    556.48    791.02
   651.77    590.55    681.05
   248.87    674.47   1070.50
   544.08    535.91    501.81
   388.71    622.48    619.25
   434.08    627.57    356.91
   549.59    640.44    344.77
   670.46    693.15    277.12
   333.67    614.98    562.67
   573.97    532.26    630.06
   502.92    486.12    645.74
   711.87    607.73    258.31
   665.50    513.13    372.22
   502.34    625.19    511.39
   291.43    598.41    668.56
   589.17    627.12    477.34
   874.27    475.59    318.24
   504.86    660.82    868.43
   759.47    564.39    318.41
   456.34    596.49    381.38
   314.70    661.18    638.14
   590.84    641.04    575.63
   440.73    491.06    613.45
   417.65    613.06    523.16
   559.01    575.91    356.75
   370.46    596.94    670.97
   705.43    513.72    461.25
   590.79    466.77    368.48
   462.98    567.68    601.94
   535.49    630.18    484.41
   443.85    553.99    514.44
   416.47    660.15    637.47
   216.29    352.27   2147.69
   720.67    553.51    399.88
   602.25    483.94    790.73
   248.92    575.07    883.31
   617.94    600.01    281.06
   524.80    677.18    615.70
   627.49    576.06    415.80
   938.16    574.74    317.04
   756.09    598.70    332.24
   498.51    656.44    729.47
   456.09    619.48    796.42
   634.28    569.81    769.19
   244.26    645.96    621.43
   299.69    600.35   1369.89
   546.52    618.60    445.81
   436.27    539.94    723.24
  1019.00    383.67    400.06
   312.61    600.95    840.16
   616.26    487.06    561.45
   562.42    568.84    882.01
   283.44    582.88   1078.38
   654.18    501.90    986.15
   676.71    658.70    478.70
   537.39    512.89    545.64
   358.75    677.90    531.17
   651.71    627.72    647.94
   478.87    652.73    340.00
   261.73    683.00    900.70
   650.30    508.43    295.83
   384.50    685.15    799.19
   602.85    663.78    430.56
   464.53    666.71    355.32
   753.39    510.00    304.78
   478.69    679.41    342.74
   571.63    580.19    699.74
   678.55    621.62    413.65
   357.29    641.31    771.60
   194.22    664.88    754.46
   975.89    429.74    328.79
   646.61    576.67    262.04
   821.63    542.36    356.33
   802.47    500.01    461.00
   462.93    684.55    333.88
   448.80    669.91    382.68
   751.05    502.91    380.85
   647.35    594.47    274.11
   581.36    579.06    536.84
   567.87    491.61    616.27
   800.26    557.52    399.14
   484.71    663.20    411.20
   599.54    494.61    277.75
   511.16    567.76    496.20
   337.91    697.92    929.26
   546.45    566.69    540.83
   325.35    682.54    706.74
   406.76    681.83    251.47
   268.93    655.78   1138.01
   673.27    545.78    574.90
   361.21    595.03    596.71
   351.44    620.47    459.34
   403.35    651.28    662.48
   638.09    448.88    521.85
   799.61    519.76    390.56
   458.95    535.00    409.43
   398.07    682.37    820.09
   766.79    540.31    564.36
   394.18    625.24    820.01
   400.73    532.23    547.24
   975.92    399.15    982.23
   220.11    495.44   1141.30
   581.80    538.33    588.82
   594.65    621.28    323.16
   458.77    608.52    605.93
    96.12    480.91   1250.63
   348.77    523.45    588.37
  1040.92    486.41    450.50
   467.28    474.89    886.89
   445.38    760.62    935.18
   740.17    610.06    492.08
   515.21    594.32    404.27
   533.50    535.65    772.54
   527.76    706.36    428.41
   287.05    557.13   1347.65
   890.41    461.76    557.59
   538.78    595.11    493.89
   308.95    660.63    735.44
   781.11    495.16    504.66
   135.03    569.46   1079.77
   618.76    574.40    635.31
   341.57    729.64    663.96
   701.25    526.44    659.42
   369.47    699.91    711.41
   569.23    635.87    594.47
   267.35    683.17    840.24
   587.97    566.75    608.58
   526.13    579.54    601.41
   549.66    611.25    476.72
   430.61    620.55    666.74
   555.92    579.38    320.06
   557.27    678.87    600.41
   476.68    631.30    449.91
   707.90    541.74    415.62
   887.23    491.02    295.37
   422.51    699.98    677.11
   599.69    518.27    562.66
   559.15    520.38    467.85
   427.63    540.44    804.74
   601.14    567.01    354.11
   766.46    561.54    525.74
   450.57    594.57    596.19
   517.36    624.26    638.55
   603.60    476.07    522.43
   570.26    558.98    585.27
   477.00    585.68    872.38
   477.15    617.30    804.11
    68.35    516.26   1439.57
   571.41    541.77    884.71
   269.13    617.97    707.89
   360.78    546.22    974.45
   331.44    585.50    761.53
   620.34    621.07    485.24
   704.72    556.77    229.96
   451.71    617.98    732.35
   582.48    556.26    436.57
   726.33    649.62    368.97
   556.38    625.89    606.21
   437.45    644.45    910.13
   572.45    536.73    403.35
   455.50    604.02    527.89
   591.30    694.44    612.57
   514.36    554.15    561.07
   544.42    643.41    292.65
   638.04    572.00    500.10
   453.08    528.68    949.17
   579.36    504.01    495.52
   539.87    561.53    864.11
   410.31    628.50    465.67
   549.20    517.12    823.52
   731.75    543.69    439.47
   678.22    618.15    389.35
   300.73    764.53    732.73
   549.58    424.91    790.60
   586.50    613.82    588.60
   593.26    566.60    565.16
   530.96    575.07    673.44
   395.11    645.24    365.04
   329.85    588.97    967.92
   692.74    561.42    275.41
   743.75    546.89    400.76
   707.96    478.50    458.36
   784.14    527.24    286.73
   474.06    675.98    426.42
   531.35    663.23    359.14
   398.61    618.77    365.22
   920.57    477.44    317.06
   565.01    628.05    489.35
   325.75    635.32    973.61
   540.91    584.16    543.81
   463.36    587.20    600.68
   598.89    567.53    308.48
   471.93    648.88    537.15
   605.62    530.60    378.38
   482.06    591.91    692.49
   464.64    582.34    572.69
   559.76    600.13    585.00
   470.59    632.45    497.39
   578.56    528.87    802.62
   517.94    578.71    514.19
   547.14    678.81    532.34
   401.44    589.88    759.65
   381.92    597.84    677.17
   476.25    656.09    651.90
   337.96    562.86   1304.37
   450.87    579.95    891.92
   685.38    557.11    557.67
   482.57    589.54    528.89
   469.28    586.70    682.58
   660.79    536.45    540.23
   459.19    608.75    622.50
   471.23    702.64    467.00
   390.54    742.12    847.64
   614.65    568.22    551.78
   490.37    547.18    720.62
   289.01    581.99   1030.41
   760.17    469.72    332.60
   625.84    591.42    422.94
   918.46    485.46    389.50
   452.69    710.14    558.15
   568.09    656.32    569.96
   614.31    517.82    504.54
   501.76    494.68    671.63
   737.95    473.13    502.99
   567.11    696.80    573.31
   777.91    621.71    320.67
   276.71    710.99    907.87
   463.87    691.53    462.71
   816.50    546.32    145.02
   360.67    568.36   1079.08
   680.81    624.37    392.84
   473.49    589.33    334.82
   797.43    494.27    533.50
   616.43    645.36    462.06
   420.89    570.25    652.76
   556.88    596.12    826.39
   406.92    655.05    588.88
   527.93    599.26    251.36
   476.13    668.93    442.40
   633.43    657.76    376.33
   302.93    600.23   1122.51
   540.88    594.39    641.80
   803.78    603.55    415.62
   495.36    611.69    723.69
   570.21    571.13    631.24
   131.15    681.93   1056.68
   392.33    569.48    680.51
   699.14    596.93    291.07
   511.03    568.17    622.99
   648.35    471.24    735.96
   759.11    540.99    228.25
   818.65    401.96    665.29
   400.54    594.05    822.59
   550.70    534.16    522.86
   442.46    497.81   1127.87
   428.45    612.47    341.96
   605.96    574.81    267.14
   419.00    611.82    548.95
   501.17    730.63    484.95
   788.75    474.01    517.35
   694.34    465.08    395.42
   596.66    709.05    403.38
   595.42    553.84    580.82
   479.04    648.20    468.97
   519.49    638.46    344.81
   534.61    574.82    750.49
   504.71    521.93    682.74
   479.56    605.37    528.26
   766.89    542.13    492.38
   836.50    587.49    413.10
   464.69    639.60    584.54
   399.47    744.67    532.03
   654.85    559.11    439.39
   646.39    663.50    687.62
   338.64    588.58    952.27
   391.73    471.09   1182.44
   416.64    695.60    534.52
   602.18    579.40    403.43
   771.20    614.38    576.58
   399.98    636.34    603.05
  1018.49    539.58    265.56
   450.36    665.62    520.31
   512.15    567.99    850.35
   631.31    580.47    562.56
   893.83    453.47    274.35
   344.28    611.46    450.30
   650.57    629.56    698.84
   550.36    508.00    700.24
   468.18    603.30    711.44
   457.79    534.80    902.99
   526.20    564.75    445.27
   532.29    701.19    740.72
   447.69    586.94    900.97
   248.32    725.36    513.79
   842.56    584.22    347.42
   692.04    624.89    572.95
   940.29    397.05    295.64
   513.68    542.52    261.74
   689.78    574.86    173.85
   443.97    501.65    926.92
   527.48    661.67    442.15
   330.46    519.04   1369.65
   470.58    721.99    541.04
   490.10    708.15    310.97
   626.83    463.77   1015.07
   579.43    524.22    903.74
   793.12    607.26    247.75
   508.96    695.04    679.06
   897.04    597.42    290.09
   546.91    530.50    943.02
   630.01    625.66    587.14
   453.27    683.80    360.43
   523.89    630.53    489.49
   532.48    581.11    673.27
   782.09    474.11    413.94
   496.44    655.06    498.97
   648.89    474.82    388.83
   502.63    662.94    551.78
   591.50    579.05    352.84
   412.32    583.26    585.10
   667.41    534.33    669.62
   872.24    546.23    473.98
   692.51    508.62    497.56
   566.49    592.50    489.16
   652.34    530.45    331.06
   284.02    701.80    845.19
   531.24    654.05    535.77
   455.53    573.29    621.35
   165.53    505.04   1721.64
   517.12    482.59    766.66
   707.88    608.83    611.88
   565.81    611.92    661.44
   459.30    464.60    737.28
   674.32    556.76    616.72
   620.40    521.68    377.45
   334.26    704.01    537.74
   323.51    398.45   1407.63
   495.26    490.89    893.99
   319.75    719.60    849.74
   720.77    537.43    609.83
   690.80    450.92    607.06
   677.78    521.18    433.30
   427.60    479.24    971.53
   539.82    586.79    493.61
   446.28    714.58    342.00
   298.30    791.18    454.83
   270.28    694.17    732.68
   401.74    694.94    481.03
   718.36    526.56    570.66
   396.60    622.18    770.64
   449.65    634.43    553.26
   575.06    526.20    811.40
   499.49    629.89    647.05
   617.47    486.42    519.01
   284.21    671.08    909.37
   371.63    516.28   1105.87
   691.78    414.45    411.49
   382.13    648.44   1032.18
   668.24    517.38    677.68
   530.43    495.79    907.93
   753.69    517.24    445.11
   706.52    536.27    462.76
   406.71    654.67    890.99
   359.10    586.57    809.71
   762.23    508.70    308.71
   583.47    600.58    359.19
   650.73    613.24    435.71
   457.10    694.62    646.72
   518.00    603.10    368.23
   480.94    542.58    559.37
   347.15    604.85    688.26
   702.26    569.00    698.84
   678.93    576.54    504.84
   362.14    581.64    695.09
   210.60    672.65    587.17
   460.23    624.93    470.66
   475.48    524.54    520.41
   391.26    606.00    887.85
   524.37    569.79    318.18
   357.04    587.35    779.63
   531.42    604.99    396.73
   752.66    504.71    429.98
   640.09    653.61    578.07
   437.13    575.97    669.70
   761.58    579.84    369.40
   663.23    641.98    265.59
   382.29    635.85    750.04
   535.78    600.66    479.97
   153.24    659.84   1335.49
   668.60    592.56    596.11
   485.84    607.96    389.66
   947.01    503.36    606.02
   331.57    631.80    844.11
   658.09    589.09    355.73
   477.48    575.39    591.08
   718.07    507.49    449.57
   703.48    507.97    409.07
   414.72    660.61    428.07
   529.66    583.57    755.38
   509.41    702.91    650.75
   912.25    525.82    349.89
   580.20    601.29    618.73
   348.59    636.85    654.20
   466.28    722.35    660.25
   285.73    598.26   1373.81
   634.97    665.12    494.06
   341.03    574.55    791.55
   687.81    433.96    831.69
   468.07    607.49    565.25
   803.06    553.35    475.18
   187.78    699.68    692.29
   515.81    529.18    750.46
   722.88    569.78    508.98
   350.70    682.81    572.11
   335.76    534.44   1221.92
   358.87    712.27    424.09
   751.54    497.43    397.78
   555.81    510.10    487.11
   644.77    585.81    462.74
   814.04    501.22    345.74
   522.69    504.19    713.43
   550.24    560.26    378.23
   189.68    611.82   1036.41
   608.92    631.25    524.72
   530.86    516.99    417.42
   476.75    580.96    631.18
   553.48    572.80    319.05
   360.54    599.36    608.06
   797.00    477.24    383.96
   889.72    557.12    232.50
   698.70    590.90    397.25
   409.96    617.58    752.62
   302.18    653.90    753.17
   613.33    556.22    469.52
   694.76    502.87    552.65
   892.68    465.01    439.17
   377.24    618.70    672.61
   618.85    603.09    266.35
   866.37    481.77    251.63
   425.31    553.77    917.06
   696.43    615.07    488.10
   751.40    614.51    356.31
   484.13    768.44    639.21
   570.57    517.55   1011.86
   433.33    741.10    537.22
   341.20    509.38   1468.86
   596.18    548.33    550.13
   524.22    562.45    730.95
   667.30    503.97    502.69
   592.89    597.90    515.16
   694.81    501.62    312.52
   244.48    615.98    737.73
   690.73    658.80    363.74
   596.23    634.45    246.37
   424.56    647.45    480.46
   856.16    482.11    215.54
   432.32    675.45    687.46
   348.78    555.19    838.94
   553.79    596.97    271.26
   491.63    547.64    799.13
   366.79    706.52    737.35
   781.91    521.31    253.77
   620.20    572.06    530.07
   577.22    574.26    560.19
   482.32    514.48    709.97
   480.12    556.93    422.97
   638.62    472.73   1218.18
   824.92    485.35    199.51
   647.42    567.12    548.86
   305.80    502.36    876.82
   573.88    517.02    490.84
   464.51    614.53    452.48
   889.42    535.93    247.04
  1010.03    515.32    309.54
   415.76    607.93    557.29
   162.61    799.82    852.81
   566.49    599.69    433.18
   741.78    627.10    512.84
   781.91    445.95    455.24
   437.79    482.39    776.13
   583.65    684.57    315.92
   775.94    571.29    525.26
   704.74    606.91    344.29
   640.16    509.32    413.39
   531.38    530.75    428.36
   374.72    746.90    668.97
   573.03    568.13    290.55
   392.55    588.96    744.67
   418.67    590.58    589.45
   606.50    539.39    464.49
   477.94    493.49    813.89
   503.10    667.36    645.80
   630.89    618.56    538.77
   382.41    678.53    527.84
   386.79    608.21    694.34
   574.84    610.97    253.77
   460.81    513.61    835.11
   701.73    561.32    410.18
   474.21    478.84   1171.49
   754.78    489.10    292.27
   614.13    580.44    600.96
   714.83    442.39    610.98
   569.04    642.75    541.02
   814.57    609.53    387.19
   587.63    542.14    554.40
   735.50    502.99    529.33
  1116.32    378.69    369.85
   513.55    574.81    830.61
   708.30    546.85    484.94
   402.85    689.45    636.95
   524.59    642.04    638.02
   369.51    668.02   1011.82
   617.64    548.18    639.92
   665.31    518.68    767.37
   679.09    529.26    322.64
   159.55    556.34   1678.21
   744.45    607.39    452.72
   758.49    638.14    610.19
   670.95    571.85    453.55
   452.72    544.13   1209.73
   391.65    634.69    727.51
   812.18    534.96    500.68
   397.84    626.72    614.63
   492.66    626.08    546.42
  1010.23    484.55    444.71
   368.77    655.73    773.92
   550.39    469.55    596.87
   747.85    586.37    606.63
   475.89    545.93    997.50
   614.83    604.36    542.62
   391.68    610.98    690.95
   614.55    610.12    418.91
   350.22    432.18   1453.02
   849.74    443.28    273.60
   258.15    711.37    659.10
   611.92    542.73    537.63
   336.59    631.69    832.06
   525.92    731.21    644.91
   269.68    656.74    667.77
   651.62    572.56    435.71
   760.68    498.19    367.99
   793.09    568.06    386.83
   848.60    491.34    437.09
   570.45    664.16    499.07
   479.48    732.91    428.28
   356.40    605.68    668.43
   757.65    497.96    423.63
   509.95    578.14    941.33
   640.38    608.34    187.38
   642.26    505.23    629.57
   169.85    695.94   1338.35
   308.15    612.71   1034.18
   513.41    538.57    962.46
   521.93    725.28    580.24
   541.65    559.19    436.25
   489.40    543.33    526.05
   472.08    537.11    701.79
   995.84    449.22    389.68
   433.03    517.31    489.64
   872.69    523.86    664.81
   730.52    464.84    461.10
   198.99    584.06   1193.62
   723.06    540.22    214.99
   307.15    563.19   1148.12
   355.96    629.36    701.54
   548.34    414.78    987.23
   591.39    585.27    565.17
   775.82    504.53    222.45
   783.94    527.29    305.39
   524.26    676.03    597.14
   442.11    663.25    534.50
   445.63    641.43    963.10
   576.89    593.13    474.02
   493.23    622.49    572.24
   628.65    487.99    497.18
   697.49    582.73    630.04
   384.94    605.62    726.47
   716.39    520.91    334.30
   479.39    668.49    662.32
   746.94    592.40    350.14
   463.94    675.55    420.65
   661.46    541.80    269.59
   396.99    547.77    623.89
   465.29    508.46    714.87
   704.56    453.20    303.67
   618.14    508.61    459.71
   315.39    559.31   1021.96
   343.82    612.47    656.08
   797.60    537.85    391.48
   494.55    569.26    266.24
   500.41    618.88    657.29
   629.31    483.77    787.99
   337.94    617.30    583.24
   328.75    630.31    789.43
   601.78    571.08    551.49
   505.35    634.80    651.88
   712.59    429.45    775.29
   355.47    632.04    536.75
   595.64    331.61   1942.10
   627.77    572.96    576.85
   524.20    599.84    579.14
   324.14    501.45   1535.25
   682.25    640.59    434.59
   298.98    610.22    963.80
   583.58    597.85    610.07
   419.32    677.87    445.77
   222.94    665.01    856.30
   496.40    601.04    243.04
   306.12    620.31    660.89
   557.41    531.46    733.92
   541.60    603.37    485.26
   548.48    667.06    359.87
   903.37    521.92    374.36
   740.05    615.17    307.80
   215.04    253.52   1830.82
   573.78    669.18    518.05
   736.84    471.75    411.34
   782.01    436.19    562.85
   368.65    520.15    739.02
   330.94    595.50    642.41
   423.25    730.69   1016.35
   609.47    464.14    457.90
   599.86    538.46    371.49
   311.06    533.47    643.35
   607.69    542.11    365.88
   475.39    675.65    497.17
   607.66    552.48    519.34
   651.22    684.78    485.53
   424.59    672.49    634.47
   426.55    664.49    475.48
   370.46    690.13    645.96
   402.67    587.73    512.06
   304.58    577.20    599.69
   539.90    605.93    616.54
   898.33    516.45    317.11
   845.00    559.10    242.22
   205.42    628.20   1039.09
   574.42    553.54    598.64
   593.66    576.53    540.66
   858.43    497.46    351.66
   622.98    623.75    498.76
   616.05    661.31    273.93
   299.42    651.03    935.22
   538.43    601.51    515.22
   624.06    639.72    435.65
   634.12    512.39    471.63
   485.28    495.79    609.89
   309.77    527.85   1005.39
   600.76    537.49    448.43
   710.11    546.29    437.76
   523.28    625.04    994.65
   944.88    486.35    295.72
   703.67    538.82    363.82
   651.85    608.18    426.02
   759.07    619.42    334.85
   467.00    727.32    491.47
   464.37    591.20    670.46
   571.82    572.71    596.86
   606.24    393.72    607.63
   831.45    533.73    380.58
   759.69    558.15    281.88
   359.35    530.29   1284.07
   337.01    665.35    765.98
   583.85    600.38    845.72
   378.68    540.52    933.02
   649.95    555.09    251.00
   751.71    546.82    262.03
   612.67    569.56    726.90
   398.22    555.81    563.46
   489.24    541.79    303.05
   593.71    568.07    488.77
   543.13    712.76    749.77
   295.21    596.64   1167.35
   569.06    566.40    357.41
   304.62    720.27    663.55
   764.53    463.99    555.54
   480.26    624.40    623.10
   475.30    588.36   1159.15
   256.69    517.84    892.85
   392.58    621.47   1012.14
   289.50    688.87    605.05
   578.42    659.24    555.76
   408.91    559.84    949.88
   568.31    536.97    448.93
   325.09    796.80    599.27
   563.17    660.50    462.49
   499.87    644.29    391.34
   857.72    478.96    529.47
   323.82    511.15    915.07
   390.86    423.10   1182.47
   440.90    715.84    635.04
   575.93    604.91    372.51
   544.30    574.12    600.05
   455.51    727.55    625.33
   394.53    598.00    702.23
   636.85    449.42    494.26
   649.73    608.85    428.52
   540.29    570.04    476.34
   622.86    634.29    339.15
   505.56    603.76    657.12
   716.12    499.28    283.85
   708.96    545.54    842.30
   523.10    587.16    568.81
   488.90    630.77    542.52
   453.81    664.30    538.08
   705.75    611.51    309.34
   758.70    546.14    507.24
   554.45    539.05    567.27
   765.20    433.12    357.56
   789.53    527.40    443.58
   103.19    628.95   1195.15
   333.84    642.72    485.38
   725.62    566.07    546.32
   509.52    563.83    612.42
   486.82    696.28    578.05
   410.60    694.80    750.40
   199.46    532.56   1366.91
   305.34    533.33    761.13
   999.18    409.25    220.65
   631.43    573.00    414.40
   573.97    633.27    532.85
   366.68    684.90    685.78
   691.81    574.10    676.75
   749.89    450.23    226.24
   732.94    704.14    290.34
   454.27    496.14    667.14
   465.49    509.22    890.39
   533.70    505.73    394.77
   497.19    641.46    474.19
   616.68    594.65    736.56
   533.93    606.08    585.96
   473.18    600.43    724.80
   561.47    476.76    604.62
   686.89    515.10    324.39
   528.17    521.07    848.58
   716.17    432.79    526.24
   680.22    704.73    342.92
   313.74    660.63    850.11
   433.32    693.01    559.23
   684.63    616.50    460.75
   260.46    698.25    912.40
   817.88    578.89    785.28
   268.16    615.57    694.43
   219.25    639.93    859.21
   392.95    586.09    940.00
   506.57    640.78    394.26
   613.23    498.20    388.06
   442.61    719.02    742.90
   612.97    522.63    349.89
   619.18    561.74    643.47
   682.31    603.26    379.60
   436.48    498.54   1290.48
   573.37    603.13    593.55
   352.10    683.16    553.43
   272.17    623.29    754.72
   758.35    494.47    365.44
   699.09    547.48    362.30
   710.71    616.46    273.09
   609.13    594.61    355.22
   751.22    543.14    301.07
   435.92    664.39    494.71
   558.00    501.31    268.12
   621.79    563.54    671.60
   680.43    536.41    542.39
   532.31    621.17    595.08
   653.86    543.27    477.98
   699.31    491.07    378.19
   472.87    687.31    520.33
   481.50    704.52    563.69
   165.33    622.98    977.03
   729.20    900.33    519.61
   419.00    578.41    684.44
   585.94    544.64    475.58
   455.36    523.76   1108.58
   363.02    627.59   1116.89
   416.73    568.04    705.93
   429.47    665.72    669.76
   524.32    539.69    370.14
   533.43    541.24    577.35
   435.60    557.12    679.77
   689.02    645.73    645.85
   339.52    568.79    847.75
   435.41    642.13    590.21
   361.96    495.96    714.94
   484.97    642.25    748.70
   379.83    733.96    669.00
   677.96    590.75    543.77
   521.12    618.22    417.04
   727.76    573.66    347.31
   638.06    586.78    543.29
   683.95    509.22    518.43
   806.21    522.43    268.52
   472.82    761.24    674.72
   914.68    468.65    257.29
   381.25    662.34    643.05
   628.78    543.72    302.43
   224.74    626.17   1261.26
   505.47    593.59    637.63
   436.06    567.10    770.54
   235.02    555.86   1548.27
   488.83    513.66   1096.08
   608.25    549.13    717.61
   356.35    743.27    674.56
   425.11    570.83    592.54
   651.10    574.57    501.82
   427.10    534.71    834.98
   515.35    590.10    269.88
   731.29    636.63    597.57
   555.36    545.69    581.83
   504.41    517.33    812.99
   848.65    597.85    227.03
   358.36    610.73    852.85
   301.01    643.15    647.89
   507.69    601.02    728.15
   704.34    541.18    344.33
   612.33    528.21    450.92
   677.52    566.40    358.93
   323.42    609.96    574.44
   489.38    580.38    690.42
   239.17    693.22    892.85
   586.04    633.11    429.70
   560.18    582.86    577.91
   526.66    528.88    617.65
   386.83    582.18    619.29
   586.11    681.24    226.33
   219.11    682.38    981.03
   660.80    591.60    305.32
   602.69    556.10    426.37
   533.77    721.08    531.61
   692.05    549.45    581.86
   650.65    641.42    516.91
   348.94    607.28    564.00
   802.61    595.45    409.39
   694.25    493.82    631.95
   831.29    485.88    317.31
   345.90    448.05   1715.77
   383.41    561.05    451.31
   586.12    570.11    602.69
   315.64    743.30    690.17
   432.75    539.97    628.91
   537.76    625.92    886.87
   969.86    495.01    177.45
   430.83    653.48    648.29
   514.71    594.01    599.38
   496.46    655.22    580.40
   422.29    566.94    878.70
   376.36    558.64   1304.79
   493.74    564.10    647.05
   527.07    640.32    316.54
   527.81    601.59   1232.39
   418.67    573.07    479.91
   426.78    706.89    642.66
   934.32    426.21    356.08
   622.71    631.45    195.73
   446.93    611.19    491.76
   654.09    639.29    442.50
   763.53    580.78    429.46
   407.09    623.34    408.99
   707.34    595.88    370.94
   690.67    547.93    268.98
   582.15    514.60    664.28
   683.92    509.50    546.46
   878.86    551.47    511.75
   586.75    610.45    490.90
   820.25    495.55    319.94
   479.96    655.97    881.67
   147.13    719.88    515.34
   551.28    569.71    447.18
   728.51    551.43    510.38
   458.70    548.55    412.98
   606.92    626.07    462.43
   731.40    456.77    386.99
   719.29    450.90    503.68
   420.26    654.25    529.30
   466.34    654.77    660.42
   649.24    519.25    293.01
   684.59    525.40    586.58
   506.30    650.66    623.56
  1001.14    510.79    306.75
   634.85    593.34    328.89
   671.27    519.22    430.48
   772.79    493.82    411.64
   486.09    619.92    552.29
   726.93    560.74    323.32
   653.72    555.95    360.15
   585.25    650.30    469.69
   378.68    722.75    842.68
   517.38    540.72    804.54
   385.60    811.21    917.10
   402.11    290.07   1715.40
   447.00    555.31    768.95
   518.79    460.70    626.67
   520.38    554.37    496.60
   503.61    596.02    572.82
   455.56    702.78    578.54
   515.06    544.78   1018.24
   526.91    313.33   1081.85
   462.05    550.44    614.50
   394.90    541.32    874.77
   793.38    471.88    435.30
   229.95    621.80   1389.72
   530.98    536.05    628.92
   503.18    607.83    348.38
   666.49    510.76    596.99
   305.27    648.69    699.51
   656.54    521.59    374.79
   637.54    631.43    379.32
   540.62    570.23    532.91
   770.70    565.76    352.55
   462.78    745.43    538.05
   746.98    464.16    643.14
   525.37    584.96    786.54
   516.79    651.65    519.12
   762.30    484.58    347.60
   622.75    605.54    433.37
   494.91    561.38    724.88
   256.33    627.41    860.68
   312.88    624.23    776.67
   489.41    621.49    586.46
   657.17    532.48    564.82
   386.57    678.00    606.96
   493.29    490.46    979.78
   822.87    534.35    530.24
   418.39    698.89    397.06
   557.60    544.47    296.01
   247.94    589.12    947.17
   557.16    494.18    756.75
   545.06    619.49    745.27
   112.34    643.69   1287.79
   395.70    607.64    512.83
   637.78    611.92    427.24
   742.84    486.79    352.73
   613.06    565.55    751.84
   640.77    673.43    495.11
   566.94    479.56    614.21
   662.62    547.30    599.79
   458.58    526.48    965.55
   737.94    541.85    325.04
   517.12    647.87    500.30
   529.66    555.24    554.14
   749.26    509.14    437.85
   516.82    619.64    553.49
   880.49    496.82    429.99
   477.94    466.78    425.87
   628.03    567.13    392.68
   805.07    490.08    564.11
   598.78    594.89    401.51
   591.37    564.18    423.65
   499.04    628.97    525.81
   721.18    609.27    508.51
   397.34    638.24    588.13
   638.29    579.92    609.74
   692.24    567.90    457.93
   699.13    590.06    333.97
   320.57    713.86    610.12
   662.30    569.58    547.05
   724.15    540.34    708.94
   542.96    605.35    417.94
   420.25    549.56    771.23
   396.34    630.91    568.54
   730.46    446.17    608.01
   833.48    437.29    799.26
   374.44    593.93    498.47
   469.43    590.41    727.90
   592.46    571.17    333.96
   363.91    672.27    746.54
   549.00    583.19    468.01
   493.01    734.56    670.07
   552.49    585.78    515.02
   413.29    637.59    658.22
   705.55    588.55    382.07
   569.41    639.66    510.47
   820.14    501.60    297.40
   795.33    498.73    443.12
   881.84    408.77    179.50
   345.73    625.47    664.10
   593.63    496.74    512.93
   831.56    539.01    325.30
   584.31    627.65    557.35
   562.72    592.93    425.26
   883.19    523.92    249.25
   376.92    629.88    414.85
   403.18    663.30    468.50
   474.35    696.48    362.38
   562.81    514.12    419.72
   667.41    604.99    385.96
   509.53    565.78    572.84
   441.63    391.47   1201.58
   178.34    588.84   1198.20
   532.94    645.52   1103.52
   632.88    653.75    366.40
   458.09    529.05    844.31
   745.72    653.35    326.12
   668.08    517.50    508.28
   758.32    586.82    564.44
   300.95    677.19    739.73
   496.06    562.85    852.67
   154.32    719.64   1049.46
   491.86    474.61    753.57
   144.31    683.93   1386.31
   440.04    645.11    816.20
   591.55    513.36    935.10
   730.18    600.90    189.50
   768.90    427.70    363.80
   517.72    519.22    326.82
   366.52    705.21    708.23
   275.58    722.35    563.72
   781.60    518.37    239.22
   633.83    630.14    523.57
   447.14    537.93   1004.49
   409.69    603.75    563.00
   639.33    535.50    473.01
   796.12    521.60    271.81
   647.96    542.72    505.11
   372.87    610.75    340.15
   945.76    598.64    398.89
   449.50    492.03    653.85
   575.47    567.77    556.04
   363.76    424.51   1171.17
   391.81    673.02    947.54
   725.94    470.50    403.61
   454.31    611.38    611.92
   521.83    605.98    527.58
   383.43    590.73    963.13
   437.48    559.26    776.86
   569.05    599.19    605.44
   811.77    435.99    439.90
   563.26    637.94    351.34
   306.27    617.23    906.64
   601.75    505.88    817.84
   305.23    669.59    493.56
   683.29    463.95    566.46
   282.74    503.75   1028.96
   630.26    571.82    595.52
   641.85    453.16    798.55
   413.97    606.12   1124.82
   679.44    561.48    924.02
   666.88    534.28    577.70
   629.64    634.68    669.81
   677.11    581.07    266.66
   275.21    587.79    921.54
   428.84    560.79    507.26
   398.29    705.97    659.07
   501.20    586.90    461.08
   680.97    599.85    517.56
   603.85    569.96    423.95
   872.35    539.74    171.95
   569.40    609.72    357.62
   369.29    591.28    605.79
   645.07    555.16    332.35
   458.86    551.40    982.82
   921.30    590.93    306.65
   298.80    646.48    993.90
   513.80    450.38    844.28
   485.82    604.92    792.49
   587.41    388.45   1151.19
   577.09    651.22    544.59
   288.05    692.58    683.59
   762.44    660.06    406.82
   547.84    547.08    386.72
   447.12    577.04    607.24
   406.68    552.08   1178.75
  1023.49    478.88    244.81
   581.66    579.57    477.25
   454.26    625.04    728.28
   720.59    618.21    604.58
   493.01    673.68    329.09
   316.71    630.17    533.96
   402.55    646.48    797.46
   807.31    443.35    506.06
   578.68    530.21    480.55
   903.38    486.86    288.30
   528.99    573.23    663.81
   505.73    489.37   1010.51
   315.08    622.09    640.40
   694.65    611.43    161.90
   550.28    538.23    713.80
   653.68    646.22    346.22
   822.51    486.52    405.25
   627.83    534.95    374.62
   376.99    613.61    761.19
   461.70    613.01    872.60
   431.47    638.22    523.90
   412.31    550.27    523.49
   436.94    525.86    826.07
   478.37    570.33    475.94
   356.22    615.76    742.46
   661.89    557.38    556.35
   450.32    609.19    529.13
   611.09    613.77    651.88
   862.72    603.64    479.90
   553.61    585.77    660.77
   268.82    576.58    878.39
   622.78    568.61    392.25
   507.60    638.08    578.57
   400.01    589.12    893.54
   642.56    501.72    670.55
   384.11    735.36    465.48
   435.89    574.17    574.92
   732.04    588.27    322.46
   645.71    581.52    475.25
   651.80    552.66    421.17
   601.84    607.10    370.18
   742.10    489.85    485.75
   460.88    596.88    796.35
   251.72    597.12   1267.89
   477.66    622.08    766.93
   363.44    647.37    665.65
   360.19    547.55    578.13
   643.00    583.83    500.66
   686.98    547.11    401.59
   337.38    751.40    558.40
   397.75    613.05   1152.47
   378.61    608.24    624.78
   205.58    673.24   1177.17
   714.37    617.44    227.71
   394.77    649.43    669.81
   575.78    627.42    491.68
   652.21    606.78    403.87
   709.40    508.41    545.15
   478.85    710.60    662.37
   548.34    547.30    793.30
   758.44    542.09    370.31
   611.19    525.38    494.22
   440.64    610.52    628.24
   677.21    670.22    256.75
   623.88    565.09    485.29
   325.23    620.35    731.78
   601.81    546.98    513.08
   594.74    528.59    625.14
   420.18    622.54    931.52
   572.33    495.00    498.01
   601.21    613.86    563.07
   532.34    532.92    432.64
   672.25    559.18    294.34
   911.55    504.22    288.32
   522.49    595.39    346.99
   617.16    499.54    398.96
   750.58    519.08    483.71
   786.53    487.37    731.82
   858.74    507.71    514.46
   603.73    487.95    648.38
   687.21    479.85   1023.58
   518.19    685.93    451.37
   482.51    729.15    466.65
   428.36    622.29    461.81
   644.95    542.82    515.23
   930.76    411.57    451.70
   888.64    512.95    211.65
   567.96    530.07    549.46
   401.96    675.15    573.07
   765.93    502.07    260.08
  1848.17    370.86    234.65
   640.70    534.36    368.49
   645.63    570.22    377.24
   779.63    562.83    263.39
   597.78    623.63    491.62
   863.73    460.13    345.63
   516.43    637.01    527.20
   832.51    546.19    455.69
   529.42    731.53    372.83
   392.62    292.12   2016.11
   557.66    660.29    363.46
   422.91    548.60    760.30
   679.51    541.87    507.36
   563.71    673.50    477.23
   670.38    524.18    482.44
   546.93    553.93    522.88
   282.02    640.40    886.07
   198.38    611.96   1186.74
   529.24    660.71    425.02
   710.56    561.47    617.54
   299.57    508.13   1014.24
   553.18    583.25    557.39
   375.97    743.10    703.91
   602.62    538.79    486.61
   675.69    655.98    375.75
   793.33    528.53    570.63
   799.58    541.21    370.98
   798.56    660.78    538.46
   470.91    550.72    693.87
   581.44    530.13    325.53
   635.83    486.55    228.17
   777.35    614.33    658.16
   310.86    605.59    686.05
   864.55    481.25    361.55
   734.36    520.71    563.27
   348.42    717.79    576.21
   478.70    548.26    633.49
   516.43    632.68    555.50
   565.88    581.04    495.95
   808.17    488.56    395.39
   544.06    516.13    428.15
   282.21    718.99    884.45
   506.19    645.10    367.87
   673.80    631.25    404.38
   510.15    575.82    621.93
   487.93    703.43    506.93
   338.27    617.75    598.07
   722.04    589.93    279.93
   211.31    597.52    673.54
   723.32    561.82    346.00
   723.26    587.55    212.39
   367.34    638.21    432.32
   453.92    655.32    626.73
   464.14    485.40    839.41
   685.40    455.10    485.91
   448.14    587.73    355.91
   700.04    577.34    393.98
   586.15    505.15    531.42
   531.25    521.89    793.33
   622.71    426.44    784.46
   521.76    638.09    603.15
   765.09    626.77    396.00
   489.66    554.19    585.42
   892.24    491.94    305.46
   333.38    620.14   1045.21
   376.87    553.39   1044.99
   409.99    560.92    528.29
   734.77    563.95    386.70
   616.19    614.04    657.03
   546.61    614.20    390.29
   454.85    623.37    638.78
   407.85    657.11    756.42
   447.72    634.92    467.74
   959.26    522.95    265.94
   345.47    656.74    552.58
   397.77    619.85    569.47
   705.03    520.27    506.63
   792.17    413.37    343.64
   585.35    546.76    843.80
   317.28    578.36    847.89
   312.03    778.62    681.56
   400.33    638.83    526.76
   454.88    559.71    626.45
   480.59    656.92    779.84
   779.98    633.65    473.46
   592.03    448.95    400.12
  1055.19    583.57    250.19
   668.25    558.43    435.33
   300.11    574.54   1100.39
   582.96    624.11    572.63
   464.71    622.99    534.15
   358.85    689.35    452.89
   653.13    492.91    480.32
   639.55    585.56    540.48
   450.31    732.14    626.84
   165.90    491.76   1184.58
   646.97    548.66    563.12
   710.24    604.96    359.24
   660.37    524.55    452.48
   419.36    605.54    462.61
   652.76    562.63    575.24
   627.70    457.60    726.81
   578.03    589.11    555.99
   385.76    625.89    580.61
   494.37    588.53    616.49
  1010.63    405.58    305.80
   436.90    497.26    669.73
   545.22    633.88    612.51
   731.49    533.29    347.80
   355.32    570.80   1190.84
   437.09    534.96   1002.83
   459.13    677.98    516.13
   558.33    638.92    640.31
   737.90    534.90    652.41
   662.13    570.08    267.39
   536.89    547.69    453.07
   336.07    563.96    640.35
   124.40    593.58   1381.69
   646.81    593.12    501.08
   461.01    647.79    593.31
   647.08    551.96    598.20
   330.33    703.07    716.22
   437.89    662.94    609.53
   399.30    644.37    633.26
   519.24    579.46    469.38
   965.37    468.19    335.31
   654.86    602.29    726.61
   730.22    547.46    409.72
   514.40    501.03    423.73
   756.74    296.73    610.23
   305.59    707.54    734.81
   403.60    624.36    723.77
   365.91    638.56    872.12
   762.48    610.71    434.09
   569.08    575.45    425.00
   575.58    535.75    729.91
   754.74    512.93    241.87
   644.28    577.56    318.96
   791.73    587.21    314.45
   407.48    511.69    720.78
   361.55    661.56    675.30
   418.43    667.27    645.80
   618.94    520.34    298.36
   803.94    510.48    579.53
   509.56    661.56    568.12
   192.51    592.56   1140.86
   703.68    519.49    400.06
   410.05    676.36    610.52
   335.82    698.52    587.74
   487.93    599.18    757.66
   621.34    554.08    491.71
   507.21    618.53    352.70
   284.88    362.46   1528.49
   407.69    717.81    836.64
   581.48    551.66    603.78
   584.13    586.17    299.89
   721.32    548.91    387.22
   442.46    660.02    778.08
   533.17    529.19    556.49
   509.83    630.28    639.57
   519.26    546.86    460.44
   538.34    657.53    698.08
   751.64    559.78    401.67
   411.90    590.91    823.39
   386.21    603.39    581.87
   508.62    585.95    374.44
   601.36    609.17    256.92
   653.69    504.40    443.76
   483.67    565.05    533.24
   490.51    664.18    532.71
   375.60    659.04    462.40
   312.49    615.14    980.84
   414.40    661.34    696.33
   782.75    502.83    484.46
   589.04    651.79    499.90
   687.70    561.08    479.22
   569.12    714.60    408.73
   609.03    583.39    305.49
   773.47    585.12    267.33
   517.22    396.74   1204.77
   432.16    617.74    651.69
   667.77    640.18    413.49
   401.31    631.89    623.90
   511.68    563.96    526.86
   706.66    549.52    356.13
   664.48    552.61    351.89
   434.05    674.84    456.55
   460.63    596.02    444.73
   243.40    539.33    911.58
   653.76    506.68    428.15
   433.33    673.68    536.19
   670.60    586.48    567.32
   261.97    692.63    809.30
   842.48    443.37    306.53
   580.32    657.60    436.25
   850.67    529.78    410.06
   602.61    631.33    380.29
   380.47    509.02    863.33
   535.16    581.79    471.98
   769.45    585.24    367.19
   388.33    641.96    751.21
   418.89    520.24    961.08
   432.23    533.18    513.15
   819.56    523.17    431.73
   141.50    424.40   1696.71
   518.94    603.54    495.94
   319.13    400.23   1661.12
   557.03    542.79    366.71
   387.98    531.70    746.17
   484.21    539.61    775.64
   527.32    607.89    378.59
   347.29    552.74    544.45
   758.12    576.15    270.49
   484.29    630.67    434.23
   585.01    583.50    619.98
   622.20    496.32    653.06
   472.77    608.70    744.12
   453.82    572.38    598.70
   315.25    603.01    564.46
   619.06    651.61    357.03
   366.76    642.55    528.70
   651.84    629.73    533.60
   648.00    644.49    479.81
   670.46    573.89    356.69
   526.38    638.52    443.98
   496.48    565.02    760.28
   821.94    492.10    541.69
   759.31    497.15    418.01
   202.77    613.79   1027.47
   520.04    551.46    513.29
   422.39    666.67    638.31
   613.60    647.34    345.04
   271.52    647.06    746.12
   238.61    809.73    543.48
   458.03    585.82    500.90
   410.48    677.40    561.13
   743.19    514.04    292.73
   661.16    637.70    440.55
   639.26    544.61    677.47
   337.94    523.01   1199.30
   637.42    691.87    340.25
   545.34    667.52    609.65
   479.75    533.10    824.66
   462.19    648.48    502.37
   237.00    693.00    942.94
   536.64    600.20    491.47
   358.19    470.59   1214.11
   465.35    639.14    682.77
   518.68    622.69    534.49
   534.10    699.77    342.77
   629.85    503.49    796.31
   984.43    368.82    311.17
   498.76    642.29    503.92
   723.80    604.80    213.29
   534.41    466.80   1372.60
   551.18    466.30    558.00
   831.46    494.93    204.09
   472.41    700.09    480.94
   206.32    682.68    807.85
   610.24    556.81    372.82
   489.62    585.78    515.84
   729.12    505.42    318.45
   582.11    500.91    509.68
   687.14    480.28    637.97
   512.49    623.29    474.64
   565.53    652.23    370.94
   508.27    471.81    693.19
   400.90    699.61    874.01
   756.78    501.62    228.49
   781.49    652.76    309.23
   812.84    568.06    213.51
   417.02    725.02    440.11
   665.75    536.63    633.86
   481.48    596.41    839.45
   594.76    479.25    578.80
   627.25    458.36    583.12
   730.77    458.52    378.14
   594.43    575.81    594.16
   611.05    559.22    415.35
   793.88    578.10    345.71
   603.22    555.06    441.79
   543.74    555.47    282.59
   418.95    603.80    458.67
   807.63    561.36    296.25
   515.44    649.54    687.73
   572.23    488.13   1139.31
   275.59    535.19   1179.98
   788.60    734.61    304.29
   522.65    624.18    663.86
   759.55    551.33    430.51
   480.70    564.65    568.53
   727.73    581.43    457.95
   655.27    553.97    597.82
   313.21    535.31   1128.27
   401.27    582.52   1159.89
   322.92    583.69    880.53
   511.91    622.81    515.05
   275.31    645.13   1176.63
   482.23    545.13    627.05
   508.19    676.64    513.11
   536.05    536.69    428.45
   649.08    550.67    481.27
   648.96    661.29    528.52
   705.23    606.48    513.43
   828.58    451.70    564.11
   735.73    557.06    464.35
   448.96    612.85    556.45
   677.38    488.31    831.77
   597.88    592.04    525.78
   275.88    605.76    695.32
   793.34    474.93    232.59
   612.95    569.50    419.87
   604.81    644.02    380.84
   462.99    635.74    490.76
   731.45    545.50    384.70
   612.97    476.02    648.33
   656.89    525.72    637.36
   445.84    605.12    500.73
   703.13    486.30    524.76
   456.17    718.80    390.34
   418.46    583.31    502.84
   625.04    574.24    420.39
   124.58    604.01   1834.71
   801.06    508.32    566.22
   526.39    648.89    696.52
   850.98    525.03    247.14
   506.56    572.67    675.78
   627.14    560.85    529.20
   416.33    625.49    540.35
   453.33    604.92    663.39
   745.41    494.19    220.29
   658.42    604.87    464.69
   231.64    467.38   1244.24
   639.90    566.27    508.40
   708.75    561.38    306.95
   245.47    610.52    730.77
   448.62    653.34    643.42
   310.74    559.57   1345.50
   346.60    717.52    831.32
   387.53    642.00    609.31
   674.05    481.17    699.20
   452.43    584.92    544.32
   568.09    600.17    413.42
   304.69    654.32    826.70
   429.58    785.49    752.87
   532.69    581.30    535.95
   452.36    568.80    648.13
   741.55    535.30    468.54
   613.49    528.77    411.32
   657.67    620.07    456.89
   593.87    603.64    462.88
   961.44    461.11    203.40
   520.76    600.51    943.22
   457.43    660.42    575.63
   423.17    685.20    593.69
   594.96    506.54    968.04
   424.80    686.05    448.38
   767.19    469.65    526.99
   499.79    584.97    726.84
   412.66    662.43    537.43
   770.46    485.13    346.83
   591.32    620.51    515.29
   451.18    575.08    377.27
   933.21    579.79    196.18
   283.06    646.51    661.00
   834.70    500.06    265.69
   945.83    444.22    391.21
   779.12    547.25    631.51
   155.64    492.37   1258.92
   900.70    496.26    306.22
   395.01    593.51   1070.30
   986.50    484.21    335.86
   535.32    576.62    581.21
   583.54    596.07    278.02
   520.02    544.21    680.25
   859.19    537.80    252.71
   557.48    536.69    539.84
   471.65    727.62    588.62
   299.78    739.13   1030.33
   704.52    578.48    264.28
   773.88    506.55    434.11
   209.91    663.74   1108.03
   424.68    622.98    433.83
   849.91    644.89    295.13
   812.35    462.72    492.42
   645.29    657.25    393.00
   664.70    617.08    698.14
   428.59    575.97    957.44
   483.07    562.80    809.08
   428.94    626.04    593.26
  1015.12    455.60    299.27
   480.06    620.45    591.11
   590.08    600.88    333.86
   979.76    418.78    390.02
   214.34    662.72    897.75
   627.60    577.28    469.43
   523.11    546.18    458.52
   491.87    542.44    984.39
   402.68    657.52    442.68
   767.56    499.53    423.99
   589.96    535.26    354.12
   355.65    531.34    686.53
   476.26    557.73    350.27
   461.63    622.49    488.38
   225.79    760.41    535.34
   560.44    670.77    608.31
   856.25    562.03    388.49
   374.85    638.45    558.38
   366.75    607.19    685.93
   666.31    529.54    576.67
   348.66    609.53    965.72
   222.67    438.07   1846.10
   246.52    591.82   1269.37
   399.16    634.83    692.02
   343.83    524.91   1118.57
   535.33    656.09    525.38
   826.63    592.71    495.39
   978.92    484.39    392.31
   557.05    505.58    317.02
   464.13    609.64   1034.22
   897.87    507.88    427.85
   697.88    530.51    334.80
   450.57    547.76    565.72
   477.89    460.14    475.82
   499.76    580.52    286.28
   734.69    536.79    321.82
   363.83    730.15    703.54
   472.75    562.06    386.68
   664.46    555.11    705.29
   610.28    533.19    472.37
   588.69    635.97    449.59
   635.49    593.14    601.35
   673.88    601.99    304.82
   833.75    446.68    669.13
   454.65    621.71    467.32
   317.34    620.52    694.47
   339.59    517.64   1080.58
   743.92    506.80    357.42
   567.70    506.33    423.38
   595.64    540.34    613.19
   570.67    583.60    573.68
   251.33    713.03    620.87
   392.19    625.36    305.83
   655.90    518.18    297.32
   400.92    719.64    687.48
   605.26    625.28    683.24
   168.26    718.44   1102.72
   247.57    559.61    927.23
   473.11    753.26    445.13
   503.61    372.04   1559.72
   579.77    620.75    442.39
   733.43    612.57    305.92
   395.81    634.30    349.20
   663.19    520.49    409.78
   895.84    451.93    215.69
   614.38    554.61    531.17
   648.41    621.99    268.88
   774.10    554.31    332.47
   349.36    625.61    298.16
   813.11    498.61    463.96
   767.87    551.41    435.68
   457.19    543.68    458.53
   564.31    612.60    588.41
   427.67    572.61    723.17
   567.41    664.19    476.55
   531.92    631.91    760.34
   744.96    650.51    548.83
   318.49    544.62   1146.95
   658.45    490.83    511.95
   221.00    765.92    579.84
   637.72    515.24    534.55
   249.86    711.92    691.74
   727.35    546.72    579.02
   719.18    626.09    516.05
   501.59    598.71    683.44
   678.41    512.16    597.80
   534.02    541.83   1009.86
   495.33    594.63    407.47
   366.21    730.25    542.78
   673.48    484.87    315.16
   227.99    707.00    805.87
   724.39    557.34    402.05
  1002.26    451.04    293.58
   673.54    637.28    578.00
   508.38    577.12    492.04
   722.64    690.03    410.69
   457.47    666.63    809.21
   212.90    656.44   1304.32
   638.42    521.24    417.05
   229.88    636.14    637.70
   439.68    602.72    264.27
   545.85    617.42    398.82
   633.10    586.52    509.84
   472.77    590.91    505.48
   338.86    548.02    636.57
   537.18    705.34    497.37
   814.22    523.46    311.77
   436.73    723.60    336.21
   580.51    530.40    732.95
   616.92    685.31    360.33
   630.06    712.11    581.02
   144.37    735.32    643.39
   595.54    529.43    538.73
   397.19    596.55    358.16
   631.85    544.67    640.92
   708.67    577.14    307.89
   354.38    567.39    959.85
   542.55    524.90    478.43
   403.20    704.44    553.39
   565.90    594.76    397.17
   646.39    534.67    457.68
   571.54    583.22    990.49
   506.56    620.88    484.60
   611.32    665.80    475.98
   526.19    686.15    747.43
   512.92    646.23    489.64
   377.63    510.93    915.49
   410.22    693.10    527.16
   606.24    645.02    528.01
   657.02    522.54    619.26
   318.78    753.90    750.11
   583.43    546.55    520.57
   451.05    583.96    658.94
   665.44    483.09    685.34
   485.04    726.43    513.32
   750.71    536.61    470.09
   751.85    418.53    466.84
   516.72    588.05    370.03
   210.28    720.57    819.31
   320.27    635.75    579.78
   670.96    557.09    363.68
   352.59    621.78    715.55
   641.85    489.51    647.50
   775.81    539.54    202.09
   711.47    567.84    348.19
   566.39    531.86    463.72
   569.12    542.71    899.88
   495.78    679.61    491.81
   866.51    534.83    395.09
   411.79    589.85    527.40
   388.49    752.40    579.85
   592.40    528.08    368.41
   661.44    561.12    738.90
   560.27    513.15    622.54
   505.32    572.44    721.76
   800.47    480.71    457.00
   555.01    659.77    334.71
   408.04    594.47    479.89
   695.10    567.64    750.93
   588.59    618.12    771.75
   816.16    566.48    339.12
   682.50    497.03    534.02
   547.20    661.35    714.51
   223.65    661.00   1221.23
   384.13    634.28    508.24
   369.31    516.76    642.17
   479.34    507.44    589.25
   695.04    532.04    256.67
   548.43    596.95    535.91
   535.84    639.41    469.18
   359.64    734.66    278.79
   637.63    588.24    396.64
   664.04    495.90    365.22
   589.05    545.54    722.17
   430.65    687.22    654.04
   661.53    665.17    497.99
   419.35    539.10    903.24
   534.09    599.92    511.67
   266.15    693.29    478.80
   721.29    513.11    535.54
   339.61    699.50    512.23
   802.79    548.15    351.96
   410.48    623.26    571.80
   598.44    611.11    453.44
   497.68    615.75    514.60
   410.48    585.77    787.70
   532.74    570.85    777.44
   799.88    677.49    420.70
   302.60    586.62    768.30
   314.81    569.24    702.92
   483.92    592.82    520.57
   721.04    582.19    442.85
   732.56    647.55    338.85
   421.52    510.98    495.77
   455.24    593.53    781.56
   564.95    493.44    440.25
   733.79    513.33    436.11
   456.32    682.17    505.17
   168.75    626.15    971.40
   476.02    458.91    513.41
   414.36    705.86    497.03
   807.04    457.45    371.17
   533.73    551.20    705.86
   408.49    601.49    709.95
   586.56    606.05    458.69
   495.98    576.68    442.26
   612.20    596.84    512.11
   787.04    593.39    176.19
   490.61    510.90    871.50
   615.94    564.60    289.20
   504.33    673.04    564.19
   666.47    447.03    481.46
   546.53    471.92    410.39
   707.40    524.11    392.97
   754.79    524.54    710.33
   774.51    490.11    430.89
   421.80    673.89    744.61
   543.58    550.05    836.83
   276.38    581.54   1127.12
   641.61    575.69    362.66
   511.32    543.15    425.44
   450.70    458.45   1340.88
   784.31    489.55    519.32
   602.05    558.25    496.18
   336.87    527.02    627.44
   519.90    558.24    646.85
   536.24    502.14    929.69
   688.58    489.87    564.72
   593.89    676.67    478.99
   629.96    436.49    557.80
  1000.24    462.04    241.02
   432.35    568.88    559.60
   567.45    632.73    449.86
   581.43    594.97    287.37
   408.70    559.24    695.02
   572.33    543.75    577.78
   648.99    527.28    536.02
   638.24    580.41    738.50
   357.88    548.46    948.42
   260.37    533.72   1325.40
   314.97    579.81    970.90
   507.50    596.44    718.30
   751.99    526.27    290.34
   241.47    714.85    695.86
   591.26    648.19    393.58
   582.54    531.79    636.54
   556.89    599.96    616.86
   552.22    596.03    696.64
   589.49    737.26    324.27
   816.83    503.70    226.17
   751.58    596.65    461.60
   389.63    678.39    555.14
   681.01    605.29    316.81
   338.58    663.83    719.03
   474.94    616.20    722.05
   720.08    503.36    543.25
   448.56    665.26    607.05
   299.21    578.89   1067.17
   539.36    572.49    843.19
   429.95    624.39    694.94
   684.84    557.73    200.09
   366.89    564.74    582.17
   406.67    636.05    648.93
   452.87    617.83    476.80
   154.57    467.44   1633.06
   707.06    483.63    460.57
   342.71    635.74   1062.06
   350.04    715.03    643.05
   780.82    535.88    465.00
   397.68    674.30    738.83
   681.19    647.49    626.81
   453.98    710.66    371.47
   683.88    712.32    240.86
   623.89    575.85    490.44
   481.75    649.60    476.23
   560.98    634.73    521.13
   509.93    667.79    670.27
   497.25    626.22    453.53
   542.83    625.59    719.33
   584.39    546.32    609.60
   359.73    711.35    580.60
   188.61    434.11   1997.30
   711.15    532.14    463.52
   666.26    672.71    287.72
   407.10    749.31    579.34
   198.56    313.72   2204.39
   572.14    595.31    812.40
   945.08    486.82    538.60
   595.54    663.82    318.79
   766.18    537.13    258.62
   645.00    542.96    430.94
   557.96    567.90    351.42
   452.91    657.93    391.23
   308.25    578.78   1041.89
   639.21    578.97    403.11
   709.14    630.32    441.41
   317.71    615.30    660.37
   945.93    509.08    389.90
   403.35    656.22    612.93
   794.37    489.53    624.58
   629.86    548.44    544.62
   735.98    498.96    364.14
   546.58    573.23    559.10
   521.72    641.10    501.28
   651.85    578.79    505.37
   538.82    641.62    492.51
   644.85    455.68   1058.46
   441.07    634.07    711.83
   542.59    661.49    509.61
   615.33    551.69    562.77
   563.05    532.24    579.72
   360.91    826.77    599.26
   513.25    607.42    538.11
   664.79    520.48    576.24
   389.57    720.33    599.19
   390.67    595.10    525.00
   611.24    560.62    320.19
   738.58    593.28    458.78
   451.87    622.22    957.34
   336.15    685.48    849.93
   959.63    520.74    254.45
   504.07    731.07    316.82
   507.20    605.12    747.69
   478.45    691.25    405.15
   557.56    666.40    528.74
   399.08    745.44    707.29
   625.08    429.94    540.79
   222.39    657.11   1182.13
   639.37    561.69    330.88
   411.61    652.04    499.75
   418.92    584.84    971.29
   280.36    647.24    809.08
   495.47    527.06    641.30
   511.32    601.63    451.07
   675.15    542.79    357.97
   591.33    626.13    825.57
   756.22    487.61    390.47
   598.61    686.52    447.06
   636.17    538.88    520.29
   555.11    545.29    377.47
   706.00    558.95    289.64
   534.13    660.53    454.13
   494.11    630.72    453.49
   784.67    521.83    692.84
   701.04    562.90    280.89
   624.45    433.44    794.79
   498.51    644.80    565.37
   868.84    517.18    292.58
   657.94    624.65    489.43
   610.75    644.67    384.73
   596.56    534.25    557.25
   512.21    587.71    595.45
   631.37    594.15    563.93
   565.12    551.16    490.00
   410.55    676.86    726.36
   261.31    448.18   1874.09
   236.02    692.03    859.32
   619.37    540.76    730.01
   434.36    421.83   1617.68
   374.82    582.85    734.32
   513.09    556.21    631.81
   543.09    596.18    346.06
   586.38    611.03    473.68
   423.69    552.71    823.03
   276.56    617.61   1032.85
   517.95    521.54    418.80
   573.76    663.53    575.91
   365.67    549.17    747.39
   648.75    576.39    342.26
   539.65    579.08    489.87
   566.08    673.63    495.14
   540.41    567.57    362.04
   618.90    530.54    440.89
   290.55    694.42    635.18
   699.85    585.79    367.54
   562.84    570.91    301.26
   344.36    472.22   1401.54
   841.45    539.32    161.96
   477.43    592.25    645.37
   650.11    695.31    610.05
   674.92    667.56    317.21
   630.18    570.98    323.82
   624.63    476.02    637.84
   720.19    601.67    633.28
   615.14    561.82    495.03
   544.33    529.12    453.64
   375.25    590.73    671.82
   538.26    517.09    536.50
   436.64    632.62    513.58
   487.07    627.24    328.37
   489.62    690.75    546.36
   398.64    660.56    651.03
   369.09    600.89    513.47
   932.07    481.96    477.52
   420.91    540.74    710.95
   276.93    565.12   1110.92
   322.90    576.04    913.49
   353.87    720.75    599.98
   722.12    678.78    513.67
   499.28    504.85    837.46
   405.14    582.23    746.61
   615.83    611.40    420.36
   523.58    611.87    461.73
   600.56    633.85    510.38
   429.79    609.07    677.48
   231.06    680.61    775.69
   552.95    611.26    347.42
   664.76    606.81    573.59
   764.56    574.50    394.27
   483.40    572.38    734.34
   258.67    640.92    780.47
   734.80    480.44    426.98
   874.25    504.46    389.60
   360.84    696.72    874.42
   676.90    576.76    562.10
   689.35    624.92    225.17
   486.00    593.20    604.41
   323.65    587.12    570.63
   608.39    559.82    318.35
   318.24    492.22    841.62
   691.91    529.89    356.38
   693.41    456.74    764.36
   678.03    553.68    322.43
   796.84    598.67    327.56
   623.42    579.89    423.20
   539.37    609.32    272.86
   620.53    559.75    404.58
   311.98    619.55    569.27
   500.61    562.61    458.70
   405.23    688.40    527.18
   780.53    574.59    312.34
   680.03    607.42    512.54
   614.77    639.48    393.61
   366.13    653.60    723.85
   621.94    612.49    455.75
   685.45    512.58    750.51
   605.54    477.68    580.17
   515.85    632.04    527.08
   631.48    543.79    398.42
   388.45    621.36    722.78
   582.95    538.02    897.69
   732.86    519.73    578.45
   433.73    594.04    588.53
   752.90    488.55    260.99
   383.44    603.70    831.74
   650.12    566.50    379.01
   515.97    532.79    589.48
   330.50    616.61    929.05
   647.55    587.56    438.87
   634.33    506.77    593.60
   187.42    431.25   1203.37
   806.86    518.16    393.11
   439.38    577.69    704.88
   503.60    589.27    378.92
   863.29    404.59    297.81
   676.20    682.53    345.67
   634.11    477.59    340.72
   436.13    666.50    609.74
   508.28    610.98    540.14
   228.03    704.27   1045.39
   483.13    509.27   1014.19
   401.30    608.40    648.44
   485.55    630.99    282.21
   459.52    504.42    702.42
   641.54    509.14    341.47
   825.58    409.23    358.96
   730.28    553.13    504.48
   705.87    505.49    405.25
   222.47    647.15    769.12
   727.83    522.59    533.08
   580.79    540.04    474.28
   331.36    460.33   1363.44
   329.26    452.39   1451.05
   562.68    479.20    469.35
    87.27    363.20   2000.43
   350.00    637.16    708.85
   472.79    590.02    605.69
   293.60    595.37    979.81
   590.06    480.30    357.33
   208.69    759.61    740.09
   803.24    645.44    379.78
   248.58    589.08   1058.69
   495.51    723.91    503.76
   911.75    420.34    338.33
   421.61    519.76   1026.76
   573.12    582.27    548.36
   539.69    567.56    467.44
   785.31    509.50    389.07
   446.54    483.21   1018.16
   778.31    507.61    147.72
   818.40    594.14    326.74
   607.97    616.22    778.99
   549.44    611.44    330.05
   494.94    620.25    396.53
   458.50    568.34    590.07
   350.21    616.97    970.99
   838.16    529.50    425.84
   814.84    544.21    482.59
   707.52    498.91    376.39
   660.52    646.33    337.63
   614.20    687.86    409.14
   604.36    576.14    520.03
   449.43    611.51    698.83
   146.63    596.27   1265.91
   308.73    689.35    602.49
   649.11    567.13    787.72
   129.86    510.71   1032.43
   263.30    704.78    915.17
   560.59    614.54    564.65
   728.44    489.24    301.93
   558.93    706.30    526.35
   856.35    475.44    464.38
   423.36    556.72    597.63
   449.35    612.05    525.50
   889.40    520.48    331.54
   664.87    547.09    516.41
   614.15    584.74    824.29
   474.49    583.67    430.46
   543.03    511.85    913.89
   651.84    489.98    507.61
   500.20    697.39    786.32
   350.19    624.40    906.67
   509.66    668.00    635.66
   395.94    607.41    707.64
   665.72    459.73    603.21
   735.19    662.90    380.35
   542.39    544.69    577.41
   932.58    472.50    283.93
   724.26    648.79    367.87
   568.35    505.95    551.57
   384.79    584.75    652.40
   705.89    536.01    272.69
   316.93    473.73   1351.82
   388.75    611.60    485.08
   556.33    650.39    190.78
   490.38    583.84    563.12
   272.83    559.37   1367.53
   622.19    611.75    415.21
   458.29    616.89    504.80
   393.78    602.50    647.86
   783.63    568.25    304.71
   619.30    530.98    431.35
   808.75    481.48    554.59
   613.72    455.28    728.75
   610.17    464.34    310.26
   647.69    539.90    605.30
   339.19    592.66    773.29
   667.75    543.09    468.08
  1033.91    424.52    230.97
   472.04    706.47    786.31
   646.39    461.25    586.04
   564.89    615.89    466.68
   698.15    515.59    500.83
   548.79    532.00    660.55
   410.06    680.67    314.21
   605.95    591.32    302.29
   463.45    662.98    670.20
   281.06    706.60    794.61
   805.62    479.82    387.15
   585.04    567.21    382.62
   474.97    623.04    520.54
   536.04    537.70    352.54
   465.17    604.50    244.66
   689.95    558.53    472.85
   719.71    530.05    269.18
   608.06    506.41    296.77
   586.35    672.70    268.83
   154.18    577.01   1324.47
   702.50    561.52    403.91
   534.30    612.57    444.82
   504.77    554.10    699.89
   562.01    578.96    483.68
   459.95    712.49    619.14
   757.69    469.83    407.41
   853.00    615.22    415.97
   562.43    521.38    367.87
   655.80    498.75    535.50
   453.94    586.40    448.16
   684.80    602.65    584.25
   535.64    634.78    583.02
   459.73    599.77    532.46
   793.27    560.96    519.56
   750.41    572.34    452.68
   515.78    522.47    686.57
   493.86    492.21    808.66
   761.21    402.30    316.11
   436.61    700.49    801.33
   689.01    495.56    495.47
   573.24    564.40    555.67
   534.07    599.64    542.05
   486.01    728.88    840.78
   642.66    489.03    592.76
   650.36    574.78    484.42
   580.74    575.43    323.17
   314.21    419.86   1635.95
   252.33    744.24    758.65
   336.73    579.73    469.35
   568.90    628.61    630.88
   706.95    561.56    316.01
   541.53    525.52    655.52
   495.90    527.89    867.75
   340.00    539.33   1123.29
   774.34    552.63    306.50
    98.05    671.49    929.65
   487.97    677.93    479.61
   727.06    587.51    365.94
   713.34    511.46    479.33
   634.34    550.42    733.20
   513.76    555.43    677.86
   422.67    589.23    868.38
   474.87    525.12    594.94
   411.79    631.48    614.52
   377.03    574.49   1006.63
   615.72    499.44    516.31
   860.48    569.22    126.69
   763.25    530.57    208.06
   573.62    516.39    661.01
   431.07    488.45    729.68
   615.36    561.22    618.66
   584.82    617.23    332.54
   822.26    482.29    475.69
   649.80    551.04    307.32
   653.18    556.93    659.33
   758.42    520.96    259.90
   608.43    528.41    357.52
   731.90    531.44    419.78
   385.27    776.35    520.65
   386.18    726.89    584.21
   141.74    645.70   1103.91
   586.85    585.35    377.10
   430.42    678.89    723.37
   379.53    471.79   1281.96
   434.01    598.63    599.38
   483.93    518.70    479.25
   761.59    645.34    349.61
   452.14    596.51    266.33
   754.71    521.56    218.56
   482.03    600.09    422.65
   507.03    572.23    335.01
   432.18    664.35    743.17
   432.55    426.98   1063.31
   683.39    603.56    415.35
   520.69    487.50    607.43
   309.05    758.68    679.21
   856.47    545.20    221.39
   502.23    481.38    553.44
    97.71    600.13    994.27
   797.24    590.77    233.86
   650.22    580.60    334.46
   509.12    652.50    641.63
   275.14    630.52    535.82
   484.22    580.99    785.72
   250.02    734.21    856.58
   461.06    663.84    621.56
   493.19    535.73    729.40
   737.82    495.52    338.55
   609.18    563.85    378.23
   569.28    613.59    383.76
   255.63    624.97    782.68
   443.10    594.28    924.28
   269.03    627.86    877.25
   632.50    581.66    335.95
   444.09    531.91    371.36
   736.17    549.97    495.69
   622.36    545.31    574.29
   588.26    670.63    506.75
   858.87    552.12    245.56
   434.46    609.77    752.46
   673.02    580.46    489.75
   592.58    542.96    501.63
   755.16    653.93    673.61
   539.92    529.25    884.90
   378.03    567.22    758.96
   724.91    568.34    283.80
   295.36    592.75    764.07
   186.97    143.80   2979.35
   429.37    723.90    475.61
   674.06    548.65    508.34
   162.23    636.69   1078.95
   655.18    636.12    202.35
   471.13    645.01    610.53
   469.19    668.60    415.58
   690.74    543.80    344.05
   534.02    601.49    419.30
   669.38    503.09    531.27
   356.72    677.55    773.55
   358.48    658.78    673.08
   520.77    562.30    562.60
   631.16    634.30    523.12
   547.81    452.02   1134.72
   725.18    514.20    292.46
   404.20    492.81    786.48
   489.23    569.76    368.55
   871.75    593.45    241.41
   392.21    614.24    558.89
   569.68    565.71    864.08
   737.85    590.18    348.27
   585.69    567.68    722.04
   409.65    625.32    780.63
   717.05    620.69    321.10
   473.97    622.24    520.75
   567.91    567.54    553.87
   488.44    597.20    439.44
   101.81    425.52   1913.18
   669.47    532.65    526.53
   563.54    663.11    205.39
   411.28    611.30    721.33
   768.89    459.18    333.90
   546.96    606.88    735.32
   390.73    646.06    803.50
   581.29    660.02    303.13
   542.21    640.99    424.38
   251.44    727.54    811.37
   767.91    622.41    290.31
   606.59    512.55    517.63
   437.71    655.56    649.52
   392.79    773.48    445.77
   482.56    633.31    502.82
   715.55    602.45    587.07
   700.52    562.79    571.47
   454.45    563.02    364.04
   536.09    640.44    509.41
   305.27    467.21   1347.08
   363.75    557.33    732.91
   771.90    554.10    334.64
   553.45    696.50    446.94
   257.35    568.13   1124.17
   506.51    692.25    492.71
   476.17    578.88    632.01
   546.22    534.46    475.49
   633.54    516.93    400.13
   350.03    626.73    834.58
   886.45    554.15    240.98
   493.74    601.05    638.64
   425.26    648.15    618.15
   521.52    661.79    453.46
   146.11    591.78   1440.73
   433.20    556.60    665.47
   230.45    638.58   1108.34
   366.17    617.35    798.50
   480.18    573.57    319.62
   572.50    679.03    589.88
   363.70    709.60    642.83
   734.48    525.90    357.56
   861.56    402.74    215.10
   394.94    606.95    644.80
   543.50    677.01    694.93
   360.90    576.24    743.81
   600.90    494.24    536.06
   416.76    579.13    753.14
   221.39    648.73    602.66
   498.27    548.52    570.50
   631.57    655.62    348.11
   680.24    609.73    578.13
   735.59    436.43    425.22
   429.81    471.65   1276.00
   306.13    653.29    851.79
   422.25    712.53    665.45
   481.61    770.69    703.29
   511.26    504.84    990.90
   620.59    441.09    623.46
   666.50    521.49    357.71
   774.03    575.15    434.22
   834.42    565.83    346.05
   169.74    735.98    526.87
  1043.62    542.40    242.47
   689.54    532.38    631.06
   132.74    439.63   2021.10
   775.27    490.91    348.16
   468.79    596.95    656.99
   766.78    490.44    374.26
   731.99    554.49    401.52
   451.07    567.66    706.28
   626.20    539.58    457.60
   733.63    523.93    339.95
   756.09    491.35    706.47
   776.07    461.75    409.02
   647.77    503.11    714.68
   538.29    619.71    640.45
   216.92    742.69    788.63
   506.87    618.77    465.38
   789.81    557.38    343.07
   558.23    519.75    216.18
   628.12    509.07    603.97
   545.47    537.60    591.75
   672.99    622.86    420.19
   458.44    693.89    496.62
   263.22    621.78   1316.89
   261.49    535.61   1380.33
   420.39    634.85    955.60
   795.04    473.20    380.66
   748.21    579.60    341.67
   947.12    511.95    536.93
   733.56    635.52    663.76
   501.75    625.68    626.63
   431.81    560.96    559.99
   542.21    510.94   1120.60
   508.93    567.51    431.27
   785.21    507.29    431.94
   654.18    649.11    361.76
   626.53    587.08    319.11
   704.01    502.25    358.37
   677.10    459.06    241.15
   256.90    638.66    738.10
   476.00    636.16    339.45
   254.32    660.23    508.52
   366.94    359.57   1675.10
   683.12    536.40    444.38
   736.03    633.91    479.86
   420.49    516.19    503.66
   543.83    579.93    527.84
   569.09    447.51    694.96
   486.44    528.12    651.48
   682.22    515.87    247.90
   519.16    530.67    808.06
   792.97    490.57    407.85
   531.82    414.98    679.05
   368.58    559.23   1224.93
   564.13    564.72    439.45
   746.85    507.91    793.09
   547.34    581.51    939.20
   805.64    595.36    419.51
   687.79    513.59    453.28
   493.57    553.71    779.85
   592.39    513.91    594.50
   724.73    552.52    386.76
   450.25    654.43    416.68
   582.52    674.83    457.64
   358.07    606.13    949.21
   749.97    614.05    399.27
   351.44    575.97    720.01
   526.60    589.65    614.98
   640.15    641.31    383.94
   393.78    713.34    305.14
   477.36    551.42    747.12
   478.76    677.06    697.59
   615.08    555.42    361.49
   436.32    698.36    508.27
   373.51    629.24    363.99
   564.93    580.35    803.66
   648.15    564.42    928.88
   289.28    540.36   1034.51
   545.24    559.70    523.37
   648.50    624.74    441.05
   662.28    687.82    425.85
   775.75    488.17    419.00
   539.05    528.26   1177.22
   786.12    511.39    373.89
   455.02    562.79    809.64
   622.11    514.25    351.53
   729.65    429.85    636.14
   457.22    681.42    344.06
   649.66    530.06    397.18
   632.11    615.54    316.71
   456.51    631.65    595.79
   690.75    614.32    675.09
   635.86    591.80    595.70
   371.32    700.58    376.68
   541.43    558.56    503.21
   565.86    588.02    605.38
   773.09    674.04    345.60
   404.96    656.43    565.43
   901.54    553.63    349.94
   538.86    536.98   1058.82
   408.08    676.21    522.53
   372.64    583.00    558.69
   677.82    532.00    452.65
   685.90    626.85    109.56
   654.89    573.64    479.37
   616.54    569.64    567.07
   626.99    606.94    275.34
   812.95    468.57    265.89
   589.71    587.55    801.76
   550.81    572.20    722.53
   506.49    680.78    616.32
   651.08    640.40    420.21
   505.53    604.00    388.67
   309.81    549.36    585.88
   714.32    570.17    366.64
   534.40    594.41    470.68
   980.55    508.02    216.44
   679.87    550.54    456.80
   630.60    647.61    277.61
   824.94    561.63    530.38
   748.42    404.59    271.17
   648.46    538.21    328.80
   577.75    474.55    405.63
   633.72    591.67    442.41
   585.10    505.49    325.93
   363.92    606.80    752.11
   464.57    559.07    411.86
   325.88    672.95    719.77
   726.08    595.75    402.60
   235.45    603.38   1214.56
   406.06    685.08    499.99
   880.65    569.63    373.89
   256.54    636.95   1104.78
   379.67    699.93    685.40
   736.85    500.68    418.65
   428.19    684.45    515.07
   600.27    578.41    643.52
   342.14    705.59    809.10
   618.28    555.16    747.61
   752.82    504.41    496.23
   549.87    593.67    413.44
   876.52    560.76    399.38
   413.15    649.38    960.89
   855.85    495.13    486.45
   630.07    561.06    324.62
   360.17    575.83    933.65
   660.85    543.93    442.26
   352.71    603.34    777.88
   700.74    654.50    337.11
   346.97    597.99    717.60
   464.03    706.44    479.30
   491.01    573.13    600.07
   542.19    575.16    661.24
   639.61    602.63    490.09
   315.10    675.88    382.72
   767.67    468.58    269.03
   588.71    501.42    514.91
   722.15    568.55    571.02
   463.79    570.78    516.25
   427.29    617.00    529.86
   517.00    580.46    308.06
   352.44    564.57    900.31
   447.31    650.95    838.95
   423.23    610.99    809.84
   452.90    648.37    881.74
   400.06    674.79    715.46
   704.26    595.83    323.11
   343.42    577.65   1050.91
   710.88    539.04    382.70
   210.02    665.56    950.09
   790.65    572.08    476.15
   353.38    597.45    567.56
   489.28    645.63    480.76
   438.17    706.82    273.51
   615.22    581.48    312.36
   480.96    634.78    449.88
   623.44    605.61    843.26
   637.25    590.77    462.13
   683.63    607.29    612.94
   445.49    501.14   1003.83
   499.59    636.14    402.58
   174.85    336.38   2224.35
   287.86    705.46    751.03
   856.40    537.69    270.48
   721.70    572.80    363.65
   619.31    468.16    517.17
   615.64    579.80    772.20
   631.13    462.06    774.44
   487.12    655.26    533.91
   752.70    537.14    562.55
   325.11    495.68   1232.44
   770.42    486.12    405.87
   416.74    643.66    513.81
   374.17    642.29    434.36
   585.94    638.11    394.68
   471.74    579.78    472.53
   575.48    484.26    536.25
   638.49    580.47    412.46
   486.94    628.22    554.75
   453.45    647.01    643.31
   433.36    541.56   1012.40
   120.45    526.40   1384.98
   800.86    532.62    370.64
   595.53    619.19    480.56
   436.94    507.57    813.19
   384.81    674.49    771.07
   554.01    592.03   1062.40
   714.04    473.45    320.69
   572.44    620.79    543.02
   424.70    626.40    540.75
   464.21    596.98    576.52
   341.13    596.20   1480.71
   634.21    626.03    498.13
   680.01    688.49    420.80
   692.47    540.52    818.61
    55.11    583.13   1515.27
   624.96    716.97    410.09
   517.58    603.05    615.01
   332.81    736.05    585.32
   484.32    604.59    434.55
   432.13    566.52    676.01
   400.06    642.75    875.85
   513.66    559.10    418.86
   478.55    572.09    730.88
   618.89    709.06    400.09
   743.59    513.56   1069.52
   678.69    504.92    609.81
   482.07    597.95    482.61
   423.58    596.53    389.43
   585.07    513.62    478.51
   390.38    510.11    639.62
   796.64    532.81    346.33
   783.20    499.28    351.00
   391.19    559.94    920.85
   986.02    452.89    259.09
   442.32    467.46    659.12
   267.86    623.04    677.21
   817.82    496.63    383.60
   287.01    577.25   1215.87
   437.01    548.57    596.08
   593.51    575.15    520.06
   265.27    616.78   1097.99
   578.03    550.36    397.17
   524.83    641.38    531.87
   413.15    631.21    731.13
   354.27    671.52    713.41
   571.75    620.28    398.60
   236.30    685.60    807.81
   609.25    540.12    325.02
   704.84    547.86    545.34
   526.62    579.57    582.48
   372.15    489.09   1006.29
   485.65    599.82    691.50
   613.09    460.56    587.49
   400.08    595.00    468.92
   259.89    615.72    988.24
   266.57    581.05    903.48
   421.45    526.15   1059.62
   862.54    476.16    198.09
   523.81    644.60    823.02
   200.01    657.05    761.52
   478.04    724.47    673.53
   294.48    724.98   1361.93
   614.04    603.84    358.61
   449.28    532.50    524.83
   521.36    645.26    581.87
   658.59    630.23    261.13
   449.43    633.34    571.55
   312.82    749.91    558.43
   442.94    693.95    644.00
   290.79    685.46    678.66
   827.16    482.96    404.03
   380.52    655.50    812.09
   585.03    587.81    399.00
   485.40    535.11    673.84
   618.02    515.82   1038.17
   599.34    652.48    780.19
   546.56    599.84    519.37
   605.44    573.97    413.71
   805.35    558.65    260.79
   591.34    560.30    459.39
   537.75    611.29    447.21
   659.45    512.45    534.11
   857.23    470.42    440.30
   496.92    568.75   1266.78
   584.91    569.50    459.08
   560.31    497.16    534.24
   600.12    576.13    433.84
   432.80    530.34    541.24
   374.43    586.06    913.18
   235.73    730.43    479.24
   596.71    555.70    574.38
   513.34    562.35    719.97
   901.19    484.66    343.95
   650.30    604.38    464.97
   701.89    504.37    355.98
   457.87    604.18    643.92
   655.47    539.77    478.63
   456.47    577.31    511.48
   338.21    559.52    984.38
   740.60    564.32    506.79
   492.73    512.93    562.12
   511.33    575.73    477.24
   503.61    579.26    578.39
   346.39    649.62    875.98
   268.57    435.13   1010.56
   353.57    577.54    905.70
   282.03    611.27   1003.26
   538.38    637.13    607.27
   527.90    560.74    495.81
   754.35    634.37    295.49
   832.89    478.71    478.90
   253.04    645.33   1079.29
   317.49    585.37    792.02
   531.44    607.62    498.58
   244.68    390.82   2042.81
   395.66    640.35    341.12
   485.62    514.88    724.31
   158.32    676.43    879.02
   477.90    798.95    732.86
   618.20    506.70    381.96
   936.30    531.89    310.85
   543.80    553.38    829.35
   677.77    554.69    452.73
   666.17    554.37    501.62
   505.40    647.53    547.77
   546.62    433.94    716.66
   696.66    488.66    381.31
   779.50    495.68    531.17
   485.98    600.15    330.02
   668.82    551.00    670.05
   490.25    765.55    620.90
   363.75    518.25   1481.00
   317.01    560.72   1250.95
   764.91    476.03    566.51
   496.68    566.10    990.26
   618.55    568.89    445.73
   255.89    744.86    553.22
   457.09    721.84    300.29
   837.60    537.85    496.76
   471.28    623.78    361.93
   469.42    658.32    615.93
   612.59    567.45    503.43
   631.51    538.28    519.29
   601.10    603.42    461.00
   761.07    545.33    423.85
   849.59    418.42    425.84
   588.48    670.61    538.72
   711.37    549.56    335.91
   597.88    572.25    421.91
   599.62    582.78    536.82
   264.44    671.96    817.52
   818.68    526.86    460.81
    33.24    473.45   1828.55
   234.22    564.66    921.76
   788.38    462.00    284.14
   616.43    575.70    626.52
   765.83    617.31    401.12
   366.15    658.46    565.08
   533.34    653.33    487.76
   690.80    557.85    581.43
   492.97    710.75    479.75
   586.81    570.49    809.30
   373.92    746.50    616.25
   250.39    682.38    930.05
   436.28    578.57    594.62
   499.58    654.89    661.94
   766.68    462.95    375.64
   443.29    596.13    461.65
   558.49    569.17    550.79
   574.91    593.06    604.43
   572.37    665.72    442.02
   486.93    474.62    536.14
   731.68    519.88    401.90
   746.03    539.02    355.92
   708.70    543.54    335.71
   628.45    528.67    592.60
   370.75    476.95   1080.21
   323.33    714.12    470.74
   290.22    684.84    689.99
   545.04    630.97    597.89
   636.07    621.74    522.90
   599.71    641.10    382.69
   538.53    595.26    626.31
   762.73    558.10    318.73
   688.06    531.76    448.24
   765.02    466.53    326.33
   599.10    600.60    538.15
   625.83    549.58    489.51
   209.70    697.29    583.87
   569.29    605.44    747.27
   721.78    542.82    503.54
   319.03    773.30    432.39
   468.03    637.63    416.39
   563.36    568.92    614.02
   540.86    546.78    867.82
   301.11    657.03    697.47
   525.19    664.54    824.60
   765.22    588.59    309.62
   491.11    553.79    713.42
   407.42    671.03    801.54
   500.34    545.97    529.59
   717.95    620.42    352.66
   446.53    431.32   1423.90
   428.89    557.59    431.07
   684.21    576.98    609.51
   439.09    626.07    440.91
   561.45    476.84    737.26
   738.23    614.97    331.49
   734.92    448.44    270.27
   613.45    608.18    770.68
   338.80    578.30   1272.71
   576.58    639.68    515.99
   339.98    479.00   1284.88
   466.83    629.23    698.90
   512.80    494.16    914.30
   394.38    724.93    488.31
   346.22    586.80    500.21
   643.69    610.55    416.03
   400.40    724.23    686.86
   402.38    607.94    367.66
   504.78    618.91    450.35
   483.95    624.07    455.18
   814.36    475.21    285.27
   291.77    480.35   1107.68
   729.01    540.26    366.88
   561.21    641.05    562.37
   564.96    579.39    426.34
   506.62    545.36    458.03
   659.36    588.30    431.79
   307.45    602.18    683.85
   529.58    606.95    398.72
   562.24    515.78    646.02
   552.39    725.80    407.73
   855.67    450.50    216.49
   298.87    619.81    929.39
   800.76    662.17    349.14
   840.76    448.80    190.26
   501.27    671.32    530.63
   728.73    529.74    605.38
   366.17    639.30    688.00
   471.02    656.20    763.70
   680.55    619.79    253.60
   346.40    645.13    535.42
   482.73    593.51    896.43
   365.23    677.34    549.32
   597.67    558.21    692.54
   310.27    479.17   1720.70
   544.25    567.35    374.17
   472.31    557.78    642.79
   552.16    601.71    362.03
   680.75    651.18    316.14
   561.70    662.22    258.59
   599.14    579.09    440.35
   789.35    505.65    617.66
   891.63    519.95    326.74
   747.68    563.16    407.03
   501.87    617.35    492.01
   478.53    536.58    687.31
   600.55    550.29    399.52
   650.47    479.74    504.46
   528.57    482.02    803.36
   588.65    587.57    323.50
   569.92    506.02    467.15
   433.00    529.04    717.58
   435.78    606.97    800.39
   675.16    586.63    680.48
   498.20    686.17    534.87
   248.27    537.67   1606.99
   564.41    552.89    429.97
   471.32    551.42    931.13
   508.82    635.06    539.63
   493.32    606.39    465.14
   796.60    564.55    561.63
   656.56    584.38    561.84
   509.73    658.10    775.23
   601.95    442.42    915.59
   435.20    809.88    639.08
   365.22    580.07    836.13
   477.08    521.78    533.54
   266.28    568.26   1037.49
   979.22    474.64    360.00
   790.36    567.30    535.05
   381.85    590.57    609.31
   429.14    712.87    510.70
   248.87    597.59   1230.64
   436.70    652.62    510.53
   487.79    540.25    609.07
   428.64    586.11    728.51
   706.38    480.60    623.19
   440.76    599.95    513.62
   504.94    707.02    594.12
   672.59    648.47    261.13
   677.42    557.74    448.07
   567.77    541.70    451.94
   623.42    616.29    523.91
   487.96    738.81    543.39
   622.42    547.58    425.82
   368.88    484.76    687.03
   519.27    595.24    656.80
   503.34    603.44    642.16
   748.72    531.23    599.56
   652.82    548.53    378.48
   377.56    630.65    631.75
   133.04    639.71   1279.39
   505.73    504.93    833.29
   683.90    583.15    635.70
   415.37    578.76    667.50
   413.34    563.74    639.29
   667.51    619.77    422.34
   656.20    599.87    389.56
   581.79    518.56    670.49
   376.65    495.41   1027.85
   685.23    565.15    207.72
   665.04    542.42    478.64
   754.62    547.31    597.03
   394.75    663.09    733.14
   765.56    485.04    455.36
   615.93    498.35    551.25
   423.90    637.24    689.06
   646.52    597.99    563.55
   402.89    581.16    671.04
   385.74    536.66    674.02
   485.97    637.47    466.51
   590.87    558.58    443.05
   563.67    550.36    607.41
   315.49    352.52   1758.06
   806.78    495.30    488.93
   713.36    549.24    391.37
   542.08    571.01    486.23
  1036.56    389.71    365.43
   716.65    522.76    339.70
   726.95    666.03    381.79
   686.14    475.75    546.44
   334.02    494.90   1286.26
   740.49    534.50    552.87
   710.10    548.71    386.28
   616.90    505.05    572.71
   556.80    590.19    825.58
   498.32    606.56    492.75
   425.38    654.08    583.69
   587.80    556.16    281.04
   434.37    568.96    595.72
   492.38    673.35    747.20
   249.80    628.95    696.83
   188.26    794.53    759.51
   735.38    528.89    291.29
   317.34    623.71    802.22
   460.70    719.88    382.86
   477.54    668.85    535.17
   470.71    653.34    268.96
   647.60    679.86    220.32
   647.60    577.45    369.40
   342.10    682.99    496.22
   498.65    617.05    782.90
   440.37    617.60    472.74
   574.27    600.57    354.58
   380.08    600.17    784.99
   479.49    623.39    631.30
   342.29    498.70    976.77
   535.65    496.33    611.92
   637.68    613.15    425.97
   454.15    729.66    479.61
   460.66    672.93    624.46
   385.00    533.84    524.19
   648.52    510.94    603.64
   382.84    567.61    830.83
   266.06    593.46    797.39
   783.17    567.43    535.02
   810.43    519.07    262.93
   537.84    481.93    608.43
   433.14    545.35    481.58
   616.46    510.67    510.21
   621.40    513.75    468.73
   414.73    596.66    965.76
   740.67    575.16    248.69
   154.51    501.68   1471.41
   432.74    619.10    579.46
   619.56    570.64    398.50
   814.39    603.78    478.08
   569.76    545.76    735.48
   363.42    624.53    698.05
   559.62    564.84    695.11
   394.04    613.46    544.06
   435.34    629.47    435.19
   494.90    741.70    669.64
   462.87    665.66    576.29
   738.73    538.28    304.75
   576.46    607.34    476.33
   305.04    633.33    854.95
   498.04    687.94    631.93
   773.29    492.03    305.57
   442.70    538.26   1061.48
   599.30    714.05    503.42
   483.21    682.16    544.26
   555.48    536.71    311.44
   586.30    659.20    454.49
   586.10    658.72    625.82
   430.88    631.72    455.04
   472.22    699.35    670.89
   747.46    531.01    436.93
   545.47    631.55    631.66
   649.19    570.68    470.56
   519.78    655.85    697.40
   863.64    483.19    194.76
   575.19    723.94    586.49
   511.49    579.94    511.34
   436.85    554.62    510.22
   529.40    627.44    507.58
   437.34    580.68    517.51
   300.04    691.03    557.33
   655.99    546.56    420.53
   494.27    662.66    619.52
   757.21    486.44    437.36
   778.35    501.90    437.45
   312.90    586.84    758.50
   625.73    497.70    772.06
   314.21    561.76   1061.85
   586.28    500.98    709.67
   149.53    718.66    719.89
   855.61    557.11    293.58
   585.72    514.56    584.48
   487.37    706.82    524.72
   652.24    564.46    190.70
   277.35    568.47    875.67
   586.79    543.86    379.14
   511.64    561.78    740.20
   737.90    573.61    266.82
   421.96    537.92    407.26
   327.01    667.71    591.25
   822.03    574.17    315.84
   402.04    645.57    519.96
   569.71    627.81    678.20
   527.91    549.01    636.91
   477.82    713.39    428.03
   863.83    437.58    359.04
   725.39    609.34    316.01
   417.42    700.61    591.85
   385.42    556.48   1068.96
   585.99    604.68    375.98
   430.02    742.24    415.81
   768.54    607.74    374.38
   269.13    517.32   1388.82
   683.50    589.61    517.79
   504.71    610.63    383.42
   384.18    573.87    471.91
   602.50    620.34    464.54
   620.43    580.83    539.94
   460.15    604.15    768.03
   773.39    545.66    519.75
   508.55    557.87    550.91
   597.99    574.88    402.95
   601.17    552.75    437.11
   218.25    590.48   1135.03
   391.81    723.71    421.26
   429.18    767.13    529.47
   577.48    496.23    767.09
   629.62    544.10    558.51
   375.79    578.31    884.23
   818.89    479.46    197.37
   660.41    556.22    483.98
   743.98    524.43    504.30
   515.26    510.54    642.72
   719.32    577.01    510.72
   345.70    569.25    675.24
   710.22    470.88    366.09
   514.96    604.29   1159.94
   417.44    602.03    544.15
   515.82    566.57   1020.69
   558.08    642.61    555.82
   351.60    586.69    476.36
   339.89    588.17    921.46
   676.73    575.03    520.18
   677.43    602.43    602.29
   552.29    664.09    413.62
   511.91    690.53    560.49
   745.04    515.33    566.68
   651.72    619.39    614.03
   385.66    568.73   1014.80
   565.95    541.27    305.24
   500.70    542.54    658.73
   648.76    558.98    396.18
   484.17    589.37    689.02
   417.60    609.09    510.35
   714.20    461.89    747.47
   489.99    548.94    635.10
   557.62    600.66    656.78
   556.03    498.45    744.94
   571.99    656.57    266.36
   774.18    529.87    411.10
   549.56    477.44    685.39
   335.45    625.15    562.94
   306.78    681.82    887.08
   831.91    421.93    471.97
   688.89    566.51    444.14
   820.76    456.14    697.11
   558.51    572.31    475.19
   117.52    496.09   1320.85
   509.91    677.00    607.83
   628.23    577.11    444.04
   303.12    671.40    592.13
   681.27    466.47    342.90
   463.59    437.48    822.36
   581.92    550.16    450.54
   613.49    541.38    461.03
   549.54    584.10    456.60
   569.54    650.60    554.26
   463.56    552.29    765.75
   644.46    578.30    843.00
   756.02    546.89    434.45
   664.04    591.68    441.39
   638.13    536.11    240.90
   459.42    714.99    525.72
   619.91    598.01    463.63
   478.68    648.74    447.06
   317.56    587.96    851.90
   410.61    625.29    701.38
   357.23    559.83    940.37
   669.85    627.12    600.21
   429.31    610.69    523.39
   637.28    601.59    416.88
   481.17    581.31    345.70
   509.27    711.74    356.10
   757.23    430.44    371.26
   455.46    593.89    665.56
   421.17    517.96   1071.43
   822.16    532.72    525.50
   717.64    417.43    714.02
   495.64    744.12    586.65
   586.96    644.68    319.97
   753.32    543.57    553.16
   324.84    506.31   1433.32
   650.88    641.00    535.14
   459.55    777.75    380.13
   696.86    606.36    365.38
   524.06    601.61    431.55
   239.67    613.77    800.50
   499.41    681.39    382.43
   437.72    608.66    568.32
   663.26    501.35    861.53
   531.43    632.91    549.65
   650.36    562.47    408.32
   531.17    571.62    499.92
   257.58    606.32   1055.15
   737.07    513.50    362.11
  1032.43    494.06    416.57
   482.85    614.16    663.51
   763.77    568.55    458.49
   840.32    413.54    509.46
   573.88    625.35    679.28
   550.92    545.70    615.66
   426.38    722.86    415.25
   462.85    666.65    475.08
   529.22    596.20    714.42
   512.07    537.38    521.60
   479.75    579.08    861.92
   418.97    565.02    381.47
   355.46    600.55   1072.26
   862.09    431.91    288.30
   577.33    613.43    657.21
   279.79    543.45   1184.52
   581.84    619.49    459.36
   303.44    738.94    754.48
   410.25    606.13    664.97
   803.27    572.58    502.77
   289.59    684.79   1084.92
   238.13    618.42   1170.49
   600.14    606.34    336.03
   862.50    421.06    359.96
   462.16    530.46    561.88
   607.47    508.16    565.21
   840.60    528.37    366.70
   293.22    693.04    742.77
   601.01    507.38    705.63
   479.53    484.56    385.22
   482.06    674.04    580.07
   444.66    587.68    569.81
   576.45    728.65    309.13
   174.79    523.46   1457.08
   739.28    477.60    385.14
   596.43    488.66    617.67
   754.61    543.98    428.26
   620.74    623.29    450.10
   653.93    547.22    520.84
   375.03    736.48    555.29
   913.09    444.52    111.22
   704.40    459.76    927.04
   740.17    453.67    465.23
   147.19    623.50    913.75
   683.44    516.69    358.11
   740.31    528.41    447.89
   343.77    700.42    670.76
   245.40    670.12    878.73
   561.61    601.62    448.17
   447.44    694.38    531.65
   407.63    593.51    452.74
   548.63    485.67    501.28
   604.97    515.31    354.28
   472.84    391.29   1099.91
   549.23    602.94    505.40
   573.99    615.53    838.39
   704.80    479.31    359.04
   872.23    474.48    410.28
   542.93    628.01    611.34
   417.48    736.83    650.10
   794.85    473.67    382.11
   529.37    658.17    674.64
   749.76    543.86    213.21
   785.28    569.62    301.42
   383.26    677.06    636.12
   549.48    685.26    698.43
   530.09    532.95   1045.44
   459.66    636.84    497.08
   290.41    604.06    686.40
   508.87    550.00    680.74
   264.29    143.65   2838.05
   397.07    724.24    740.48
   640.45    660.61    315.32
   638.22    509.87    588.30
   331.70    494.65   1212.42
   493.99    590.91    862.55
   572.79    541.98    566.13
   422.98    566.40    762.30
   790.43    528.44    414.16
   667.69    585.94    588.51
   591.40    577.61    307.86
   599.75    497.76    477.33
   555.35    583.64    467.03
   491.34    471.40    779.72
    99.17    453.74   1990.75
   512.46    708.03    769.22
   703.93    544.93    236.00
   818.50    599.10    417.81
   538.97    547.38    471.81
   777.79    538.98    303.24
   685.59    551.11    241.07
   692.98    504.76    508.84
   423.88    595.69   1241.06
   626.47    554.28    283.93
   172.96    601.36   1132.06
   546.25    577.86    428.81
   506.77    554.22    592.39
   447.92    584.97    715.42
   723.27    490.65    374.33
   627.46    582.69    237.22
   814.46    529.96    398.52
   758.55    512.25    350.35
   633.13    601.25    416.44
   728.98    565.77    489.51
   669.90    601.27    419.52
   534.32    509.40    326.22
   601.19    586.82    572.71
   776.18    591.57    561.76
   630.92    503.04    388.10
   444.53    603.97    651.73
   663.67    510.46    404.65
   610.70    743.50    341.05
   666.98    596.26    523.86
   394.46    602.30    531.89
   422.30    604.85    550.00
   432.98    590.49    555.26
   423.59    700.71    756.16
   502.11    558.07    448.00
   296.44    736.94    993.36
   598.52    638.92    418.00
   605.33    595.50    333.03
   697.18    660.96    498.28
   449.63    561.92   1038.46
   724.98    481.66    481.68
   481.38    627.54    463.40
   376.24    668.63    516.01
   277.71    786.87    594.73
   501.20    616.45    287.54
   673.37    572.27    265.32
   649.35    521.16    462.85
   523.64    714.37    502.68
    39.56    626.16   1037.04
   651.11    636.61    478.49
   624.63    540.34    565.13
   179.03    441.40   2073.82
   465.62    629.30    408.58
   351.52    647.93    804.49
   503.41    550.56    887.40
   881.09    467.82    332.27
   605.39    594.29    700.26
   492.08    593.29    373.00
   710.17    552.59    477.89
   474.74    583.36    451.16
   731.15    546.12    505.66
   627.37    616.53    487.13
   500.92    651.23    504.64
   932.83    515.60    576.61
   336.19    761.69    591.63
   454.49    729.39    436.83
   542.41    541.68    753.04
   361.56    593.22    602.57
   717.50    515.09    302.63
   321.26    652.41    825.84
   670.05    607.40    372.66
   508.34    668.26    780.62
   201.22    646.96    959.06
   401.37    536.88    941.88
   644.13    687.96    560.58
   463.70    530.83    904.51
   476.39    590.75    973.78
   942.09    607.57    290.76
   491.39    774.00    587.45
   501.98    690.36    516.17
   471.54    607.26    435.30
   459.65    515.42    647.30
   719.15    495.10    665.76
   575.31    580.36    542.91
   487.92    573.58    334.98
   486.18    636.14    543.57
   507.92    638.15    551.63
   374.12    573.15   1368.13
   517.07    603.36    473.62
   363.28    750.41    468.12
   323.81    587.02    962.58
   632.98    565.96    525.24
   477.04    556.62    658.72
   397.05    543.09    668.53
   265.99    658.90    673.56
   621.85    556.76    495.46
    99.87    606.15   1264.63
   214.68    688.92    906.31
   488.76    488.62    796.78
   605.73    613.44    259.01
   734.82    531.63    427.99
   470.46    651.32    352.62
   747.53    564.83    395.68
   561.97    590.81    429.91
   702.98    507.71    648.63
   716.42    440.44    213.05
  1017.23    422.68    259.01
   659.41    601.11    508.50
   600.61    566.19    490.59
   599.65    495.62    854.04
   813.17    574.28    379.35
   626.35    647.24    324.25
   306.84    590.52    811.69
   347.62    482.09    938.15
   491.07    644.81    498.90
   557.11    695.83    274.40
   814.80    471.92    302.94
   614.65    585.43    683.21
   703.28    614.19    532.87
   602.81    435.79    678.61
   682.20    605.89    595.80
   639.77    553.59    293.61
   509.52    745.22    472.17
   256.73    662.91    435.27
   565.48    641.95    737.87
   504.33    594.49    460.80
   677.81    533.12    647.78
   437.25    574.49    611.84
   432.62    724.97    368.39
   574.36    421.98   1232.17
   566.92    515.10    846.62
   564.99    558.08    569.27
   720.29    487.26    295.09
   627.36    621.42    738.83
   237.50    596.58   1073.68
   464.67    769.76    446.48
   837.02    595.22    348.82
   490.51    730.40    279.40
   414.06    654.31    611.90
   556.43    648.11    175.02
   331.35    605.28   1126.36
   417.49    597.13    590.50
   385.54    681.69    693.23
   539.22    549.17    537.57
   931.79    490.98    419.62
   751.76    487.03    550.33
   738.00    567.10    309.81
   614.61    588.36    407.65
   734.90    537.72    388.09
   519.26    500.06   1216.03
   404.30    661.91    703.58
   201.01    683.61    697.87
   382.82    687.31    607.26
   637.39    491.17    425.55
   454.06    558.00    361.62
   355.65    587.50    716.00
   903.85    575.05    298.79
   597.46    513.06    424.36
   399.65    601.51    451.21
   399.11    593.94    737.23
   165.17    546.66   1859.57
    47.49    608.52   1184.09
   741.78    515.76    282.30
   496.14    622.45    798.78
   470.63    678.22    337.62
   371.91    779.90    591.64
   422.77    601.41    930.78
   515.30    626.77    450.81
   654.76    491.60    464.88
   542.00    567.85    846.49
   501.93    498.99    540.75
   537.91    543.85   1010.04
   329.24    626.37    992.26
   560.68    557.45    583.25
   527.52    621.06    553.87
   673.69    536.70    347.72
   560.76    614.73    555.84
   658.87    510.70    264.42
   531.55    586.73    579.09
   532.62    680.64    382.24
   206.91    660.77   1272.99
   409.73    672.39    437.49
   424.52    565.19    601.08
  1071.64    456.40    469.98
   128.07    706.49   1250.06
   907.22    507.60    266.79
   576.68    507.88    660.57
   716.93    598.23    236.94
   632.26    545.27    511.44
   527.36    695.46    624.67
   290.65    632.41    998.11
   402.18    595.71    521.97
   467.39    577.55    658.02
   666.97    516.98    299.70
   348.95    402.77   1173.18
   815.24    521.24    216.00
   818.35    483.08    414.61
   756.41    553.12    534.74
   749.07    619.60    471.65
   554.15    562.26    713.43
   395.61    618.06    965.76
   724.34    439.31    435.28
   840.60    584.86    477.92
   641.95    503.42    470.44
   737.39    511.19    525.43
   852.03    494.90    225.03
   633.75    623.31    657.27
   632.56    581.84    605.09
   516.83    640.55    391.58
   776.56    476.16    170.24
   758.78    524.24    310.53
   661.77    620.21    464.92
   344.10    604.00    783.17
   659.17    579.19    660.33
    99.03    478.33   1924.32
   550.44    622.41    770.75
   308.30    598.39    644.03
   492.38    643.51    454.22
   427.07    552.75    568.63
   881.95    444.03    370.22
   663.54    520.48    617.89
   964.69    493.23    456.73
   661.15    550.77    397.37
   625.14    643.51    330.61
   637.53    572.49    613.50
   639.14    584.03    427.64
   653.36    602.98    599.30
   499.11    559.44    527.50
   676.11    484.41    454.87
   357.13    692.87    576.35
   539.45    560.10    749.94
   671.86    597.96    360.87
   228.75    650.55    757.36
   425.79    743.86    482.84
   499.55    716.05    540.57
   221.49    566.27   1215.45
   543.79    791.87    441.67
   840.77    512.70    199.36
   636.26    548.77    516.86
   424.31    583.74   1052.83
   547.56    601.54    607.77
   548.27    546.10    787.71
   581.43    581.06    619.88
   627.91    610.31    432.45
   527.61    631.66    426.17
   841.39    450.76    381.22
   539.22    482.15    787.43
   540.15    517.73    953.28
   843.20    499.92    316.24
   671.74    513.61    559.58
   868.28    560.21    503.91
   530.05    684.66    379.11
   536.17    566.12    497.02
   604.17    431.66    769.91
   419.19    553.54    983.00
   812.43    477.74    264.90
   466.63    703.37    472.45
   586.52    568.24    585.13
   380.37    737.83    582.74
   735.18    611.51    566.83
   746.86    488.39    329.58
   892.67    457.62    194.63
   704.55    549.08    328.23
   492.04    568.05    781.21
   525.58    669.05    931.73
   384.39    677.45    539.51
  1130.95    467.78    212.99
   628.19    605.62    599.98
   746.63    490.40    245.71
   698.51    650.00    466.55
   818.40    464.62    635.25
   593.90    506.65    368.13
   575.26    593.27    507.75
   402.95    719.81    723.40
   493.66    606.51    538.48
   566.56    603.99    428.96
   443.85    595.62   1049.43
   478.23    624.66    382.36
   793.41    506.59    425.73
   599.24    585.15    607.14
   273.98    639.94    791.04
   570.04    595.11    478.31
   395.19    737.23    397.87
   344.67    621.56    849.33
   629.71    625.89    427.99
   476.90    618.31    527.13
   574.37    581.63    278.25
   516.17    610.25    476.10
   424.56    601.94    400.57
   236.56    222.72   2751.53
   492.77    633.64    396.71
   257.33    593.73    911.11
   648.17    598.69    426.41
   547.45    550.15    501.74
   514.32    565.69    623.32
   305.58    594.55   1194.16
   467.43    557.39    873.35
   701.83    485.45    389.57
   401.75    566.63    776.12
   761.66    630.41    342.40
   390.38    671.55    375.73
   538.78    438.67    925.91
   521.76    481.82    840.71
   318.54    587.36    576.49
   610.52    648.49    344.99
   959.43    477.01    319.27
   589.48    546.04    449.48
   278.37    590.16    792.14
   392.74    583.72    702.32
   619.94    564.57    401.96
   517.56    595.67    474.50
   348.38    600.54    630.30
   468.71    710.29    613.39
   400.54    563.29    893.47
   642.99    608.98    585.24
   646.68    650.05    418.84
   613.91    594.39    403.67
   334.76    542.20   1098.10
   475.40    581.54    625.61
   876.78    535.54    566.22
   606.62    602.90    411.73
   516.83    731.29    583.05
   533.65    595.23    411.71
   420.30    604.69    439.42
   462.40    576.46    762.80
   415.59    623.52    620.71
   523.27    684.02    715.28
   501.36    581.18    277.24
   600.81    680.89    556.57
   445.23    626.84    680.91
   376.57    613.25   1119.90
   321.85    596.24    646.84
   400.03    631.46    580.97
   520.33    540.62   1005.09
   515.60    587.18    569.03
   812.54    492.38    343.42
   650.47    594.72    453.41
   500.55    583.87    691.83
   407.58    612.87    604.85
   984.67    521.69    393.16
   615.20    495.94    432.79
   730.88    484.22    439.58
   645.29    639.87    353.99
   527.50    572.26    458.70
   549.43    603.56    447.07
   526.22    539.14    498.31
   469.93    632.44    710.35
   382.85    513.71    799.62
   298.83    720.38    673.74
   618.77    569.97    318.06
   565.89    661.60    952.49
   423.96    578.12    965.07
   396.46    584.18    807.42
   371.30    679.72    514.92
   317.29    709.67    490.21
   474.48    587.56    360.55
   535.59    581.23    585.38
   417.44    554.42    676.77
   755.12    658.00    343.63
   775.35    574.28    347.18
   667.86    619.09    413.17
   549.83    575.61    376.45
   594.75    513.60    785.50
   277.14    674.78    855.66
   266.74    719.91    863.35
   531.53    726.43    446.77
   462.12    698.53    480.78
   340.61    663.87    627.75
   870.60    566.08    433.23
   272.47    729.85    639.86
   489.36    598.60    629.87
   539.87    615.87    567.34
   731.80    564.82    637.94
   854.48    390.74    392.17
   543.85    606.57    580.75
   676.31    556.38    315.69
   208.89    664.61    845.31
   582.20    654.97    379.33
   512.88    566.29    644.29
   428.14    578.15    514.14
   790.37    540.27    250.02
   371.39    588.25    848.77
   459.52    670.00    802.69
   628.32    646.39    647.27
   295.98    707.04   1007.73
   261.88    610.51    785.38
   456.51    519.94    855.49
   465.10    587.30    495.22
   233.94    659.08    729.88
   287.26    702.64   1158.07
   484.29    627.53    564.05
   240.79    492.50   1151.28
   662.71    600.27    609.00
   782.63    556.23    347.44
   496.63    562.23    455.92
   831.55    538.91    399.92
   580.55    692.92    573.22
   446.11    570.90    623.54
   267.70    626.66    497.64
   284.02    649.51    455.65
   490.93    585.76    369.72
   610.52    577.86    352.38
   585.63    551.43    569.93
   503.75    534.51    778.41
   333.62    700.94    563.57
   665.53    596.11    345.89
   486.29    700.71    456.80
   572.93    633.26    465.28
   213.86    608.83    665.47
   704.68    483.08    476.24
   405.73    588.00    752.00
   394.61    683.35    496.20
   429.44    677.33    521.71
   588.10    628.42    579.56
   670.71    581.98    536.48
   657.16    594.18    301.58
   545.13    660.78    318.44
   700.55    567.53    470.21
   701.21    590.80    586.28
   561.25    639.72    656.73
   291.73    655.89    638.92
   762.24    572.03    311.13
   538.84    668.71    241.17
   727.57    546.91    503.19
   706.28    592.50    265.95
   763.82    559.68    381.22
   300.87    661.17    539.24
   693.93    610.31    666.11
   397.86    597.54    503.04
   243.20    498.48   1220.84
   596.42    647.61    380.37
   630.87    609.79    397.17
   600.33    518.44    501.80
   442.58    645.23    536.22
   652.77    485.74    424.54
   722.98    534.16    512.09
   625.88    575.85    508.08
   210.86    654.88   1037.91
   493.22    648.73    544.60
   337.30    547.06   1175.49
   814.76    457.77    455.69
   606.40    624.06    305.69
   590.27    635.33    540.87
   446.83    547.96    726.80
   325.89    651.88    852.67
   384.87    607.26    650.48
   817.41    493.83    326.98
   547.24    593.92    565.05
   454.20    672.94    497.99
   756.82    480.81    375.21
   513.30    502.90    470.07
   477.78    502.47    862.88
   662.71    427.41    346.32
   296.81    573.60    688.01
   851.18    490.92    225.60
   667.70    603.81    836.74
   457.89    742.88    655.28
   728.22    580.32    559.22
   444.65    574.32    607.22
   365.63    708.05    378.38
   763.48    508.56    246.29
   700.93    550.27    367.24
   696.13    537.45    404.43
   668.01    584.86    320.79
   306.65    738.57    576.17
   333.35    439.84    751.76
   543.70    805.17    442.06
   583.58    514.80    487.72
   415.05    555.70    886.40
   578.96    632.01    495.70
   574.07    572.28    302.87
   502.08    597.18    972.07
   293.89    553.04   1061.50
   783.31    468.31    358.38
   659.57    475.83    465.38
   560.60    560.47    674.78
   531.10    750.16    465.26
   416.33    755.32    420.55
   537.09    555.56    626.17
   742.53    453.19    239.26
   702.02    572.90    323.12
   526.24    609.83    457.08
   599.63    507.81    637.61
   565.62    635.24    563.13
   682.23    563.07    329.70
   497.38    532.20    795.00
   448.32    592.23    681.50
   830.59    651.59    342.57
   472.62    599.26    642.07
   466.48    610.88    476.01
   374.48    650.85    670.41
   836.25    477.10    301.35
   510.59    569.22    387.64
   627.19    494.68    303.51
   581.28    506.99    488.59
   486.94    694.75    449.26
   303.52    702.05    677.13
   405.10    559.65    777.67
   678.81    493.60    439.29
   467.45    639.82    504.05
   630.34    613.39    569.86
   538.67    544.09    393.28
   694.23    541.95    337.77
   878.14    529.68    369.05
   631.27    563.56    343.87
   514.13    658.07    420.38
   317.67    658.91    705.72
   455.33    740.76    686.35
   583.63    600.30    391.64
   643.76    557.11    655.59
   663.79    624.49    435.81
   565.93    610.20    630.83
   284.29    611.57    549.42
   606.62    596.70    446.60
   418.70    538.73    517.78
   819.84    558.97    344.35
   680.80    576.13    317.15
   301.93    695.30    424.04
   620.49    472.20    931.69
   309.22    718.66    688.95
   483.64    647.81    376.49
   429.95    662.74    720.93
   381.71    531.30    701.30
   388.21    452.51    923.39
   366.82    576.60    731.46
   681.99    404.74    505.05
   294.24    519.15    954.39
   330.65    533.70   1015.86
   670.63    530.06    546.84
   409.56    632.44    438.94
   525.64    509.04    705.90
   771.15    474.04    442.01
   516.90    579.27    539.82
   482.20    369.15    818.73
   429.09    689.51    626.22
   628.93    690.74    260.95
   575.99    590.97    674.03
   573.91    658.06    581.92
   370.66    670.49    597.71
   362.95    671.05    498.94
   687.74    556.88    291.94
   490.71    520.88    899.48
   386.33    581.32    848.01
   567.50    578.13    323.34
   277.06    611.51    396.50
   456.51    551.39   1174.76
   714.85    430.79    396.22
   473.60    555.92    403.98
   756.17    530.05    361.91
   558.95    630.53    516.26
   293.40    722.82    797.59
   361.35    663.63    530.85
   506.20    711.50    454.38
   566.48    582.17    502.80
   476.21    551.07    393.99
   369.41    672.67    420.93
   555.79    586.46    335.92
   697.36    580.26    398.38
   554.75    568.28    575.04
   273.26    589.57    647.65
   438.06    698.70    568.99
   497.53    467.85   1230.81
   374.68    603.58    544.17
   706.56    536.12    560.57
   524.94    658.01    443.31
   102.84    281.81   2714.71
   302.18    577.66    889.17
   115.32    701.13   1124.35
   745.67    460.60    370.26
   551.70    543.81    357.17
   512.93    497.84    416.62
   447.88    672.42    411.57
   507.35    586.63    672.22
   696.05    563.17    816.84
   623.95    650.59    250.82
   832.17    565.32    295.98
   594.83    608.04    468.07
   409.16    562.30    696.10
   415.13    560.44    805.88
   609.20    608.73    364.14
   740.72    563.35    436.41
   497.33    595.09    576.88
   729.29    601.69    539.97
   606.40    567.93    531.48
   630.14    574.90    238.97
   662.33    605.51    427.31
   357.85    660.75    668.77
   533.02    550.76    416.54
   718.57    585.93    404.98
   216.26    565.49   1021.78
   363.21    528.26    554.82
   303.12    590.11    689.56
   505.53    704.62    395.52
   593.78    541.20    404.73
   595.57    645.39    296.03
   484.55    638.62    607.63
   589.35    491.91    606.04
   731.36    554.25    289.02
   453.03    543.95    527.34
   578.92    635.96    476.66
   492.63    639.68    524.25
   552.20    563.02    778.78
   621.45    591.32    360.70
   658.37    596.99    583.48
   484.52    574.87    865.76
   633.40    595.98    561.21
   264.79    664.16    532.21
   539.34    651.42    480.37
   608.45    537.15    626.46
  1027.80    508.67    237.06
   733.60    560.90    450.24
   681.54    493.62    509.05
   406.02    798.16    404.73
   160.51    588.48   1137.46
   449.86    512.88    480.87
   565.94    558.61    628.00
   654.11    563.83    686.53
   419.24    620.10    775.98
   451.05    459.22   1084.98
   698.07    639.41    544.16
   575.11    663.44    492.41
   451.72    616.18    513.67
   491.60    671.48    469.92
   642.69    451.74    485.01
   247.52    706.96    730.94
    79.61    533.25   1731.26
   442.62    472.49    644.90
   481.44    558.32    500.04
   433.93    656.95    569.92
   787.98    606.71    256.94
   643.50    613.25    448.79
   523.13    562.90    482.02
   411.74    511.58    808.88
   574.01    635.15    502.37
   508.95    411.89   1107.54
   671.84    642.28    479.29
   406.65    521.37    756.08
   675.87    564.05    407.02
   254.00    622.52   1048.86
   330.70    704.53    705.25
   204.11    578.56   1251.87
   525.36    596.28    406.40
   571.09    533.27    634.43
   406.00    532.13    762.63
   475.36    673.34    549.67
   589.59    569.41    701.66
   776.30    542.71    292.70
   713.30    675.30    355.39
   408.77    579.23    567.37
   446.91    730.66    599.92
   485.35    614.58    674.22
   298.52    545.75   1372.67
   457.95    514.72    878.01
   516.10    592.49    541.39
   639.64    510.12    391.59
   492.97    559.03    529.52
   682.81    668.95    332.24
   190.22    480.03   1785.90
   730.32    581.72    594.56
   728.06    567.53    519.93
   602.69    692.92    458.65
   323.56    576.47    702.08
   445.34    552.73    559.03
   369.29    706.29    625.75
   496.24    552.44    419.10
   245.90    508.15   1374.96
   462.12    563.60    700.82
   350.68    466.18   1187.96
   429.90    521.63    863.90
   384.33    571.77    593.99
   615.15    629.07    440.71
   620.66    544.77    727.16
   301.87    684.04    697.07
   743.54    537.29    679.78
   748.96    508.70    517.06
   907.19    535.99    375.54
   316.17    728.30    733.92
   655.42    613.81    606.68
   305.16    621.99    533.13
   381.24    578.12    766.00
   644.38    553.65    301.28
   560.82    570.37    440.97
   869.75    504.46    549.15
   358.53    592.38    691.05
   550.92    684.66    320.39
   460.84    630.52    690.33
   477.12    479.45    830.11
   767.02    578.07    306.51
   630.37    560.28    747.89
   646.65    556.48    451.34
   354.41    614.61    417.89
   467.38    639.98    553.19
   503.92    683.00    683.46
   808.84    493.25    621.86
   397.93    527.43    993.77
   637.03    612.23    639.78
   351.22    648.52   1015.82
   666.56    524.14    603.12
   468.38    706.35    413.79
   315.84    708.85    416.36
   832.35    504.92    316.25
   394.90    543.88    701.17
   433.59    538.58    628.03
   870.04    507.15    430.31
   794.77    502.45    306.34
   681.60    631.72    522.75
   724.13    501.78    441.23
   781.63    553.82    519.75
   570.73    603.84    662.65
   718.43    503.52    432.57
   529.79    532.62    822.26
   567.87    599.36    599.97
   616.10    493.67    567.64
   495.75    608.23    706.20
   575.85    581.78    574.11
   802.23    484.91    403.57
   454.54    508.51    584.95
   282.15    628.59    933.42
   544.96    577.88    417.79
   711.19    485.79    259.35
   381.20    595.38    553.36
   381.74    711.71    518.15
   414.50    481.32    938.42
   374.73    529.73    878.42
   696.45    525.15    603.56
   602.86    608.02    547.53
   427.90    566.64    646.00
   607.36    574.21    322.32
   379.67    543.33    970.76
   422.37    558.71    695.31
   478.49    693.72    635.30
   597.85    679.33    322.52
   498.20    543.28    434.52
   573.52    490.42    286.49
   335.06    654.70    564.23
   669.26    401.74    529.61
   290.61    725.49    540.70
   713.79    593.24    428.82
   354.32    553.60    929.88
   598.35    715.86    482.31
   641.09    567.51    241.20
   444.89    607.67    528.11
   301.39    532.58    794.67
   599.60    512.23    657.51
   338.31    560.05   1275.50
   581.67    602.01    847.51
   355.43    556.68   1030.80
   638.38    523.59    315.14
   920.29    541.05    284.72
   484.02    535.68    802.40
   300.62    612.36    587.27
   819.87    607.87    280.14
   501.28    494.80    603.58
   524.82    559.14    534.01
   727.72    558.12    492.83
   765.26    492.27    310.41
   955.94    398.02    262.70
   683.44    532.56    274.84
   577.35    592.90    968.99
   486.05    648.82    380.45
   383.04    533.13    704.01
   559.58    732.07    516.39
   657.05    608.88    560.85
   793.14    549.27    277.41
   393.52    576.89    664.61
   409.94    602.79    473.51
   594.64    607.17    361.50
   599.75    586.17    675.09
   295.67    762.63    395.51
   407.52    560.89    859.31
   519.62    625.07    305.22
   289.86    525.96    676.98
   801.51    555.05    422.02
   601.18    592.32    255.12
   626.93    582.59    480.23
   562.82    579.56    588.74
   579.41    660.76    457.90
   466.27    611.98    855.85
   323.62    672.79    751.02
   370.82    739.24    531.41
   439.18    670.98    460.07
   544.82    605.30    678.43
   751.12    501.92    581.89
   453.35    563.08    825.44
   472.46    539.63    517.42
   551.80    647.76    652.14
   257.51    711.13    937.95
   562.68    690.21    602.10
   391.36    610.20    677.62
   896.74    395.30    414.05
   505.46    617.04    515.08
   718.01    578.49    338.66
   426.29    586.59    358.82
   326.13    598.63    822.93
   443.88    521.11    825.98
   678.41    571.73    591.01
   620.60    541.46    742.26
   441.12    631.89    641.75
   456.64    639.06    389.68
   500.10    615.30    564.80
   686.85    472.00    346.03
   671.35    528.74    466.76
   815.34    517.17    508.62
   438.98    607.79    621.56
   435.35    675.41    691.30
   762.77    480.63    529.21
   800.06    647.57    402.46
   633.18    540.33    463.91
   349.09    667.34    763.88
   620.93    614.77    385.28
   327.59    564.11    682.19
   421.29    590.75    683.69
   731.54    508.61    324.97
   775.75    546.18    334.62
   126.74    675.77    902.53
   704.10    550.86    451.11
   514.93    641.33    498.58
   483.34    633.12    849.05
   310.87    696.84    817.74
   610.66    469.31    576.17
   452.19    686.52    811.30
   443.49    671.45    759.52
   397.81    683.29    493.02
   562.64    616.93    684.68
   364.55    557.55    705.40
   329.40    665.88    603.48
   465.99    611.92    798.66
   503.24    425.95   1104.29
   674.09    578.52    709.66
   266.58    644.09   1046.49
   502.61    665.81    824.02
   353.41    668.24   1031.58
   448.40    553.71    791.15
   655.59    521.91    364.66
   484.92    626.29    754.43
   524.47    626.19    389.96
   395.53    607.11    579.58
   854.59    535.78    359.34
   646.82    513.48    356.27
   377.75    590.15    676.21
   763.92    471.98    437.33
   646.22    588.77    326.08
   522.43    573.90    413.14
   672.79    630.11    380.57
   420.25    671.91    543.29
   562.40    492.93    902.64
   409.31    633.58    709.74
   658.79    549.54    835.03
   507.93    685.80    529.38
   626.74    414.18    620.53
   510.96    619.63    347.91
   700.99    544.65    455.24
   415.85    639.07    554.19
   614.37    583.08    342.78
   370.27    482.02    960.38
   645.66    479.91    241.80
   485.14    710.81    581.17
   532.58    508.80    877.47
   467.60    615.09    551.48
   412.26    640.32    462.44
   443.78    589.40    689.13
   599.68    624.14    402.32
   386.71    640.17    829.36
   456.25    596.25    501.36
   879.79    475.48    345.94
   674.31    519.29    496.24
   481.32    617.16    550.27
   483.65    584.71    520.60
   370.38    735.86    489.16
   719.70    629.89    391.26
   490.56    566.44    391.81
   436.48    542.88    894.83
   615.76    480.58    338.27
   522.59    599.20    539.44
   458.20    708.96    668.30
   869.29    499.59    549.38
   500.90    542.48    939.33
   542.98    609.05    402.91
   475.07    604.16    581.47
   374.30    666.20    548.82
   718.80    607.38    484.16
   679.56    615.16    411.19
   589.90    652.47    569.23
   710.32    533.43    494.96
   681.18    569.77    449.45
   535.08    529.24    636.78
   357.14    696.70    736.18
   425.40    513.66    700.73
   680.75    522.86    186.98
   456.43    686.06    457.65
   572.64    599.22    610.53
   696.24    514.08    565.77
   301.48    694.20    761.67
   442.34    656.00    613.21
   658.08    542.36    293.60
   498.43    612.52    713.54
   157.41    633.40    848.79
   208.40    578.89   1349.57
   521.22    575.28    698.93
   325.16    634.82    992.30
   427.12    571.75    530.55
   353.30    625.24    647.29
   480.07    581.98    548.62
   448.13    525.28   1311.88
   653.95    428.03    332.40
   462.85    614.02    420.38
   403.00    675.40    450.23
   486.03    562.58    442.41
   574.05    500.69    736.63
   355.30    851.30    692.21
   328.96    637.87    599.76
   297.96    327.47   1917.75
   627.30    669.08    501.83
   738.68    561.29    501.91
   659.92    528.33    155.58
   561.37    577.44    437.23
   441.84    585.55    564.63
   814.82    655.32    303.10
   828.56    546.87    281.86
   679.24    549.87    359.90
   552.74    521.78    650.31
   530.63    647.50    605.92
   514.02    504.42    480.15
   753.20    483.47    289.26
   550.96    658.79    397.44
   562.18    708.69    666.99
   318.84    579.36    860.77
   516.52    570.15    679.42
   499.64    626.59    521.41
   768.33    593.54    420.42
   816.42    486.61    447.70
   709.42    642.88    317.51
   423.66    695.71    797.52
   555.70    719.76    597.02
   560.12    601.27    486.80
   842.95    544.31    367.26
   312.40    637.16    582.35
   440.00    536.64    426.74
   728.93    547.49    292.72
   654.15    499.27    655.41
   663.19    524.83    319.13
   438.96    591.68    695.96
   339.51    554.17   1124.11
   504.78    643.71    353.68
   462.49    667.93    446.11
   305.55    680.14    735.36
   435.34    747.25    381.91
   536.66    567.45    455.58
   533.15    527.24    494.26
   652.24    692.68    391.63
   435.82    666.11    478.54
   517.11    622.76    515.59
   416.43    655.28    358.59
   674.36    540.56    455.45
   259.83    648.29    834.81
   632.93    472.70    853.12
   533.85    617.29    507.08
   512.67    667.07    679.19
   434.79    631.99    567.20
   313.49    596.08    820.70
   740.12    558.35    452.77
   494.07    650.02    401.29
   714.78    513.40    347.91
   556.98    565.37    498.76
   696.55    594.46    486.75
   489.65    528.01    782.65
   299.24    668.05    844.05
   433.35    488.72   1362.72
   838.20    458.16    509.80
   231.61    719.46    807.64
   629.47    517.64    400.70
   695.95    551.74    170.14
   541.58    635.93    564.45
   383.35    485.24   1020.04
   433.47    634.77    566.79
   485.46    593.43    620.67
   292.84    629.48   1150.32
   706.62    543.38    350.77
   206.82    592.07   1161.35
   331.00    595.91    886.50
   430.03    542.77    893.82
   794.80    508.36    510.40
   731.63    544.54    354.24
   410.75    525.48    657.07
   668.36    511.29    237.80
   397.31    769.63    920.50
   517.23    713.99    481.72
   485.90    658.01    469.62
   458.74    595.57    623.28
   415.10    600.22    682.14
   504.64    597.87    541.39
   661.59    594.54    552.96
   331.94    656.39    477.64
   448.77    561.42    449.78
   906.12    541.37    340.69
   149.11    761.26   1058.93
   613.43    519.43    365.03
   654.76    540.23    706.58
   732.79    541.67    336.93
   902.62    510.44    401.86
   496.18    645.77    646.75
   635.59    590.67    439.02
   703.01    562.53    391.87
   753.84    592.37    451.38
   779.92    568.86    362.23
   579.77    575.59    681.89
   757.73    532.00    339.32
   442.41    624.45    485.49
   465.07    616.69    522.80
   508.40    614.27    632.29
   633.04    503.09    426.68
   599.64    561.00    467.97
   527.10    608.47    709.12
   355.26    534.45    968.91
   483.66    622.11    610.41
   442.96    569.86    673.38
   667.82    493.54    371.65
   526.39    638.64    400.37
   489.50    644.23    619.17
   669.69    628.38    249.31
   464.20    715.99    419.43
   824.74    541.75    375.46
   513.43    518.42    600.99
   437.54    557.25    722.31
   262.63    772.37    770.37
   533.49    573.57    341.76
   860.88    584.42    347.67
   315.33    557.84    426.30
   466.29    621.87    745.91
   362.21    663.42    694.57
   485.91    613.93    637.07
   503.08    723.12    573.27
   755.03    543.30    303.33
   620.31    553.42    427.76
   576.26    627.47    572.14
   521.82    647.62    534.88
   844.78    545.50    240.45
   296.66    627.20    584.38
   745.26    614.86    394.82
   298.28    762.02    916.77
   488.73    548.03    752.60
   676.61    537.94    438.21
   393.88    768.84    453.29
   529.42    527.92    392.75
   761.69    509.59    436.76
   526.35    644.99    725.47
   403.89    547.65    740.85
   256.14    543.89   1103.12
   565.60    589.41    428.49
   834.04    501.90    420.47
   477.89    642.00    499.93
   391.85    614.23    733.71
   743.66    573.90    269.47
   254.88    521.03   1653.19
   709.50    591.89    417.28
   565.81    480.81   1036.13
   501.03    600.73    486.98
   548.99    621.46    320.29
   335.78    537.56   1314.67
   613.07    546.97    706.69
   641.67    758.70    318.53
   600.35    523.33    591.25
   622.38    578.11    500.69
   489.64    493.19    769.51
   784.00    531.49    515.34
   654.59    556.18    573.78
   474.13    649.26    536.56
   380.36    595.93    498.60
   526.93    644.07    446.01
   835.21    466.78    197.87
   584.51    536.97    606.12
   258.40    452.14   1395.73
   594.16    542.62    546.32
   327.10    722.72    706.22
   455.63    507.44   1194.05
   474.67    581.60    768.53
   657.21    576.78    419.29
   478.08    593.62    694.59
   563.20    581.42    311.82
   588.95    514.48    710.69
   645.57    553.59    706.76
   605.54    657.11    494.38
   443.21    766.33    488.33
   736.54    626.71    246.97
   533.84    535.98    511.18
   447.19    447.62   1574.75
   589.78    560.24    215.46
   432.77    581.19    627.78
   361.25    543.34    995.75
   400.07    629.73    743.60
   588.49    508.61    667.86
   631.38    463.24    479.95
   470.76    563.21    705.62
   495.61    543.76    673.77
   571.69    547.27    804.24
   426.03    437.71    464.32
   618.34    574.46    658.61
   144.22    400.02   1340.18
   340.97    681.67    857.55
   440.85    660.03    791.01
   534.19    632.79    534.70
   191.74    573.61    966.16
   759.76    461.96    410.26
   777.22    462.49    411.71
   725.18    582.69    438.53
   502.74    734.50    882.22
   540.49    570.30   1084.79
   665.71    515.54    583.89
   356.98    618.93    616.37
   444.76    651.83    811.16
   699.09    568.69    569.88
   474.59    618.23    875.79
   563.25    526.28    530.81
   654.21    562.52    301.08
   785.68    469.15    531.86
   533.51    576.66    635.81
   646.71    496.37    544.71
   494.87    689.95    468.85
   824.11    568.95    448.52
   465.13    518.38    511.96
   539.58    567.12    443.13
   632.77    642.87    577.82
   382.30    635.33    615.03
   392.65    673.37    679.22
   769.86    412.72    227.83
   284.28    605.05   1077.23
   298.46    700.25    615.74
   560.80    484.88    786.51
   547.28    563.48    560.96
   450.69    619.45    733.39
   581.40    558.69    446.97
   553.51    548.86    921.55
   533.54    543.56    678.99
   620.76    484.78    522.44
   310.02    674.98    765.39
   730.52    552.55    670.57
   618.03    551.68    465.12
   303.41    611.49   1064.08
   568.41    649.17    627.69
   519.80    477.12    180.09
   496.83    677.64    483.51
   676.52    529.51    366.22
   425.52    578.51    969.28
   401.48    574.17    821.44
   355.47    630.47    714.59
   937.22    519.31    344.33
   562.53    657.89    343.63
   312.53    707.73    657.06
   580.54    600.40    664.82
   297.47    623.50    527.66
   664.50    478.16    325.11
   533.50    535.46    457.98
   688.90    463.44    377.82
   451.57    584.65    510.77
   521.01    602.34    546.26
   489.00    696.70    456.06
  1006.76    592.88    500.38
   673.04    494.40    521.76
   683.33    548.30    520.88
   665.09    615.40    420.22
   357.40    356.38   2264.31
   444.17    602.43    561.89
   395.22    605.83    730.76
   776.02    581.85    336.89
   413.93    745.72    546.16
   369.62    591.72   1091.48
   639.14    589.90    358.80
   601.31    470.73    362.25
   713.50    571.63    402.71
   509.17    683.65    623.55
   198.27    579.99   1556.22
   594.71    552.44    467.53
   548.92    554.37    285.08
   644.86    456.13    626.02
   461.72    551.77    564.81
   735.86    550.68    236.78
   266.44    614.53    886.36
   537.44    647.90    436.40
   723.85    591.12    210.81
   325.86    653.63    972.10
   397.02    620.42    825.73
   769.18    593.77    599.60
   691.82    559.77    500.77
   288.50    616.37    567.83
   545.21    628.60    420.53
   359.56    733.68    560.74
   432.27    660.23    478.38
   888.04    514.31    547.85
   463.20    580.42    426.14
   447.62    617.37    610.78
   457.48    629.89    421.85
   608.36    630.65    443.72
   527.73    608.34    562.76
   813.06    496.23    364.16
   398.18    679.72    543.05
   619.16    540.30    606.24
   519.45    591.17    390.28
   887.24    576.69    210.51
   630.27    454.78    328.81
   681.35    556.86    600.64
   940.74    564.50    319.09
   527.56    595.17    530.84
   362.30    557.22    664.07
   540.53    541.26    578.64
   563.70    559.94    532.56
   748.63    636.23    282.55
   451.16    606.54    872.39
   597.84    516.38    380.13
   387.88    722.45    724.73
   351.53    619.38    481.28
   535.83    612.51    336.72
   509.07    508.44    814.63
   238.97    544.37   1031.83
   642.17    607.54    476.10
   643.32    527.40    562.09
   471.88    659.53    603.35
   702.44    557.65    388.92
   427.62    520.05    859.73
   517.43    646.29    413.59
   409.83    639.65    527.58
   591.94    591.39    240.43
   325.39    712.65    574.49
   500.30    624.76    522.60
   443.99    623.05    538.86
   389.03    540.18    839.66
   371.53    614.53    737.03
   472.03    597.27   1015.81
   848.25    488.91    358.59
   642.46    468.47    425.83
   665.81    530.64    467.82
   724.46    554.51    289.25
   600.86    546.67    472.24
   584.55    648.19    336.60
   347.21    629.54    600.20
   709.13    493.78    446.59
   396.09    614.18    643.05
   358.52    634.68    455.00
   752.72    579.42    562.45
   590.04    520.75    400.47
   608.50    562.79    427.19
   265.86    596.30    951.73
   492.75    503.55   1004.13
   567.97    548.64    361.89
   544.17    551.89    787.06
   507.40    647.88    728.84
   589.01    676.48    414.36
   405.61    542.93    822.38
   878.04    527.21    399.93
   653.30    519.81    321.48
   183.03    513.64   1687.40
   344.51    629.11    427.86
   394.22    568.62    638.14
   590.60    555.47    421.85
   813.36    498.92    441.04
   468.97    546.43   1045.84
   743.26    451.80    402.10
   385.09    471.38   1227.68
   585.49    512.42    479.44
   419.81    663.10    611.35
   665.23    592.25    463.14
   659.57    545.53    536.20
   788.02    567.14    332.11
   369.28    615.92    708.58
   565.90    644.92    585.62
   606.92    587.70    527.08
   696.77    571.60    514.07
   271.61    759.82    433.52
   768.19    489.52    199.89
   582.35    523.85    461.92
   406.94    661.57    638.74
   631.10    619.16    486.34
   818.51    574.73    353.90
   715.60    540.31    501.12
   582.59    699.26    394.25
   811.44    429.84    244.14
   588.99    691.38    368.86
   616.27    542.39    248.39
   296.90    618.78    885.66
   159.14    454.96   2035.94
   696.75    538.36    434.73
   591.77    617.99    468.09
   980.69    427.89    345.56
   727.62    592.24    515.05
   566.75    584.46    488.43
   639.19    578.45    472.90
   340.24    717.96    525.18
   296.87    698.86    949.02
   794.69    637.47    526.05
   201.20    597.64   1091.93
   959.62    380.71    343.11
   395.17    566.19    696.19
   433.69    619.39    589.96
   528.15    608.41    420.01
   643.64    559.56    531.81
   475.84    624.43    866.53
   677.04    691.94    318.60
   621.24    635.22    696.55
   599.96    615.67    402.95
   393.12    663.62    365.29
   469.18    684.37    352.07
   278.31    630.33   1061.11
   479.69    573.22    544.18
   410.46    633.13    268.67
   325.94    710.43    728.54
   531.81    671.44    731.27
   567.40    588.64    566.00
   462.96    656.05    688.83
   588.57    493.87    732.06
   530.88    567.38    628.51
   528.47    652.21    293.56
   913.15    495.53    250.42
   586.87    529.49    459.56
   473.18    590.56    644.82
   746.02    570.85    726.26
   536.54    534.75    495.41
   622.04    623.32    602.43
   523.81    527.45    611.94
   470.76    467.02    957.07
   762.92    517.73    594.97
   671.17    625.06    395.93
   533.01    533.07    570.12
   711.84    545.12    491.91
   570.10    512.38    661.77
   564.52    463.86    497.19
   415.82    592.29    525.26
   665.68    420.01   1037.40
   367.56    533.26    796.66
   458.67    567.50    736.33
   298.21    661.40    803.45
   751.74    488.33    393.46
   718.24    532.80    415.59
   463.74    696.63    246.97
   948.85    466.71    389.23
   234.25    666.57   1010.08
   442.02    636.22    562.92
   422.77    651.24    567.15
   360.99    588.61    462.12
   465.55    586.18    914.47
   308.54    472.33   1685.83
   177.70    610.72   1597.27
   589.42    600.07    301.46
   205.34    679.56    633.16
   639.02    550.30    753.51
   404.99    675.17    319.01
   502.71    565.25    395.35
   585.74    552.07    742.85
   873.59    543.00    379.63
   532.06    499.09    432.01
   662.70    577.65    495.93
   233.55    615.35   1017.60
   588.73    566.52    516.63
   604.88    478.43    510.41
   623.62    611.68    390.10
   406.64    625.76    483.32
   824.01    520.37    225.46
   435.55    592.08    958.61
   699.81    540.84    351.56
   554.42    552.35    571.54
   634.76    617.59    530.34
   360.55    599.10    917.28
   480.50    611.13    446.41
   421.24    599.29    566.26
   625.94    511.56    390.21
   470.59    604.73    666.55
   938.57    480.95    447.98
   564.19    651.04    713.93
   654.52    603.88    384.88
   503.59    496.27    739.11
   818.27    493.62    501.26
   590.59    588.05    747.92
   540.65    490.90    757.67
   425.40    574.69    636.01
   783.46    485.85    288.60
   712.74    528.18    430.88
   522.26    684.31    490.34
   483.69    527.05    912.67
   830.08    553.55    285.98
   669.59    501.09    736.93
   536.20    518.28    900.62
   918.36    487.45    311.18
   778.83    534.15    344.84
   816.04    555.16    382.19
   521.10    700.77    695.67
   721.86    534.14    455.68
   330.56    638.03    760.44
   644.25    610.84    525.05
   581.17    534.24    581.00
   798.16    462.05    527.18
   511.49    595.37    389.56
   167.09    371.59   2276.11
   414.25    510.71    698.65
   489.61    700.48    392.51
   540.75    631.89    869.98
   449.30    564.74    353.76
   139.82    577.73   1529.87
   598.44    600.94    463.90
   738.03    456.21    487.71
   608.75    491.15    418.88
   290.44    531.40    817.12
   632.36    536.66    458.22
   560.92    539.37    661.45
   678.42    553.36    345.04
   637.35    562.15    443.53
   435.44    551.43    447.10
   801.46    509.63    249.09
   476.24    568.36    635.69
   130.82    612.65   1012.82
   425.64    542.04    474.72
   625.82    629.43    326.54
   538.41    546.05    607.13
   391.53    604.78    447.12
   526.50    632.14    586.04
   241.82    649.19    634.25
   534.42    618.02    451.85
   592.71    523.29    306.62
   698.39    586.45    501.99
   277.94    700.99    738.07
   373.48    645.64    616.83
   468.83    637.75    366.03
   563.63    733.00    458.58
   631.25    539.37    592.96
   741.23    559.56    433.24
   503.60    627.78    730.32
   814.65    558.75    352.41
   669.79    502.70    366.19
   506.96    539.29    916.62
   518.44    578.02    413.31
   538.63    630.96    523.72
   663.67    508.37    369.66
   637.33    590.00    410.48
   302.84    613.19    961.52
   559.39    532.08    606.25
   574.29    615.32    367.13
   420.40    662.32    370.45
   595.10    605.95    607.11
   562.98    579.78    813.58
   518.43    573.11    523.35
   750.53    536.40    260.02
   450.93    606.31    740.01
   692.48    544.12    590.40
   673.34    626.55    261.95
   555.95    670.37    374.98
   572.47    597.46    520.84
   624.44    565.24    565.40
   474.21    669.03    939.44
   552.16    684.14    527.89
   175.94    640.85    858.19
   774.48    530.45    333.52
   654.23    609.83    374.96
   491.28    636.71    403.90
   377.15    535.58   1230.78
   534.36    645.38    410.64
   393.18    582.25    763.51
   286.06    600.57    598.67
   656.71    641.20    477.31
   656.36    536.59    546.08
   456.32    508.14    697.08
   685.33    603.66    339.93
   746.50    643.84    471.25
   728.83    585.09    342.28
   422.12    597.19    734.15
   713.63    582.82    346.06
   603.39    528.90    281.44
   604.43    532.93    365.76
   663.28    580.25    346.29
   969.75    491.66    408.68
   752.14    546.08    402.71
   715.72    561.06    456.28
   442.73    609.75    729.84
   805.53    492.77    314.02
   810.87    547.20    294.25
   369.63    589.10    852.66
   592.77    529.62    580.80
   656.86    604.97    526.36
   479.64    545.87   1519.59
   452.40    564.19    974.94
   630.27    491.77    362.01
   512.04    643.19    544.65
   638.73    542.73    506.66
   459.47    607.12    760.72
   560.88    479.40    754.20
   630.92    630.59    581.13
   450.53    629.64    759.39
   471.69    627.10    638.60
   324.76    610.99    699.11
   629.10    498.56    804.94
   944.29    497.59    324.92
   636.33    469.03    729.44
   371.69    645.18    363.93
   676.79    689.25    509.02
   396.59    600.28    722.21
   394.70    546.43    779.73
   393.78    644.33    584.18
   639.80    553.93    239.87
   818.33    508.38    212.62
   629.27    672.88    431.27
   339.84    629.05    586.98
   599.41    577.12    584.20
   273.58    642.12    571.58
   356.65    585.73    969.93
   769.56    559.82    337.89
   694.97    562.49    532.35
   494.92    569.29    453.75
   442.77    613.24    724.26
  1029.15    474.93    447.25
   823.02    467.27    420.60
   554.98    610.27    310.78
   376.78    665.78    651.47
   601.78    585.63    350.49
   581.47    617.80    331.09
   525.52    634.36    392.54
   395.16    591.66    723.26
   359.00    624.28    603.08
   645.50    571.47    472.17
   235.08    276.38   2134.01
   359.37    588.84    594.65
   443.70    548.44    649.50
   634.21    533.40    411.88
   572.75    532.76    540.33
   204.18    652.31   1136.90
   724.58    613.85    491.17
   814.48    478.88    527.24
   395.25    517.14   1130.12
  1002.51    520.71    371.85
   638.35    562.95    448.22
   214.99    372.25   2180.73
   273.91    674.42   1096.11
   607.69    394.80    895.44
   808.97    503.77    482.95
   805.32    472.55    525.20
   428.01    715.30    681.56
  1093.75    519.78    345.81
   372.04    600.64    536.75
   699.52    517.34    538.59
   316.47    595.64    694.46
   456.52    637.84    471.35
   443.87    650.71    676.12
   336.12    584.92    497.78
   646.30    639.44    552.61
   603.87    561.79    299.32
   576.29    575.53    388.86
   405.01    667.53    803.94
   477.53    575.36    387.87
   343.20    682.51    487.76
   560.08    594.18    572.91
   450.96    618.33    641.02
   774.62    575.34    389.42
   597.32    649.81    594.39
   470.98    619.12    296.63
   494.16    605.28    596.04
   417.95    693.14    447.86
   595.56    632.96    532.12
   447.20    639.82    317.87
   484.34    580.49    609.15
   343.22    487.10    813.18
   639.28    551.53    256.04
   363.71    606.87    712.89
   583.34    692.89    786.96
   393.52    564.09    858.33
   587.29    548.59    468.68
   512.36    554.92    830.23
   444.49    666.81    518.66
   570.70    546.76    484.84
   501.99    618.87    741.94
   382.34    658.61    640.48
   422.10    645.60    396.28
   750.27    532.23    425.64
   109.93    504.40   1408.91
   524.90    627.52    596.30
   388.59    650.36    787.34
   538.47    630.93    663.68
   632.32    571.56    683.20
   556.16    631.18    466.52
   881.13    407.57    287.33
   580.81    620.71    337.90
   571.27    542.75    632.19
   865.86    570.66    489.35
   781.84    482.49    561.25
   281.17    742.21    980.48
   779.22    582.45    264.12
   695.75    503.46    502.66
   521.88    647.57    550.09
   521.65    625.12    558.96
   386.07    610.70    665.45
   714.78    558.15    465.03
   532.44    603.66    460.47
   434.41    663.89    831.09
   784.90    588.43    280.13
   881.68    581.69    466.25
   651.94    582.74    378.75
   478.24    643.90    275.25
   410.88    577.99    727.20
   744.49    473.30    353.29
   699.72    561.50    527.82
   678.09    457.62    460.97
   472.74    608.44    981.46
   496.70    618.75    567.65
   457.88    567.40    663.60
   835.02    491.59    303.85
   547.83    541.81    537.69
   164.69    649.03   1213.09
   538.94    595.30    442.12
   230.83    814.78    637.93
   535.30    634.92    362.21
   249.09    605.11    698.40
   698.19    574.72    349.13
   650.84    510.50    720.44
   627.01    578.53    471.99
   694.53    445.12    552.33
   479.09    547.34    624.59
   390.13    636.42    887.53
   805.94    430.75    307.26
   726.44    467.76    591.60
   834.02    521.53    283.72
   788.48    424.78    379.71
   422.87    699.94    839.23
   415.16    534.92    305.75
   468.00    556.68    541.05
   591.19    484.20    634.24
   248.57    651.08   1009.45
   648.73    552.76    454.31
   543.70    523.83    583.97
   733.45    479.87    644.43
   544.62    544.07   1165.61
   553.76    562.37    798.52
   584.98    568.32    517.39
   666.52    516.99    312.77
   606.36    683.35    567.78
   669.77    551.40    443.87
   303.66    728.03    706.06
   459.66    628.58    899.07
   593.52    560.48    462.30
   397.89    674.01    517.04
   214.82    539.85    993.69
   605.57    502.02    428.51
   549.29    659.56    401.74
   786.78    473.39    410.16
   753.80    544.48    978.90
   544.77    546.62    552.40
   286.83    604.90    863.94
   718.88    562.02    310.50
   820.59    538.96    643.69
   431.80    507.38    635.28
   559.97    540.05    661.17
   795.18    559.45    554.15
   319.74    609.10    929.01
   671.67    622.59    430.53
   477.82    583.92    647.49
   371.04    682.68    614.80
   457.80    576.99    691.24
   254.92    665.92   1065.30
   646.13    645.16    431.99
   508.97    492.89    554.45
   496.46    636.77    780.56
   604.08    622.85    466.66
   405.96    525.54    386.00
   238.01    713.68    895.81
   519.37    504.33    590.05
   593.62    531.38    610.45
   579.33    591.16    487.22
   643.81    631.46    411.28
   490.16    589.04    755.08
   493.30    674.05    470.19
   510.53    593.40    424.08
   750.76    713.85    326.09
   739.93    546.50    367.00
   359.39    583.33    694.64
   432.73    657.09    763.22
   665.00    547.60    658.47
   549.38    678.92    446.81
   829.40    472.49    563.88
   614.90    575.38    329.62
   418.14    739.50    438.33
   670.89    500.94    702.37
   858.30    476.84    441.45
   544.73    519.15    479.20
   583.91    490.31    882.38
   183.91    642.04    469.80
   409.14    624.81    494.25
   446.86    566.75    492.33
   441.85    608.04    632.61
   611.45    554.61    293.36
   714.65    653.26    221.21
   713.01    608.49    216.54
   537.53    493.22    457.42
   565.34    622.08    426.84
   616.06    530.78    409.44
   506.31    582.60    717.06
   801.60    516.43    201.43
   527.15    610.25    338.54
   537.99    617.76    673.28
   396.78    625.20    641.49
   575.83    721.40    445.81
   272.85    725.74   1188.12
   501.65    516.34    505.04
   573.23    563.74    261.28
   376.32    443.44   1467.08
   572.92    499.41    625.54
   895.93    446.83    386.80
   776.32    546.30    445.85
   480.18    536.18    630.11
   359.36    566.66   1167.50
   582.10    512.83    372.78
   463.42    422.20   1357.62
   515.71    560.81    567.57
   414.45    616.96    615.48
   501.79    646.63    776.65
   964.78    472.91    400.60
   381.35    536.10    864.97
   541.05    614.00    502.73
   822.73    514.94    329.96
   586.61    535.80    765.56
   613.01    546.57    514.38
   759.88    629.09    390.70
   469.02    481.16   1032.39
   633.28    607.72    365.02
   807.94    512.77    346.43
   528.57    566.06    467.50
   552.89    651.26    539.92
   369.99    720.77    692.02
   744.02    539.43    478.12
   366.02    630.88    681.75
   726.93    504.68    125.60
   417.79    633.10    503.66
   399.36    579.93   1198.87
   564.01    406.83   1240.54
   506.67    671.19    666.87
   338.55    586.12   1045.88
   470.40    604.62    565.53
   508.05    577.02    641.50
   592.03    612.97    651.59
   357.76    606.32    603.97
   392.07    514.13    623.87
   622.76    609.67    273.37
   401.56    587.50    461.27
   756.63    582.98    409.39
   653.17    552.89    347.13
   586.95    599.89    403.85
   449.21    647.60    569.28
   321.07    585.59   1078.52
   506.25    589.66    776.58
  1015.90    411.36    299.97
   743.04    559.48    263.89
   812.91    525.93    349.26
   851.63    495.17    437.94
   598.80    459.50    793.81
   713.80    586.04    480.77
   610.92    587.47    554.80
   373.26    638.50    848.98
   505.65    604.22    549.53
   805.75    532.87    384.67
   580.81    632.51    590.40
   640.04    531.44    456.83
   496.73    627.63    741.95
   365.56    604.93    713.06
   741.70    575.21    534.75
  1120.17    477.90    247.59
   775.34    470.17    362.74
   322.74    603.08    723.32
   400.36    640.18    568.03
   273.65    697.89    441.57
   483.68    556.68   1008.62
   671.42    505.08    568.60
   564.04    622.25    418.61
   661.78    476.77    371.68
   353.81    531.17   1321.12
   733.33    467.89    525.97
   650.37    558.00    651.22
   320.31    700.02    756.26
   711.63    573.28    474.72
   497.77    578.63    472.61
   589.57    591.73    496.09
   488.01    623.64    602.67
   471.17    627.30    697.26
   585.47    518.11    601.59
   757.62    472.63    667.73
   476.12    616.63    576.98
   355.86    698.70    921.69
   503.67    745.26    574.62
   718.80    529.54    467.22
   311.37    588.65    861.09
   482.10    630.75    619.13
   477.45    583.77    698.39
   421.26    627.28    409.61
   724.15    619.93    358.07
   399.62    675.08    549.13
   356.53    588.80    903.76
   381.87    544.20    979.81
   738.01    451.70    631.78
   893.44    515.66     92.24
   612.66    521.37    205.26
   670.65    564.95    491.82
   522.28    664.41    514.52
   197.61    582.28    860.08
   589.10    612.68    626.49
   655.50    570.44    604.83
   534.31    531.82    839.69
   452.80    678.75    554.61
   677.44    531.01    462.21
   471.55    748.75    545.08
   663.88    564.29    590.27
   680.22    659.00    454.99
   401.24    769.48    981.23
   537.79    609.26    537.30
   500.58    641.58    437.38
   407.13    658.62    769.76
   544.98    667.34    464.59
   739.73    456.87    506.90
   711.12    506.64    320.15
   574.35    590.21    478.97
   659.51    437.75    580.32
   640.70    607.98    324.38
   424.27    606.75    677.78
   797.49    477.96    336.77
   613.67    547.61    739.95
   420.37    591.31    818.09
   655.05    511.29    409.45
   499.42    628.10    573.47
   519.40    658.99    386.71
   640.20    592.47    331.62
   602.40    690.10    548.25
   706.56    543.07    492.03
   627.77    574.03    631.18
   438.35    567.69    869.22
   682.83    555.26    565.35
   692.27    585.04    306.69
   248.84    589.52   1234.40
   242.73    650.99    745.10
   204.94    521.02   1179.89
   528.24    545.57    503.02
   361.48    594.83    474.45
   401.97    665.63    506.20
   281.58    702.64    982.55
   717.80    563.51    528.91
   529.76    586.06    602.29
   602.39    602.50    415.61
   392.35    637.16    689.83
   481.93    620.55    456.38
   709.08    576.66    481.71
   506.17    551.29    393.32
   465.76    523.08    863.98
   546.97    576.89    406.36
   654.58    539.14    586.81
   555.82    534.31    693.24
   661.01    624.53    490.48
   339.98    590.24   1116.61
   662.58    492.16    460.81
   597.41    489.54    365.01
   582.05    690.54    668.66
   592.97    529.82    503.57
   819.18    502.28    602.34
   691.04    571.91    292.03
   499.73    634.58    587.12
   627.40    508.48    501.13
   874.91    451.40    374.52
   579.86    560.86    505.95
   359.17    565.23    436.31
   528.11    495.84    520.53
   629.27    654.53    467.29
   503.03    657.53    750.01
   509.16    620.70    689.99
   534.38    525.58    674.48
   553.15    488.39    721.10
   752.68    423.60    438.32
   643.51    583.91    492.92
   987.11    554.05    120.20
   285.76    602.20    950.98
   247.26    616.61   1072.75
   355.26    648.97    933.33
   498.30    602.61    498.82
   416.74    686.92    589.58
   663.42    615.40    537.72
   679.81    567.69    286.23
   387.89    663.41    376.41
   401.77    596.81    666.95
   234.29    590.01   1280.69
   715.04    505.74    204.72
   423.79    584.47    918.08
   638.34    630.63    637.62
   516.61    512.97    701.59
   297.15    547.90    725.24
   576.41    619.62    328.27
   565.18    583.06    741.27
   611.42    590.02    474.22
   696.48    717.07    385.46
   471.77    652.25    437.55
   755.48    573.34    364.59
   578.92    549.34    613.29
   328.97    728.21    769.63
   761.69    494.33    344.08
   453.50    634.99    593.02
   423.23    645.46    732.82
   654.36    651.32    211.83
   453.31    473.59   1016.01
   552.87    617.18    524.37
   358.63    634.16    709.29
   316.48    536.32    856.60
   567.47    601.65    598.50
   605.56    544.53    627.81
   558.75    664.85    606.03
   530.13    617.92    456.39
   570.37    553.17    407.56
   502.51    640.06    447.04
   527.55    563.01    559.78
   247.73    694.43    647.69
   584.92    585.70    659.50
   370.22    658.49    804.89
   477.22    682.67    519.31
   577.33    535.57    309.44
   713.74    595.28    563.62
   497.65    570.94    401.34
   572.22    602.44    518.15
   595.09    470.13   1019.19
   920.05    544.17    315.96
   511.20    549.67    773.85
   762.04    577.94    393.65
   384.35    536.20    996.08
   456.21    636.22    389.91
   351.52    662.99    735.47
   894.32    441.75    211.04
   541.82    621.79    632.07
   854.83    507.36    360.91
   592.07    569.69    524.15
   700.48    544.33    243.86
   767.06    551.95    450.39
   516.71    690.33    662.22
   797.84    515.54    440.12
   465.25    674.93    508.28
   456.99    644.56    511.86
   691.80    531.29    526.92
   585.64    586.54    455.76
   378.88    556.31    665.56
   569.45    592.83    729.78
   723.27    535.99    454.00
   485.98    518.07    546.49
   454.40    611.42    598.70
   599.17    562.69    705.40
   575.05    543.20    638.13
   629.77    673.91    304.21
   491.19    591.43    436.66
   367.64    528.10    714.45
   615.71    654.19    479.95
   482.69    582.59    443.31
   620.28    693.17    595.14
   912.32    533.97    295.29
   528.45    587.54    612.88
   556.95    508.33    767.64
   672.04    552.21    714.26
   497.19    511.39    609.66
   205.86    479.90   1101.87
   755.18    513.98    362.54
   600.23    604.69    449.08
   835.02    528.85    363.22
   643.65    517.03    524.57
   799.55    452.00    486.24
   899.76    502.83    303.14
   840.37    395.58    285.77
   301.16    597.43    799.56
   389.46    606.92    624.48
   422.84    540.14    525.11
   719.10    499.41    465.68
   419.76    579.25    677.84
   331.53    586.74    833.61
   459.86    644.30    523.78
   554.95    649.33    534.89
   772.67    562.10    249.08
   653.69    542.47    281.86
   438.94    546.59    815.37
   841.69    546.07    303.92
   466.00    621.21    402.36
   455.08    557.94    747.34
   743.15    604.96    341.39
   490.03    750.12    460.54
   802.61    547.01    408.30
   444.66    660.78    632.53
   412.69    701.26    466.78
   398.87    655.13    443.26
   485.74    450.96   1036.47
   376.63    732.07    773.82
   655.03    694.25    357.32
   896.76    502.69    277.04
   609.17    499.91    652.89
   667.37    553.55    351.24
   566.36    407.33   1176.78
   352.56    668.06    857.14
   400.00    584.75    359.10
   522.19    590.23    587.53
   330.63    464.37   1399.61
   529.59    454.73    762.35
   467.22    640.11    395.43
   746.24    525.46    596.38
   712.99    537.90    352.48
   543.03    569.45    490.50
   736.82    437.56    842.61
   480.94    617.38    610.99
   744.95    579.31    435.57
   710.14    674.61    533.09
   141.12    555.45   1572.72
   662.56    489.80    366.54
   536.79    510.07    950.08
   460.69    575.57    738.61
   403.30    603.46    665.94
   537.58    606.79    671.51
   683.48    537.15    414.25
   494.36    724.18   1021.41
   723.44    498.93    410.51
   435.46    556.82    369.34
   580.98    529.89    621.13
   801.68    554.30    330.79
   767.37    536.77    465.46
   499.97    698.78    479.59
   393.68    723.43    618.92
   408.92    693.52    442.47
   740.32    544.63    314.95
   638.37    599.15    272.44
   484.67    636.37    494.22
   381.81    639.73    444.56
   197.78    487.43   1589.79
   753.53    513.60    253.88
   473.16    638.77    353.75
   562.34    622.71    780.68
   647.07    477.23    648.49
   471.17    635.62    505.27
   609.88    442.44    879.32
   779.43    458.26   1101.10
   573.04    597.62    695.76
   537.05    575.53    820.93
   707.61    582.36    426.78
   587.16    571.08    389.38
   662.44    485.53    513.60
   658.49    505.60    471.94
   592.48    574.40    958.58
   603.76    609.46    447.85
   316.51    428.35   1680.29
   280.45    526.47    809.51
   326.51    623.42    794.45
   613.80    550.32    390.81
   600.36    604.66    352.33
   506.77    650.87    326.61
   590.33    467.02    379.14
   367.85    577.03   1350.47
   655.15    509.79    389.57
   603.42    677.16    496.20
   883.97    410.86    262.43
   290.17    399.43   1654.30
   654.63    537.65    497.18
   740.02    641.59    299.78
   595.10    594.32    895.89
   458.15    734.55    594.63
   425.48    517.83    785.78
   516.86    585.32    400.25
   662.51    502.11    422.93
   166.02    547.54   1372.29
   702.53    655.27    295.95
   421.24    608.56    731.27
   252.17    627.58    983.22
   751.71    494.53    539.97
   635.91    555.09    420.87
   195.78    589.73   1416.68
   947.04    491.99    253.86
   825.91    570.47    368.55
   550.43    478.63    603.77
   430.16    652.38    301.53
   797.35    539.63    366.26
   747.95    469.03    440.24
   615.25    506.66    364.71
   460.28    588.30    808.06
   262.80    598.65   1066.78
   588.34    647.63    511.99
   510.37    619.21    452.22
   625.85    483.53    534.75
   621.44    663.25    550.09
   685.88    586.64    694.27
   640.68    733.75    403.12
   517.22    539.55    923.91
   606.19    529.36    489.49
   510.06    666.81    612.55
   378.46    710.18    569.04
   814.49    493.95    553.70
   343.86    664.56    988.33
   656.54    627.92    554.73
   554.65    604.01    533.02
   592.41    524.23    514.88
   579.85    661.31    376.06
   627.72    589.91    370.46
   532.07    605.22    519.19
   372.99    706.96    732.32
   504.25    641.97    633.23
   826.82    529.46    387.99
   323.86    577.06   1051.61
   635.62    531.54    513.61
   274.78    738.39    660.94
   346.88    594.42   1020.82
   596.17    600.20    381.86
   662.55    578.04    396.53
   358.47    645.26    864.07
   584.54    666.80    480.19
   224.75    576.15    688.82
   556.83    562.02    373.46
   685.60    568.29    499.77
   630.42    465.90    524.96
   474.79    543.97    857.39
   522.68    559.10    413.14
   521.64    561.24    448.40
   371.91    611.90    841.20
   470.23    729.11    461.43
   547.32    587.14    281.11
   479.12    700.79    490.07
   470.58    642.16    487.31
   581.61    509.21    505.70
   460.25    548.86    390.59
   615.62    551.54    374.97
   494.68    618.08    644.80
   813.79    527.22    268.69
   725.05    610.97    310.68
   779.02    555.95    396.89
   450.47    652.61    389.74
   683.62    602.03    656.07
   459.78    529.94    466.60
   751.92    575.45    362.29
   716.54    532.44    752.60
   259.75    814.00    500.19
   189.06    547.97   1657.91
   724.69    593.90    296.00
   761.03    506.91    392.13
   406.68    534.60    932.07
   765.94    602.01    432.53
   299.49    555.97   1654.58
   221.85    683.07    816.44
   575.11    560.78    789.09
   569.29    706.21    573.10
   679.71    600.92    332.18
   694.74    616.85    278.36
   727.05    583.51    358.35
   527.26    583.62    697.46
   579.26    590.05    692.16
   432.84    614.53    892.36
   420.24    709.40    956.41
   480.67    561.05    489.60
   704.38    562.92    529.27
   609.60    588.66    515.05
   592.08    545.52    772.98
   645.92    458.16    225.78
   295.26    641.11    755.81
   421.12    640.06    638.21
   590.01    552.50    637.37
   613.83    546.02    501.98
   583.99    551.54    441.18
   762.84    542.12    390.55
   544.32    518.37    520.25
   422.62    545.63    850.04
   644.66    488.23    370.12
   496.00    518.97    596.75
   880.02    498.77    203.68
   529.33    596.63    478.67
   715.65    555.93    527.86
   594.06    547.62    469.58
   249.22    560.32   1445.85
   537.04    575.84    619.46
   602.78    647.72    306.13
   493.11    621.33    440.77
   694.93    503.75    798.42
   870.71    491.63    309.81
   482.15    603.56    290.83
   311.60    544.57    467.41
   531.49    568.08    477.03
   569.10    653.17    267.48
   468.00    533.28    767.28
   606.57    462.61    518.84
   518.33    587.68    482.13
   735.03    481.36    348.21
   627.76    537.16    390.07
   550.56    624.49    309.32
   598.89    546.37    284.92
   778.06    593.91    374.95
   492.63    621.88    645.30
   425.89    420.81   1158.51
   527.30    501.90    506.74
   632.86    601.72    399.11
   398.51    612.90    444.34
   443.53    711.77    585.05
   518.24    564.38    462.49
   758.09    610.14    390.05
   376.54    516.23   1224.33
   478.14    692.30    553.37
   699.20    426.86    575.58
   738.42    527.91    544.72
   632.91    572.52    410.64
   300.89    545.88    646.50
   736.23    579.62    305.83
   460.31    561.86    746.20
   619.11    557.82    407.55
   378.39    602.01    504.75
   312.64    689.80    628.77
   303.41    642.09    788.81
   820.85    485.37    204.72
   572.20    500.21    465.27
   522.29    627.28    535.25
   321.49    686.06    688.26
   413.47    533.44   1039.04
   660.50    602.42    391.96
   645.81    649.11    383.03
   468.90    517.76    621.76
   497.89    477.94    708.52
   638.60    530.14    575.50
   473.87    554.31    639.21
   409.69    724.56    505.95
   478.64    563.68    545.93
   747.41    455.34    231.29
   446.65    681.67    861.99
   602.23    584.72    483.39
   479.75    633.97    473.24
   604.51    577.49    861.21
   238.65    619.13    525.78
   527.75    588.46    553.54
   840.70    555.88    180.83
   172.58    789.50    477.34
   527.36    615.99    498.38
   651.04    576.18    309.08
   681.26    500.43    323.08
   753.20    468.52    166.24
   596.20    497.21    436.15
   238.39    710.01    687.82
   469.38    627.09    467.84
   680.04    580.90    376.07
   616.58    479.40    439.07
   579.03    596.60    657.97
   412.22    629.19    591.04
   586.49    597.68    327.95
   933.57    532.43    329.34
   486.87    684.02    487.95
   382.40    393.65   1416.00
   742.15    475.53    387.99
   426.84    613.08    740.65
   502.96    623.77    567.98
   462.74    480.35    906.21
   630.27    535.58    601.17
   891.55    456.82    403.56
   876.76    540.20    384.55
   765.48    546.08    424.84
   968.53    507.22    379.40
   590.19    551.26    541.04
   640.35    529.86    463.66
   506.92    505.80    583.52
   631.21    519.78    542.21
   382.34    707.64    766.32
   270.57    524.82   1353.13
   537.07    527.34    832.42
   438.20    643.63    610.74
   756.26    529.14    332.28
   508.82    575.80    621.51
   616.46    605.67    498.90
   792.82    492.67    563.00
   735.11    502.54    451.27
   569.42    702.02    329.48
   742.22    591.00    593.69
   379.09    617.42    680.43
   343.80    798.24    401.09
   384.47    580.95    688.50
   201.43    682.60   1057.72
   293.41    678.43    763.33
   196.02    666.22   1302.73
   515.49    530.37   1091.26
   417.46    528.72    592.87
   302.20    550.97   1344.25
   432.34    691.56    496.94
   796.11    555.55    632.72
   750.97    516.44    569.07
   638.96    524.66    657.39
   343.23    543.86   1401.02
   312.83    615.97    554.44
   726.23    601.25    515.02
   523.73    600.94    325.22
   379.14    593.76    747.27
   450.87    577.67    531.34
   314.76    280.57   1995.84
   817.76    538.51    428.21
   343.56    582.71    691.92
   269.14    649.87    923.52
   546.65    522.07    587.10
   460.44    715.35    593.25
   122.91    536.53   1405.38
   476.50    505.45    578.16
   329.51    601.13    930.96
   401.89    599.77    621.67
   491.35    571.02    410.42
   319.58    651.72    916.40
   696.15    531.26    364.45
   446.44    513.22    865.33
   620.06    565.77    394.78
   696.11    616.17    536.97
   330.29    587.12    401.68
   955.94    565.97    311.01
   730.16    470.75    655.68
   737.90    523.08    248.98
   513.98    658.04    695.70
   588.15    572.28    470.55
   613.87    547.37    537.98
   656.43    530.59    445.20
   462.95    571.96    743.88
   612.70    567.53    491.55
   655.18    487.55    554.38
   577.70    566.83    333.15
   500.31    567.32    459.26
   782.39    531.66    410.33
   724.11    547.88    285.57
   608.70    620.97    272.11
   542.64    588.72    571.59
   579.88    664.53    373.72
   642.28    564.93    405.79
   490.40    590.16    535.27
   494.50    585.15    646.07
   269.40    619.91   1026.20
   523.39    537.95    431.09
   177.65    566.39   1754.36
   217.91    585.01   1058.46
   414.01    566.26    925.87
   576.69    507.89    420.24
   352.89    656.55    621.02
   483.31    601.20    404.04
   887.79    442.37    193.10
   339.12    613.88    571.03
   347.40    699.78    592.05
   634.67    605.46    625.88
   615.23    580.16    612.19
   561.89    591.97    514.94
   388.89    771.90    436.40
   446.52    566.22    737.57
   186.88    653.38   1168.44
   593.76    653.39    447.06
   538.07    619.37    539.99
   465.37    682.01    470.35
   644.28    567.09    700.80
   677.35    613.16    485.33
   248.40    467.35   1091.53
   510.17    672.52    458.18
   777.91    424.34    323.18
   534.48    669.55    409.59
   520.63    539.41    649.85
   499.65    633.90    283.23
   609.88    548.15    179.11
   898.32    448.63    489.79
   421.18    607.81    516.05
   536.78    748.57    562.57
   423.98    649.90    572.54
   475.85    612.88    414.99
   500.83    658.54    470.66
   499.91    723.41    553.89
   415.59    506.87    911.20
   495.26    671.44    545.66
   508.09    592.35    234.46
   458.47    510.11    734.37
   427.18    538.97    634.01
   526.46    545.85    533.36
   487.70    642.75    878.52
   318.41    802.79    714.93
   587.30    428.09    777.25
   516.92    541.60    689.13
   472.51    584.78    802.61
   558.56    589.47    596.75
   573.66    649.30    555.62
   482.00    572.27    703.78
   664.80    638.94    440.51
   858.17    398.48    288.57
   156.69    530.99   1339.23
   423.64    625.29    630.15
   472.98    695.95    657.83
   358.13    535.70   1100.28
   220.57    664.31    901.01
   437.11    493.52    707.91
   724.84    519.19    717.41
   406.83    597.98    619.12
   535.81    652.97    599.68
   758.22    572.04    310.32
   660.04    571.12    344.90
   406.01    606.83    581.21
   421.65    635.64    495.72
   320.13    735.89    554.47
   331.91    650.18    736.53
   764.52    473.02    408.66
   577.73    595.88    630.22
   580.98    556.63    617.59
   745.45    551.36    559.73
   319.98    600.96    552.73
   670.94    546.45    446.30
   668.63    584.94    512.99
   350.66    512.97    859.83
   356.03    678.67   1000.42
   645.93    549.83    325.79
   347.31    672.55    958.82
   791.65    517.84    409.46
   445.24    566.15    832.53
   327.96    610.12    834.74
   333.06    672.08    752.67
   667.17    501.39    396.35
   634.79    655.75    345.58
   509.10    636.17    814.18
   754.49    546.37    356.37
   424.36    572.53    659.42
   316.68    639.92    663.39
   976.68    520.95    165.79
   435.22    672.13    420.21
   575.47    501.53    427.05
   457.64    549.36    721.51
   425.02    620.44    497.26
   830.59    515.33    264.62
   388.51    610.80    621.28
   593.36    677.69    589.53
   647.47    488.09    370.14
   739.12    482.01    609.05
   504.92    661.13    628.72
   677.95    469.77    500.05
   328.98    623.11    699.21
   566.44    621.13    432.62
   531.94    710.49    404.91
   553.88    581.78    383.18
   494.34    535.82    710.60
   500.57    598.81    642.80
   623.58    443.41    421.70
   580.84    474.11    616.95
   510.10    550.75    542.63
   324.44    470.32   1204.23
   573.04    547.30    686.48
   345.40    716.24    572.68
   607.94    520.95    248.74
   441.70    590.75    635.32
   529.02    566.94    617.40
   532.65    626.66    806.48
   519.59    501.23    600.14
   462.89    574.85    467.92
   676.09    553.59    458.20
   382.51    701.13    537.99
   515.64    626.03    556.44
   828.81    589.64    366.90
   603.00    671.16    424.13
   472.04    553.15    728.18
   466.96    673.15    483.84
   223.15    658.33    848.49
   366.03    739.95    543.76
   597.03    541.83    437.05
   246.05    718.12   1169.06
   420.77    668.00    650.26
   509.65    598.50    439.18
   349.30    690.24    672.56
   348.25    700.31    810.64
   716.99    642.57    599.56
   396.01    592.39    913.08
   619.79    604.41    340.54
   487.03    660.15    663.05
   632.87    539.19    378.92
   697.10    483.04    423.40
   468.09    505.10   1068.83
   892.16    519.62    403.66
   371.10    664.49    616.47
   752.76    562.81    425.05
   537.87    687.05    410.94
   671.71    561.02    384.64
   801.52    631.46    414.48
   434.73    745.34    522.33
   774.92    512.76    523.41
   579.35    554.21    383.34
   619.99    587.02    494.50
   171.67    596.95   1193.53
   569.18    615.53    536.33
   433.67    620.07    289.41
   697.23    595.03    466.29
   167.30    186.73   2416.76
   536.00    564.31    300.38
   497.23    582.48    837.76
   351.27    610.03    918.11
   397.65    621.07   1006.34
   543.34    589.28    774.94
   784.78    561.62    528.83
   511.52    636.10    515.07
   407.03    643.68    777.85
   230.31    759.97    866.32
   320.01    643.21    865.08
   747.34    594.81    463.65
   663.94    541.82    297.92
   717.50    506.32    346.56
   349.58    744.24    536.42
   304.71    685.29    679.12
   712.18    594.16    343.48
   392.51    612.03    951.34
   427.82    393.69   1548.13
   464.10    699.98    594.93
   621.11    523.43    190.12
   670.67    560.86    366.70
   704.02    557.27    319.20
   252.45    469.73   1777.40
   580.54    555.79    270.92
   600.65    524.28    419.24
   432.26    462.95    668.86
   753.89    448.08    665.37
   500.72    517.38   1255.11
   616.35    571.42    405.13
   498.39    628.99    450.34
   631.71    597.73    643.00
   254.83    690.68    611.77
   190.39    689.73    781.22
   429.60    516.53    470.90
   736.16    547.00    473.65
   747.05    500.44    469.63
   680.23    500.91    462.74
   692.90    587.51    484.04
   575.56    576.46    476.57
   650.73    459.88    435.23
   478.30    588.28    568.91
   461.49    500.35    602.53
   624.21    549.51    641.77
   541.75    614.46    305.98
   697.42    571.59    573.52
   787.96    548.64    284.20
   888.52    503.23    519.53
   464.61    669.56    531.21
   828.56    509.92    345.64
   671.79    608.97    224.76
   614.79    602.36    255.86
   277.75    534.69   1490.00
   543.17    565.95    548.19
   491.54    771.54    423.18
   599.46    578.01    731.61
   316.49    711.37    564.10
   456.49    513.40    426.44
   600.07    644.60    522.61
   446.91    592.84    535.67
   710.08    622.43    419.09
   543.55    602.29    709.41
   408.39    628.82    588.98
   457.85    611.90   1010.35
   332.65    636.88    876.35
   313.44    647.93    901.48
   377.39    540.04    286.78
   799.91    533.92    253.23
   443.71    548.44    555.86
   588.74    519.81    295.53
   639.54    552.94    460.94
   321.55    618.51    859.60
   179.83    619.71    737.18
   576.11    666.89    570.44
   495.73    596.32    552.50
   554.73    571.18    762.16
   673.07    708.37    302.57
   643.04    546.21    332.44
   607.94    568.67    518.17
   270.22    563.61    980.17
   322.39    620.10    665.08
   746.68    536.38    386.51
   314.40    514.30   1106.16
   713.35    538.58    490.88
   545.06    687.79    488.64
   467.54    596.83    416.96
   562.19    626.18    601.42
   311.13    567.66   1247.61
   915.14    473.25    365.15
   768.45    532.10    574.78
   479.35    652.07    247.03
   715.14    523.77    376.52
   656.10    592.43    482.87
   200.01    694.92    802.62
   313.13    567.44    970.42
   435.06    605.13    592.89
   451.18    535.19    489.72
   437.86    649.69    417.10
   620.82    437.88    580.73
   613.31    632.59    435.82
   819.82    534.37    400.57
   339.95    597.07    718.18
   598.16    571.61    752.71
   684.31    558.64    301.85
   393.57    662.30    627.12
   613.42    492.81    872.25
   703.61    566.70    471.02
   272.43    662.15    950.87
   433.18    617.03    714.11
   504.39    719.95    441.40
   665.91    595.53    628.76
   376.47    633.40    599.08
   727.06    555.23    330.62
   508.05    540.61    492.05
   419.05    625.03    608.50
   509.68    547.64    804.99
   447.63    669.30    502.35
   600.82    536.63    555.37
   510.59    596.51    614.90
   435.03    676.00    595.75
   416.86    648.19    521.24
   419.39    539.71    799.20
   433.55    637.56    368.04
   296.38    618.42    696.69
   362.00    553.89   1120.75
   511.35    721.32    498.22
   468.11    646.29    903.39
   652.22    543.37    359.14
   568.15    474.70    369.98
   631.89    509.85    476.79
   567.74    512.40    703.11
   601.80    630.22    547.32
   327.59    695.74    543.12
   301.51    625.50    973.36
   655.32    573.81    575.43
   584.42    563.89    563.44
   465.83    538.80    486.29
   178.95    550.15   1114.49
   483.78    573.84    669.91
   494.11    682.64    406.69
   609.32    565.15    643.96
   456.61    599.62    558.26
   463.78    554.97    343.95
   445.03    601.16   1073.80
   571.43    550.82    360.26
   485.38    599.38    495.16
   451.99    579.08    696.99
   351.49    601.93    540.53
   478.91    605.50    488.35
   395.88    601.00    471.06
   811.43    542.87    595.50
   568.50    584.50    459.66
   513.43    630.82    564.30
   753.18    478.70    434.26
   609.14    433.49    880.64
   480.89    554.39    665.83
   820.84    518.43    431.38
   785.90    481.68    483.47
   627.39    617.04    449.34
   575.42    637.69    424.64
   286.44    590.76   1019.41
   489.37    626.63    501.46
   492.72    622.10    697.88
   851.52    523.77    334.53
   623.64    542.21    464.71
   591.14    515.77    426.92
   318.89    785.04    703.03
   626.79    610.56    513.66
   381.70    465.28    479.44
   391.45    676.26    632.89
   501.03    622.87   1053.52
   449.80    615.31    759.83
   468.20    733.11    328.69
   124.09    664.77    812.89
   534.15    633.41    442.60
   617.20    581.64    778.27
   544.00    728.75    400.01
   791.29    457.04    838.15
   761.74    474.21    402.63
   741.98    617.83    676.92
   809.35    505.71    542.72
   558.65    658.23    791.20
   394.10    646.87    751.20
   407.56    600.75    541.63
   654.38    597.07    392.55
   742.64    465.16    525.19
   827.07    485.67    396.00
   589.63    565.37    498.40
   757.87    577.52    367.21
   348.79    520.06   1418.28
   213.83    550.17   1085.58
   795.77    530.33    324.58
   542.99    477.83    612.70
   814.22    469.76    504.20
   593.71    591.12    939.51
   759.44    543.22    350.30
   324.16    558.16   1022.75
   403.37    619.94    371.44
   615.23    509.08    383.82
   634.54    551.80    395.37
   913.72    445.01    540.84
   407.24    650.36    182.35
   899.37    526.85    369.12
   530.94    580.46    393.02
   290.71    705.56    665.03
   298.83    679.89    704.06
   734.89    587.96    224.21
   555.22    586.05    241.53
   250.11    669.00    935.26
   475.53    535.67    892.11
   436.24    685.68    622.54
   767.69    577.81    442.04
   473.88    549.79    992.08
   431.51    511.79    572.52
   341.48    703.92    459.51
   456.18    628.17    657.03
   240.02    690.65    578.15
   497.77    493.74   1029.24
   305.42    567.08   1153.12
   417.30    647.27    710.46
   528.77    620.55    630.17
   776.92    485.37    201.00
   475.47    578.61    599.77
   461.51    621.42    605.32
   310.74    436.24   1834.44
   795.97    486.97    371.50
   708.88    522.15    651.36
   545.18    559.20    479.63
   808.19    525.20    390.80
   781.36    539.42    266.96
   683.53    511.46    343.90
   864.10    546.50    308.08
   551.65    534.66    316.28
   833.20    503.22    579.01
   713.24    452.62    300.66
   624.57    526.12    844.83
   579.77    545.34    552.40
   525.00    678.89    498.07
   378.60    647.65    877.01
   514.59    613.95    554.39
   435.12    510.32    975.64
   577.13    596.51    473.20
   677.02    511.95    505.88
   617.24    590.22    305.53
   620.22    545.25    521.90
   594.25    564.68    379.38
   529.93    600.71    798.86
   473.33    645.28    729.73
   363.34    483.19   1121.60
   553.08    701.15    668.37
   361.45    699.10    704.39
   660.19    463.75    499.73
   423.84    619.13    428.03
   285.88    544.23   1439.56
   495.28    578.40    404.09
   318.64    468.58   1154.05
   541.47    661.79    521.47
   448.34    571.94    603.25
   547.69    632.03    370.81
   492.12    567.10    891.08
   737.13    544.73    441.85
   677.30    639.52    481.34
   832.63    582.88    376.89
   585.85    607.72    514.69
   947.96    498.97    544.22
   312.16    663.31    661.37
   690.76    519.07    397.16
   481.84    618.61    634.62
   438.78    622.62    868.99
   727.89    520.09    369.75
   440.10    648.77    411.48
   579.01    595.29    367.76
   943.03    491.43    412.23
   456.46    567.79    852.43
   544.24    674.57    392.79
   474.69    605.66    513.69
   654.63    587.95    613.95
   473.14    633.19    415.29
   411.96    599.03    760.70
   667.67    536.99    308.69
   488.27    612.08    416.67
   582.29    651.59    335.97
   703.20    558.59    327.06
   608.19    399.64    883.68
   603.27    503.09    404.59
   505.32    532.27    358.36
   584.34    540.01    392.03
   448.35    710.15    559.55
   981.29    434.02    510.61
   880.48    426.29    261.01
   483.10    608.22    518.18
   467.23    672.04    611.74
   663.42    654.80    377.38
   753.45    536.22    230.97
   502.99    619.49    521.70
   493.47    663.76    447.18
   878.78    521.12    393.97
   864.39    449.53    237.10
   381.58    672.46   1068.79
  1051.21    418.69    516.66
   632.69    640.45    564.50
   621.11    555.49    319.06
   473.43    661.55    405.92
   371.39    645.40    714.85
   473.53    625.06    495.79
   631.68    599.19    566.04
   404.89    616.77    723.19
   410.39    667.01    536.33
   570.80    534.48    530.74
   492.11    662.12    531.06
   521.85    613.61    525.07
   504.16    524.14    568.02
   576.86    578.36    500.19
   341.99    708.71    667.55
   652.51    634.56    427.39
   788.36    360.38    364.86
   331.42    467.25   1637.46
   582.84    619.92    431.37
   842.32    483.15    281.59
   285.68    534.08   1154.93
   583.59    676.28    516.91
   687.51    554.38    502.91
   559.48    443.90    774.45
   432.37    505.27    907.88
   591.40    613.75    487.89
   867.81    523.16    731.99
   751.13    496.40    396.16
   579.09    557.05    538.82
   448.02    618.09    655.38
   631.60    500.31    505.83
   553.09    710.16    549.60
   395.90    353.24   1560.70
   636.07    556.44    511.07
   540.10    675.31    517.54
   741.18    440.29    383.68
   539.81    607.54    524.83
  1027.15    356.55    456.91
    64.12    395.06   2312.96
   390.73    454.09   1025.01
   408.87    683.21    758.55
   779.50    556.03    462.45
   335.26    546.04    827.64
   710.93    542.92    283.24
   917.81    402.82    262.36
   445.64    661.30    745.99
   593.69    449.28    921.03
   542.99    577.97    617.40
   574.84    604.24    445.04
   539.39    623.67    651.93
   529.54    559.63    426.71
   326.38    561.13   1179.57
   516.92    649.32    536.68
   267.71    517.17   1119.31
   708.64    515.19    980.51
   663.14    624.09    485.11
   424.21    590.37    732.70
   492.33    533.05    630.22
   598.40    493.99    386.63
   707.84    532.68    614.68
   236.01    600.19    840.46
   507.30    541.27    482.13
   364.86    670.28    756.00
   466.00    565.27    571.57
   257.09    592.53    995.65
   588.03    555.61    665.04
   708.20    561.17    301.66
   468.76    700.90    622.68
   451.24    613.70    282.39
   647.99    640.62    558.27
   406.38    523.61    875.08
   831.59    585.68    339.58
   532.62    508.34    805.87
   406.00    693.32    651.95
   603.26    599.08    537.73
   513.28    575.85    588.17
   401.19    627.09    777.63
   548.31    590.83    422.27
   581.60    579.38    759.10
   590.25    525.85    767.45
   755.97    486.17    250.09
   382.20    710.86    506.10
   554.98    550.57    417.50
   743.02    516.70    353.15
   511.83    586.46    538.50
   755.33    466.30    290.48
   432.56    607.90    684.11
   319.63    583.04   1473.34
   517.29    539.32    523.15
   538.76    563.52    600.11
   627.71    612.84    375.52
    93.47    671.12   1488.80
    80.14    635.30   1089.61
   611.60    563.32    406.03
   416.78    579.08    645.98
   458.58    627.37    879.31
   575.35    550.93    843.63
   666.17    457.47    510.29
   472.75    688.41    686.68
   636.00    607.65    326.89
   394.67    681.08    465.15
   335.53    645.33    736.29
   418.67    610.70    841.13
   679.64    538.41    621.08
   191.44    420.25   1888.39
   504.44    584.58    386.81
   347.13    466.59   1044.87
   529.96    576.46    491.03
   766.50    560.87    637.87
   543.75    763.44    239.40
   527.13    600.96    457.69
   404.62    632.87    380.06
   477.47    553.80    747.16
   589.16    511.08    605.87
   609.76    531.97    506.83
   476.16    599.15    501.70
   351.27    668.60    550.30
   804.98    576.63    445.53
   372.72    610.14    607.05
   882.52    388.96    478.78
   638.28    527.23    425.90
   639.54    475.24    557.02
   784.85    492.46    485.71
   675.57    641.95    523.46
   572.88    396.61    753.16
   565.56    679.94    534.25
   534.41    646.83    620.21
   678.33    552.41    477.90
   382.43    537.99    692.49
   396.67    535.96    565.86
   639.12    521.51    351.08
   285.97    540.83    759.93
   404.03    549.17    869.63
   503.15    554.34    555.03
   471.81    650.94    502.66
   563.94    554.76    818.84
   352.37    666.35    503.91
   477.79    671.88    557.81
   502.07    516.65    787.88
   776.27    536.84    278.41
   776.36    549.61    462.34
   338.00    601.86    695.66
   649.12    617.87    722.62
   464.80    740.69    444.40
   677.46    468.46    443.28
   431.09    712.82    619.25
   574.33    575.41    648.40
   820.79    540.30    417.50
   691.42    550.89    646.77
   456.53    674.31    895.86
   577.22    500.71    355.36
   467.76    573.06    539.88
   274.77    340.52   1766.66
   651.41    545.13    515.95
   319.08    578.66   1046.04
   532.45    623.00    600.22
   681.16    586.84    514.32
   545.88    654.59    655.97
   321.51    615.14    820.98
   465.46    679.04    381.42
   290.08    777.99   1068.78
   189.26    484.99   1447.24
   485.33    604.15    522.24
   658.66    525.10    506.48
   536.26    633.69    666.45
   574.00    617.18    751.85
   134.86    549.18   1274.21
   659.63    559.43    465.32
   821.03    599.03    317.27
   528.88    450.37   1198.81
   562.55    619.43    565.01
   488.62    580.17    572.35
   631.07    589.89    299.99
   214.11    563.16   1258.80
   373.97    622.49    526.78
   679.02    545.42    385.51
   156.53    673.65   1000.27
   446.96    601.57    744.52
   570.40    565.68    517.03
   387.03    633.72   1140.44
   764.40    521.26    263.11
   530.77    609.36    533.93
   321.50    775.23    359.90
   295.73    758.12    431.23
   321.39    667.97    787.39
   274.18    617.34    761.90
   513.35    647.35    532.21
   917.56    456.10    728.78
   403.14    640.41    609.59
   462.43    584.15    792.59
   661.45    500.91    483.47
  1040.63    480.28    341.33
   507.32    510.28    885.01
   380.64    519.74    647.58
   930.65    521.79    327.26
   448.31    605.60    604.92
   930.28    470.39    331.99
   506.92    569.05    589.70
   388.08    537.95    851.67
   693.03    606.84    662.67
   536.54    666.84    383.92
   484.45    485.38    941.29
   408.86    717.41    624.34
   377.29    659.01    766.30
   597.01    607.54    285.53
   550.04    500.09    341.12
   665.35    570.74    496.05
   688.24    575.66    305.59
   467.37    686.08    528.19
   558.33    621.75    332.18
   698.65    541.11    180.23
   858.69    480.36    403.97
   360.42    687.81    501.16
   497.84    530.18    452.70
   709.25    463.69    575.66
   581.31    586.78    431.35
   514.50    624.14    367.48
   483.51    564.22    645.61
   427.46    567.13   1107.91
   460.66    674.76    812.26
   555.81    697.25    517.65
   532.66    518.39    777.78
   401.81    626.37    596.47
   669.13    653.80    409.98
   692.45    521.06    330.20
   399.76    671.70    519.09
   525.98    624.35    441.04
    21.84    521.13   1684.93
   290.61    543.49   1043.75
   690.47    742.96    241.01
   271.50    576.80    924.71
   788.20    676.96    485.69
   608.99    533.26    503.57
   358.08    508.10    981.22
   562.32    587.96    558.39
   467.94    567.64    813.01
   856.96    464.80    509.09
   567.52    589.67    237.07
   151.07    723.26   1016.28
   418.64    539.99   1049.29
   522.35    679.63    319.89
   611.78    548.89    418.54
   880.76    415.60    344.47
   805.14    461.01    522.50
   625.42    469.91    509.89
   377.70    614.97   1043.21
   624.54    568.51    295.46
   530.70    640.49    386.69
   481.52    714.71    626.39
   400.82    593.80    695.40
   789.18    563.06    269.65
   315.89    645.88    922.09
   681.71    464.65    634.77
   794.24    548.34    318.21
   476.31    654.37    389.16
   471.85    605.61    479.82
   621.93    593.10    469.26
   407.58    630.14    623.86
   461.00    422.79   1043.63
   462.61    674.19    555.43
  1015.54    462.73    426.69
   575.71    577.07    726.33
   884.76    396.58    264.24
  1030.97    519.81    500.14
   864.67    470.54    413.45
   551.32    605.23    311.27
   725.35    589.23    506.30
   782.33    597.81    233.07
   469.74    582.66    719.35
   449.00    666.32    557.68
   659.89    581.04    446.82
   477.25    656.75    900.56
   502.68    545.49    779.59
   510.53    668.51    666.21
   264.83    552.50   1188.33
   449.74    668.32    688.06
   413.58    778.42    544.89
   503.48    609.59    603.33
   253.06    528.38    896.36
   482.26    573.85    620.66
   484.79    445.10    713.75
   424.74    602.82    685.71
   761.62    479.63    667.07
   618.12    564.38    618.70
   552.28    683.48    475.63
   749.70    634.93    374.98
   396.66    513.76    594.96
   637.62    571.68    439.74
   426.59    650.94    648.10
   512.22    661.17    549.90
   637.42    623.73    525.94
   709.05    599.54    322.53
   661.16    552.89    374.10
   731.35    494.14    194.79
   551.32    612.73    367.66
   581.64    605.38    335.30
   557.75    570.75    483.80
   526.68    536.97    383.24
   290.97    504.64   1026.23
   633.88    533.65    184.05
   536.11    612.60    551.36
   480.30    649.66    623.48
   246.11    643.01    702.96
   577.20    616.90    431.97
   407.08    645.34    246.59
   445.20    592.14    735.43
   745.13    468.29    257.35
   659.45    438.41    438.17
   421.03    538.10    662.00
   591.67    641.01    583.40
   524.54    663.79    521.10
   661.54    546.03    575.23
   623.57    606.79    327.46
   756.50    556.33    759.73
   226.98    541.45    899.55
   624.68    585.83    438.24
   653.26    518.70    574.83
   550.06    671.92    662.42
   763.14    544.57    265.24
   405.41    611.10    498.30
   573.00    562.06    436.03
   339.81    652.07    811.78
   452.35    683.66    605.30
   518.35    561.37    626.14
   554.45    597.35    579.78
   348.38    626.56    711.75
   685.50    462.45    582.49
   451.07    591.81   1077.42
   692.21    508.88    444.65
   625.91    600.74    514.92
   511.65    642.82    784.80
   226.69    721.36    828.46
   384.75    681.29    578.21
   485.00    404.57    977.33
   633.62    652.03    468.92
   758.14    511.19    302.81
   487.79    676.55    368.85
   703.18    666.68    501.48
   501.84    546.94    887.12
   556.92    671.19    952.17
   775.28    547.73    358.35
   356.57    583.49    949.95
   441.56    703.93    469.79
   588.39    686.00    443.35
   704.73    533.03    427.50
   531.84    522.33    420.90
   204.12    614.38   1148.57
   340.21    637.21    686.23
   716.11    469.03    327.53
   343.40    509.63    381.64
   510.94    522.18    675.37
   445.39    673.29    397.44
   481.10    659.16    668.76
   795.02    473.98    417.70
   536.05    589.77    370.17
   330.21    652.19    800.25
   472.94    601.20    814.00
   117.62    644.06    880.18
   512.99    523.14    581.57
   752.20    580.05    388.27
   688.35    616.53    462.65
   605.63    567.69    346.07
   396.67    606.21    714.15
   812.06    553.59    271.46
   575.99    472.31    911.22
   563.53    583.84    483.00
   580.75    564.62    525.02
   924.06    507.46    168.42
   877.14    461.43    234.79
   803.79    647.56    349.52
   644.39    503.99    613.86
   527.12    525.85    332.12
   502.72    532.19    634.13
   604.19    590.74    491.30
   576.82    597.22    630.27
   427.56    589.42    816.39
   738.11    615.93    355.18
   545.68    538.21    469.63
   579.82    525.94    576.23
   836.22    526.82    308.70
   700.79    554.10    409.52
   409.93    637.10    763.48
   653.69    712.76    589.16
   987.67    528.67    119.50
   413.33    657.24    547.38
   478.57    583.39   1075.86
   493.14    642.65    515.25
   515.14    603.69    389.97
   809.41    457.55    485.49
   438.92    675.60    420.68
   518.81    478.48    606.24
   562.46    654.60    604.18
   571.35    558.32    287.28
   746.93    531.75    405.54
   294.80    488.19   1490.72
   695.20    476.08    476.24
   654.34    602.00    603.59
   708.12    615.28    384.32
   383.63    702.42    876.04
   532.39    646.97    204.89
   676.46    495.53    184.74
   563.49    609.07    650.99
   709.31    489.67    380.31
   417.15    581.75    526.83
   661.94    642.53    430.86
   536.94    510.47   1048.99
   279.96    476.85   1187.63
   924.24    510.79    131.62
   555.38    520.00    475.91
   652.85    595.22    345.69
   689.56    591.39    373.23
   594.62    649.17    544.61
   524.07    514.93    475.94
   466.44    537.57    753.79
   401.87    708.96    635.44
   455.96    631.51    646.37
   474.77    585.52    529.55
   585.69    617.57    556.48
   432.79    608.55    681.22
   538.92    542.44    784.39
   111.97    687.35   1006.53
   543.56    510.95    677.75
   480.98    613.06    364.58
   568.09    626.53    448.32
   487.82    681.19    600.74
   735.73    548.31    471.56
   507.34    600.85    600.18
   576.56    533.20    412.57
   326.88    522.43   1145.57
   781.61    524.95    283.55
   417.77    578.42    876.00
   184.25    408.09   1587.07
   715.65    439.57    640.89
   749.96    556.52    846.31
   731.60    564.31    642.89
   715.56    534.60    402.87
   510.26    620.20    784.35
   391.14    603.02    699.61
   463.84    559.95    842.77
   411.34    613.76    755.25
   898.20    450.91    259.73
   656.05    657.08    414.45
   379.97    622.47    542.77
   563.31    604.65    336.22
   768.62    508.35    422.53
   552.57    567.41    636.06
   326.53    651.32    658.69
   487.93    583.94    470.15
   460.33    579.88    649.28
   295.55    713.42    749.81
   404.12    701.97    456.91
   347.82    605.78    472.36
   568.20    635.06    461.31
   584.77    556.57    497.96
   534.54    673.44    273.05
   239.47    528.17   1390.28
   632.94    533.96    420.58
   177.08    348.27   1938.84
   749.13    524.37    412.57
   603.19    530.01    818.65
   258.51    488.40   1365.65
   716.24    567.74    392.72
   462.68    597.00    707.99
   782.35    520.47    266.63
   532.52    631.15    417.70
   398.41    475.71   1229.40
   603.73    603.92    289.87
   520.41    744.64    529.32
   474.30    644.24    941.44
   717.97    492.56    214.49
   338.18    677.84    886.18
   823.45    485.71    523.54
   519.93    610.47    482.85
   296.71    647.04   1102.15
   410.78    676.72    701.95
   716.59    546.12    629.84
   606.97    588.64    579.98
   348.42    552.02    894.41
   603.83    669.34    378.49
   657.46    506.46    403.59
   191.40    792.77    698.12
   524.05    599.23    500.23
   482.03    607.31    593.17
   916.75    530.52    322.79
   381.25    657.58    777.48
   573.10    528.80    485.49
   862.09    424.80    666.43
   575.51    449.43    843.70
   846.56    536.30    303.77
   744.89    510.48    312.80
   695.26    500.26    479.09
   729.17    549.12    569.81
   457.23    646.80    559.73
   449.13    543.53   1137.27
   566.12    637.94    398.05
   582.72    583.53    394.30
   171.54    667.44    722.15
   722.92    404.18    389.03
   566.79    576.79    399.77
   800.51    553.72    317.71
   874.98    414.76    388.05
   323.65    586.15   1058.39
   493.57    600.66    763.30
   462.47    635.51    581.55
   425.98    676.50    605.51
   338.34    637.16    710.72
   812.17    515.02    243.73
   532.91    741.75    339.24
   613.43    556.43    665.09
   542.33    674.30    315.59
   628.57    523.99    515.73
   619.95    660.10    410.91
   283.00    660.26    725.10
   845.15    422.60    219.26
   498.15    604.39    914.78
   325.58    697.50    580.32
   565.50    537.54    552.83
   679.70    472.58    335.65
   486.42    593.05    493.74
   532.60    480.19    907.35
   396.89    673.92    499.57
   279.02    654.13    821.57
   439.18    543.98   1027.37
   474.76    613.13    383.13
   488.51    555.98    239.27
   544.68    615.92    688.01
   219.97    592.90    984.08
   501.72    638.61    692.09
   576.86    525.98    384.96
   395.85    665.31    610.76
   544.42    681.66    495.64
   672.80    608.65    654.19
    63.68    523.83   1620.15
   271.77    568.91    883.74
   628.86    517.84    332.45
   430.43    653.57    580.74
   335.16    666.26    838.72
   569.81    549.87    503.15
   805.82    489.52    379.26
   591.70    679.10    446.37
   234.03    496.40   1181.86
   647.15    359.96   1583.53
   903.26    458.07    360.10
   495.86    637.05    816.19
   413.82    645.61    891.81
   803.16    507.83    408.96
   271.33    609.12   1125.84
   351.35    660.17    554.44
   579.63    479.77   1194.10
   395.18    727.20    393.62
   486.30    687.41    524.55
   446.37    664.29    710.89
   617.29    544.54    622.37
   743.24    464.98    465.48
   734.62    575.10    327.53
   470.86    695.22    493.62
   586.09    594.99    270.27
   519.35    697.97    634.39
   483.29    603.39    510.51
   509.19    594.47    767.70
   475.61    553.21    694.67
   253.70    699.12    841.37
   538.43    497.87    896.36
   408.50    541.67    471.42
   577.27    513.08    553.06
   762.86    465.56    208.43
   469.78    596.66    594.75
   773.41    433.06    320.17
   430.51    595.84    825.04
   774.29    624.51    312.39
   558.42    637.80    472.10
   682.31    526.60    285.02
   528.48    508.73    611.61
   681.90    597.89    614.76
   596.82    690.33    258.65
   614.75    596.27    450.67
   758.73    519.28    213.16
   494.46    547.68    383.32
   225.93    687.54    868.57
   345.98    601.71    736.82
   536.10    519.81    423.90
   599.72    569.13    292.42
   637.01    563.03    597.33
   379.32    611.57    511.52
   370.39    524.17   1461.58
   349.61    590.33    916.06
   634.41    608.33    400.93
   820.79    534.41    269.91
   616.25    506.14    323.95
   541.44    551.06    841.40
   433.03    711.24    444.36
   467.25    634.90    728.88
   445.43    650.53    495.72
   300.96    731.99    531.18
   340.38    702.80    564.71
   499.31    610.45    849.54
   484.06    660.67    377.67
   638.54    594.06    552.36
   790.68    504.57    511.77
   514.39    642.01    568.35
   318.83    584.33    629.39
   624.76    604.54    544.34
   449.34    535.44    649.10
   445.54    686.85    555.37
   427.25    661.40    781.12
   442.27    479.93   1129.83
   533.58    643.30    435.47
   518.67    430.19    495.21
   406.69    562.85   1009.42
   559.53    592.59    898.34
   514.01    499.76    763.70
   631.44    528.49    596.21
   561.09    498.87    444.94
   603.13    630.29    344.94
   636.32    608.85    422.92
   607.26    714.16    443.66
   900.42    546.17    449.08
   996.93    536.87    251.58
   493.37    633.14    434.86
   507.94    509.42    562.85
   510.78    542.43    469.22
   435.88    674.61    651.88
   604.95    619.55    453.31
   230.45    563.51    753.40
   388.94    766.45    465.05
   424.79    633.83    595.92
   744.07    508.58    487.43
   529.86    488.95    947.67
   490.18    587.99    845.48
   412.18    608.57    638.70
   554.43    498.06    676.82
   812.42    582.58    645.96
   406.37    606.58    771.78
   567.45    590.90    675.31
   487.67    494.26    544.64
   230.55    591.85   1043.96
   489.24    528.17    510.21
   511.68    566.12    412.70
   653.39    512.90    491.58
   630.72    752.71    535.51
   536.42    682.53    479.50
   960.35    536.77    356.00
   407.42    679.26    693.41
   469.87    627.43    605.28
   543.17    570.12    587.69
   601.45    492.26    980.16
   641.37    510.68    526.93
   472.21    609.14    417.46
   684.71    504.02    484.99
   596.14    616.95    324.79
   631.32    584.23    496.66
   517.29    568.82    843.88
   392.86    662.16    883.52
   623.29    586.22    517.27
   389.34    606.72    403.49
   551.05    573.80    460.06
   237.24    574.28    999.30
   440.43    717.80    871.55
   507.41    539.20    620.43
   360.78    609.92    629.34
   354.56    647.94    615.13
   463.45    432.02   1354.88
   261.68    544.10   1480.25
   600.91    529.32    403.94
   412.09    545.90    576.05
     3.09    245.41   3194.40
   523.15    644.33    252.42
   801.43    443.25    411.45
   623.06    490.34    475.07
   285.27    684.44    921.63
   511.51    641.60    287.91
   647.15    528.37    437.58
   508.48    657.02    725.40
   288.95    581.61    761.61
   733.57    550.72    517.27
   440.64    559.35    607.63
   555.27    522.19    761.83
   491.43    687.16    447.44
   498.80    612.84    544.71
   665.70    529.75    386.19
   363.77    589.32    805.44
   418.30    553.10    937.03
   699.27    529.23    407.90
   929.21    511.69    221.13
   657.69    562.46    684.59
   475.20    672.86    487.06
   522.26    616.24    372.78
   628.62    655.34    398.11
   704.28    496.10    297.36
   449.12    628.89    712.77
   493.31    766.27    470.54
   402.98    533.11    832.35
   717.48    477.77    734.29
   541.55    535.38    772.10
   345.41    580.49    721.71
   269.69    603.06    774.11
   768.49    539.26    556.71
   496.61    614.71    423.35
   545.99    612.56    526.54
   824.54    637.37    582.59
   687.53    438.98    318.50
   327.89    660.66    762.49
   615.43    557.07    484.68
   231.99    400.77   1291.48
   651.44    560.32    474.04
   744.90    436.45    523.16
   698.32    531.81    509.07
   537.00    597.27    464.79
   415.80    643.72    554.47
   546.19    602.99    468.94
   557.18    581.54    471.14
   227.97    577.85   1001.14
   458.18    505.05    525.84
   653.21    477.11    960.45
   516.95    676.77    570.54
   546.49    570.29    594.07
   565.29    638.34    367.45
   534.72    601.66    497.10
   851.31    566.13    323.66
   766.11    550.54    423.23
   506.89    665.24    406.08
   651.32    454.06    620.56
   693.99    635.05    554.38
   770.29    534.63    250.30
   906.92    569.31    354.97
   627.17    473.66    469.27
   396.37    488.29   1672.71
   735.13    633.45    294.02
   431.61    799.30    617.14
   647.74    585.14    333.06
   489.92    558.51    488.12
   463.00    573.44    375.01
   437.15    699.34    535.90
   681.47    586.41    283.28
   644.69    558.94    319.31
   439.81    737.03    575.96
   744.18    463.24    343.64
   699.17    590.00    377.29
   534.14    496.06    815.29
   462.73    673.97    493.41
   266.10    667.82    760.30
   561.89    650.95    471.62
   318.92    654.11    663.45
   580.54    517.19    463.26
   511.20    543.21    774.91
   466.89    629.09    629.15
   324.47    551.80    550.25
   386.07    515.89   1334.71
   595.39    538.95    438.06
   543.09    508.48    847.23
   860.23    482.84    463.96
   641.20    525.75    729.96
   536.58    651.78    580.66
   639.88    574.44    507.92
   749.77    540.35    644.36
   558.18    657.74    477.00
   851.48    578.28    507.97
   845.39    592.55    611.22
   614.49    500.20    557.22
   575.34    600.17    752.99
   761.36    536.29    543.05
   757.73    613.35    243.99
   442.14    656.11    567.55
   112.41    433.00   2016.95
   425.42    517.68    639.26
   511.21    588.02    560.70
   526.21    697.76    421.12
   657.17    474.87    361.70
   534.14    595.90    440.72
   600.00    650.77    573.65
   609.10    713.29    519.80
   587.44    558.12    428.78
   434.43    594.36    672.85
   445.85    479.67    775.77
   362.30    694.96    773.28
   678.92    531.11   1023.00
   952.60    525.89    397.45
   456.43    507.87    987.35
   715.29    557.68    367.61
   538.75    644.40    394.71
   326.33    585.26    721.26
   416.37    564.49    613.79
    62.36    401.19   2068.48
   721.31    533.44    282.58
   532.13    554.16    444.05
   417.69    688.17    579.36
   454.81    574.61    674.21
   526.59    528.84    552.98
   669.50    505.26    221.71
   278.72    684.39    642.68
   357.66    565.40    781.88
   583.44    515.03    517.23
   938.01    468.21    387.81
   315.39    551.76   1293.76
   612.67    570.06    389.56
   512.39    661.93    539.14
   499.76    624.60    687.56
   975.11    556.49    359.93
   640.50    601.38    442.91
   415.48    639.46    973.55
   629.14    542.33    512.31
   939.17    430.22    278.65
   691.37    579.64    405.09
   525.16    526.13    461.79
   725.64    592.48    256.18
   381.53    720.63    563.27
   155.83    328.13   2224.86
   614.89    573.77    465.16
   572.63    504.99    409.11
   563.04    479.93    932.97
   597.28    615.72    504.28
   748.60    473.47    290.45
   371.80    718.18    709.90
   366.55    585.87    802.09
   594.90    610.02    530.04
   490.91    717.59    347.53
   616.88    510.21    224.59
   811.60    566.70    159.36
   886.45    502.02    485.11
   447.72    662.94    692.75
   559.16    504.57    519.06
   236.27    402.26   1782.00
   247.97    679.40    806.02
   357.46    736.19    585.77
   249.15    674.21   1055.62
   153.85    692.52    899.25
   400.40    710.66    591.58
   247.65    818.30    792.69
   621.15    607.58    502.51
   421.61    714.63    637.05
   599.37    689.65    380.02
   615.21    561.24    337.63
   265.10    636.59   1009.70
   489.98    547.01    625.06
   287.15    624.86    821.09
   322.16    494.83   1034.25
   507.48    630.28    790.24
   449.88    628.71    562.43
   510.69    496.33    749.23
   704.73    611.90    564.38
   383.86    553.85    706.89
   810.11    509.76    307.15
   467.42    648.28    625.69
   366.76    699.38    690.72
   529.92    538.14    526.50
   468.12    606.42    533.25
   471.94    492.95   1157.22
   927.80    475.16    239.61
   759.23    490.97    426.76
   944.20    430.30    750.79
   391.83    646.89    568.98
   602.01    667.72    501.64
   481.84    423.17   1121.81
   396.66    514.89    956.68
   249.30    707.41    478.96
   484.57    618.91    342.66
   495.12    626.88    571.15
   781.46    471.07    475.75
   337.59    691.23    632.30
   413.58    711.23    456.18
   399.40    621.18   1151.47
   407.76    583.00    714.67
   622.68    611.03    458.25
   249.66    661.67    789.46
   592.05    588.41    344.61
   391.86    721.68    428.95
   636.39    643.30    364.44
   621.33    526.74    824.39
   382.92    636.22    492.64
   377.95    689.62    721.66
   531.83    666.53    462.22
   461.35    537.87    662.94
   571.97    647.11    345.23
   456.29    646.70    474.08
   509.50    518.44    878.01
   436.71    624.66    685.10
   594.56    739.76    524.57
   453.61    514.35    963.17
   702.73    558.18    405.69
   382.65    576.79   1023.91
   482.55    578.79    880.85
   447.61    679.08    544.19
   573.81    548.13    733.29
   466.24    717.19    509.66
   544.94    636.35    604.79
   742.05    548.06    262.23
   486.19    521.89   1077.86
   562.72    576.64    690.33
   592.07    575.90    348.84
   786.18    605.42    231.16
   373.00    729.19    526.72
   394.61    621.46    323.08
   392.98    659.86    547.56
   580.79    453.99    520.75
   646.05    650.63    431.19
   575.39    636.59    562.68
   388.95    531.01   1119.59
   301.23    602.31    922.65
   760.21    513.00    389.98
   644.45    587.03    432.28
   704.60    458.04    396.63
   636.50    540.46    372.19
   389.49    685.79    399.32
   601.10    555.87    530.12
   423.75    585.22    456.95
   436.17    629.41    933.21
   614.33    615.17    286.67
   482.08    552.30    514.03
   307.11    519.52   1094.27
   615.56    727.18    501.67
   732.84    507.46    563.72
   631.29    509.75    357.31
   566.35    545.95    541.63
   479.71    655.98    760.20
   614.87    585.43    743.35
   236.87    570.66   1041.32
   522.73    631.74    491.26
   640.00    599.49    362.22
   315.19    691.46    672.60
   462.13    497.25    408.07
   435.28    591.65    523.77
   264.51    737.63    500.42
   484.78    601.74    433.68
   403.01    698.94    698.45
   537.75    600.27    528.27
   723.17    658.10    604.73
   508.46    667.65    416.66
   553.84    590.58    917.25
   295.85    545.44    955.21
   725.14    573.68    351.31
   593.64    566.95    565.97
   408.35    536.79    679.83
   470.54    661.45    476.05
   432.78    651.07    881.98
   538.20    506.23    526.94
   660.15    471.10    548.13
   973.65    363.90    566.35
   725.15    532.42    603.14
   732.50    509.21    453.17
   713.81    588.71    411.63
   802.14    511.20    455.44
   561.94    630.86    563.63
   584.13    627.86    414.23
   622.96    616.39    516.39
   735.60    466.49    421.44
   599.82    645.19    485.48
   726.64    492.38    466.19
   690.66    465.66    581.83
   397.49    478.25   1054.51
   705.14    528.61    297.63
   613.41    444.29    626.40
   922.82    568.54    299.28
   697.79    675.39    278.75
   545.28    501.03    685.19
   740.74    526.42    375.65
   830.83    601.97    451.50
   763.02    587.96    296.85
   357.34    687.04    669.44
   460.19    592.39    796.42
   565.84    689.93    468.62
   642.57    534.55    364.52
   759.74    577.00    240.71
   450.42    683.18    474.20
   610.62    507.76   1118.10
   811.04    532.76    393.53
   486.85    548.82    540.40
   467.78    631.03    557.22
   759.41    391.92    389.02
   391.38    713.14    643.63
   302.56    650.27    369.89
   494.13    518.33    684.52
   548.71    724.79    527.39
   695.52    551.21    442.35
   232.22    607.45    634.54
   566.50    490.70    345.43
   314.80    759.23    578.26
   288.41    755.92    631.74
   541.32    548.43   1068.09
   545.73    583.49    612.30
   344.31    755.32    603.26
   548.97    525.34    357.32
   730.95    561.78    468.36
   786.20    559.34    488.94
   827.79    534.35    282.90
   575.70    538.00    521.60
   616.46    610.05    381.34
   553.57    656.96    818.83
   580.39    543.65    582.25
   541.78    554.91    843.72
   532.04    571.26    435.17
   496.63    575.94    400.88
   561.13    572.67    445.16
   363.47    718.63    641.83
   693.04    622.66    416.89
   497.03    657.62    596.98
   301.15    717.72    667.38
   518.62    545.16    600.11
   488.19    479.13    901.95
   499.57    647.03    583.53
   555.69    554.50    488.62
   758.76    511.41    386.49
   592.16    573.51    492.81
   548.35    589.76    345.49
   416.19    591.53    935.04
   455.81    632.70    404.04
   611.99    681.30    177.35
   472.03    637.93    382.16
   527.47    598.77    392.53
   672.42    420.67    895.34
   601.08    572.59    377.50
   331.80    685.12    594.54
   723.50    522.07    249.13
   658.87    582.51    326.53
   501.57    735.37    341.60
   210.82    659.37    799.07
   555.76    549.60    681.23
   549.34    614.94    354.48
   542.15    571.83    326.44
   109.10    600.52   1563.90
   582.34    609.78    385.80
   592.02    589.68    425.01
   402.81    557.12    641.55
   545.46    591.94    568.95
   512.74    520.14    701.59
   340.16    722.54    582.50
   640.84    615.80    594.18
   293.96    485.23   1090.99
  1152.65    408.45    312.11
   517.97    557.66    853.16
   465.52    608.50    464.11
   518.42    557.72    512.90
   579.12    566.67    712.30
   664.58    474.62    539.67
   610.91    564.43    434.61
   438.55    706.95    819.88
   692.85    477.12    481.38
   454.87    585.77    670.05
   457.35    566.98    557.36
   558.54    515.42    703.54
   796.36    566.02    353.52
   424.51    616.62    378.85
   588.45    552.54    351.62
   376.59    667.25    785.09
   382.77    613.31    414.06
   490.76    645.18    919.70
   286.04    476.83    840.38
   559.83    565.17    540.25
   260.72    599.81    910.79
   802.23    563.18    593.29
   404.30    584.23    606.87
   766.77    588.40    378.97
   484.80    522.32    599.78
   614.29    669.29    357.70
   423.51    598.83    838.91
   845.00    526.92    255.11
   586.21    580.10    516.93
   611.12    477.25    326.69
   390.37    666.73    680.31
   466.43    567.28    652.90
   380.41    575.77    431.30
   291.30    553.36   1201.97
   553.12    623.88    482.16
   603.22    643.01    407.99
   608.75    534.85    502.14
   476.10    652.69    534.93
   981.08    439.99    443.28
   738.59    564.83    348.47
   392.15    634.83    585.35
   540.47    615.16    717.44
   807.76    535.84    235.63
   817.08    448.24    238.14
   147.32    564.66   1321.64
   645.01    616.89    625.60
   422.24    558.95    992.78
   768.44    571.87    270.32
   680.33    608.21    562.79
   602.77    644.38    386.73
   550.71    585.37    683.91
   518.05    676.02    511.06
   726.17    598.44    306.78
   541.13    482.17    845.09
   158.68    681.34    767.97
   750.20    540.28    380.17
   451.28    640.20    429.11
   559.24    670.85    731.64
   446.22    548.54    855.98
   623.62    626.01    370.14
   149.99    747.96    825.68
   412.05    679.67    601.63
   493.18    630.39    700.05
   766.50    518.81    490.10
   451.09    600.39    693.66
   376.68    462.96    967.02
   557.85    639.79    698.09
   298.24    562.93   1207.29
   534.98    600.73    583.36
   651.59    558.29    499.39
   694.47    521.87    433.60
   552.66    609.92    370.12
   666.63    558.39    499.86
   244.85    503.20   1445.05
   550.00    612.49   1123.23
   661.71    520.48    558.05
   459.37    612.56    567.58
   777.35    535.22    629.00
   677.27    578.03    409.81
   656.52    572.88    644.11
   586.39    578.48    380.97
   765.99    535.84    424.73
   638.27    541.29    256.39
   613.49    499.89    781.15
   905.23    427.36    435.07
   415.06    687.41    818.01
   463.96    562.90    505.63
   617.69    586.33    390.92
   530.98    673.28    447.47
   651.74    485.19    454.10
   365.23    484.03    810.33
   884.57    536.61    414.58
   452.58    616.47    493.85
   379.06    347.57   1607.81
   395.73    704.02    562.94
  1031.00    478.56    279.10
   468.55    534.61    963.84
   805.51    518.40    321.68
   683.25    529.58    467.16
   783.57    583.84    262.26
   489.13    592.87    946.16
   569.10    621.66    491.96
   464.89    567.29    458.44
   392.87    593.88    658.69
   514.26    615.80    954.30
   456.68    567.35    649.41
   104.70    597.44   1059.12
   615.11    581.07    430.21
   605.83    664.49    429.46
   525.61    565.96    477.08
   747.70    631.69    567.50
   223.64    727.84   1104.17
   605.61    623.83    336.03
   406.94    542.97    515.16
   517.23    687.37    695.59
   550.73    678.40    549.36
   417.05    609.48    833.83
   602.87    564.11    878.03
   725.35    414.67    535.17
   398.95    676.50    928.39
   311.80    592.06    728.80
   276.32    586.47    666.22
   350.63    535.25    550.04
   494.31    655.54    707.13
   704.08    659.15    336.62
   584.20    636.65    597.96
   725.13    562.04    262.14
   401.29    771.46    453.63
   530.01    520.24    345.74
   888.32    544.50    367.44
   330.81    670.46    854.70
   460.35    645.58    423.11
   726.64    659.38    456.46
  1000.60    462.87    361.43
   528.58    552.02    522.72
   786.91    585.90    275.90
   170.31    743.95    726.03
   413.21    664.18    443.82
   757.15    481.47    294.02
   439.04    559.67    586.71
   703.77    599.12    446.81
   640.64    532.43    435.83
   612.22    495.00    580.60
   266.83    612.95    771.38
   612.35    535.35    311.11
   714.03    522.00    498.44
   839.40    547.13    392.72
   607.60    698.64    502.39
   618.57    587.49    631.18
   675.36    534.12    356.62
   476.98    615.62    913.33
   749.44    538.54    579.59
   346.75    562.81   1026.58
   696.44    558.13    485.16
   942.61    515.18    412.37
   741.32    616.59    458.84
   762.93    536.38    278.15
   480.65    619.80    531.37
   541.04    789.32    573.48
   532.22    600.07    411.21
   617.04    565.06    500.01
   796.02    534.40    265.28
   459.55    683.50    408.08
   388.39    618.40    614.03
   775.63    505.50    311.34
   489.20    580.54    390.29
   350.12    609.07    523.10
   580.94    644.94    489.36
   535.35    676.54    408.77
   338.34    633.51   1114.84
   747.00    475.33    331.48
   254.61    616.81    612.84
   536.95    562.34    587.88
   773.90    460.56    590.78
   613.90    522.02    456.34
   347.94    727.13    577.86
   542.57    628.01    620.22
   510.41    718.21    413.06
   509.88    665.46    631.72
   651.60    585.69    394.27
   475.82    653.35    552.66
    41.43    648.88   1490.00
   540.16    552.31    525.67
   800.89    458.15    527.34
   256.47    574.02   1217.04
   381.26    661.31    312.65
   277.46    663.66    520.26
   619.75    498.14    778.00
   581.94    609.31    364.33
   506.77    535.12    432.37
   590.89    674.27    377.29
   425.58    649.83    928.33
   494.16    688.69    355.43
   654.43    569.88    531.87
   556.28    549.38    442.68
   308.63    676.92   1058.68
   811.74    540.39    415.34
   258.92    578.87    999.99
   612.58    633.34    625.07
   507.72    572.60    424.87
   543.29    591.61    504.83
   449.91    583.26    697.87
   908.28    472.50    305.99
   416.96    640.64    595.33
   419.47    648.45    352.67
   868.69    402.67    388.49
   703.24    625.30    686.20
   443.50    627.55    941.67
   423.68    646.68    680.75
   578.77    713.47    631.82
   847.76    569.85    387.00
   595.39    473.32    464.59
   313.28    439.77   1053.89
   527.36    551.46    246.26
   491.98    746.67    253.62
   767.93    512.86    528.43
   239.82    711.92    655.64
   337.72    604.89    762.14
   609.24    571.30    547.27
   669.89    500.69    522.04
   383.18    627.07    816.88
   660.26    540.58    480.30
   564.30    564.69    545.87
   267.52    635.98    945.54
   585.11    560.87    778.12
   399.83    644.56    698.89
   585.32    648.09    585.86
   623.70    548.79    759.05
   307.96    562.56   1030.07
   687.91    633.44    307.28
   737.82    418.61    579.08
   548.37    725.92    588.72
   668.75    578.09    348.27
   725.56    468.60    257.92
   588.73    646.23    590.25
   359.40    638.44    526.94
   565.39    586.65    538.73
   315.59    644.93    650.74
   555.02    602.13    484.54
   578.49    517.63    591.73
   536.59    677.29    413.22
   709.98    531.08    267.70
   536.14    675.64    499.70
   425.38    561.22    790.61
   473.38    501.35    653.59
   653.85    604.46    303.35
   433.86    667.60    574.44
   661.07    472.02    401.97
   742.83    613.22    503.55
   608.55    562.67    302.42
   408.13    495.83    663.93
   748.55    523.75    421.26
   352.77    639.14    650.34
   396.81    520.23    738.50
   449.26    593.21    430.15
   805.82    497.44    484.70
   503.52    592.48    469.15
   458.39    586.42    350.40
   764.53    537.25    518.25
   786.03    627.89    281.25
   875.17    524.63    367.43
   641.85    570.36    407.97
   650.93    588.82    494.58
   408.97    595.44    716.85
   578.24    522.60    567.09
   418.95    615.27    721.32
   553.30    566.70    432.30
   581.22    509.90    284.47
   555.13    433.52    732.08
   478.82    639.15    462.17
   788.12    559.74    542.39
   303.35    519.38   1271.71
   486.20    484.70    996.91
   594.20    521.66    463.13
   411.38    593.29    806.18
   766.05    488.68    544.23
   865.41    616.29    354.70
   708.95    571.90    243.61
   777.12    602.59    207.25
   804.44    473.01    480.80
   713.99    562.02    364.87
   768.53    507.52    479.52
   374.98    510.27    988.88
   434.86    576.64    639.69
   383.79    538.92    718.22
   466.92    494.55   1506.87
   690.80    583.15    368.16
   541.49    593.22    610.26
   235.77    657.58   1099.86
   592.96    551.84    400.23
   249.10    527.69   1211.91
   557.49    552.37    442.97
   593.65    530.87    720.97
   440.39    599.12    552.62
   497.88    598.24    428.34
   468.53    651.65    650.31
   553.27    606.17    643.02
   594.06    593.62    580.76
   534.78    681.21    664.43
   735.77    547.37    453.88
   344.74    543.60    676.86
   737.09    458.06    288.04
   248.73    519.96    940.48
   503.74    599.92    649.13
   619.00    582.12    298.90
   335.36    670.51    837.49
   499.08    660.34    587.02
   578.76    585.14    686.78
   561.15    718.57    499.91
   824.61    598.81    290.39
   404.91    515.79   1222.73
   652.05    793.81    616.36
   452.94    699.08    587.91
   734.61    504.57    414.12
   709.76    500.65    582.68
   343.99    667.18    598.98
   656.39    610.10    399.25
   646.56    608.84    372.39
   539.14    517.22    493.04
   478.80    544.91    424.23
   276.00    687.55    803.41
   410.60    605.42    619.83
   510.74    615.92    596.51
   455.03    581.95    750.25
   574.22    666.25    745.28
   376.78    676.12    490.10
   461.49    526.50    851.77
   734.17    469.15    397.32
   475.70    636.87    567.68
   633.72    578.74    489.13
   808.87    564.28    523.25
   453.51    620.65    637.86
   565.03    382.34    607.89
   805.06    445.74    523.23
   640.51    543.54    447.34
   679.55    641.83    382.80
   540.41    426.34   1352.62
   823.09    560.60    425.12
   751.92    553.67    337.02
   461.23    501.95    863.41
   405.55    544.98    512.75
   583.42    520.29    437.13
   467.75    609.02    430.87
   592.70    623.93    318.66
   697.43    519.98    440.66
   858.81    541.89    398.01
   817.00    471.40    221.42
   713.46    522.92    472.38
   779.72    521.10    564.85
   728.32    531.17    310.48
   674.32    551.37    244.82
   723.51    438.68    448.25
   464.88    645.12    538.34
   552.53    522.05    465.12
   287.12    614.22    852.65
   700.01    493.80    465.97
   302.24    640.75    627.35
   362.62    659.41    875.14
   425.54    549.20   1104.88
   813.88    551.53    452.48
   635.55    507.32    490.56
   528.17    528.85    550.03
   488.54    650.28    586.78
   347.73    453.01   1594.13
   751.06    632.65    489.40
   457.38    546.73    671.12
   467.71    580.36    532.03
   316.69    640.75    860.33
   628.62    622.32    435.33
   566.68    571.31    686.19
   680.00    510.48    372.15
   284.20    653.53    820.16
   498.70    600.45    530.61
   495.28    667.91    544.13
   663.26    596.21    437.01
   795.41    611.45    274.10
   445.70    578.55    442.08
   224.04    536.41   1175.15
   550.09    759.86    275.80
   655.08    568.35    578.41
   436.23    699.07    565.44
   663.64    477.04    586.43
   619.66    579.22    605.80
   288.79    688.05    954.16
   750.00    562.78    520.92
   892.76    532.68    331.58
   294.88    603.25    985.59
   637.76    588.80    429.16
   618.47    532.96    162.09
   605.41    610.91    523.86
   708.01    478.90    328.63
   677.28    567.95    564.96
   260.17    547.23    815.13
   404.11    552.29    820.76
   709.98    608.16    448.19
   713.45    581.24    534.36
   458.33    687.22    426.66
   306.51    594.83    877.86
   312.66    605.09    681.31
   432.42    706.59    832.46
   619.39    568.51    520.86
   519.56    607.98    361.36
   509.15    663.82    588.78
   225.94    655.35   1152.24
   605.94    587.75    339.77
   549.87    720.82    415.38
   683.35    535.20    380.18
   679.43    503.55    638.36
   334.70    623.11    400.97
   695.07    611.79    371.90
   606.70    642.44    543.87
   832.98    492.40    334.24
   664.27    556.50    308.50
   584.93    593.87    290.86
   340.98    583.26    814.18
   519.08    636.71    606.00
   527.64    642.30    569.37
   261.56    553.35    954.56
   463.02    618.94    656.68
   468.34    539.47    993.51
   607.79    611.59    801.61
   514.68    590.88    573.80
   549.56    519.47    877.92
   541.58    631.80    571.32
   359.61    505.30    258.17
   574.45    592.92    368.98
   209.89    726.69   1112.02
   520.00    584.25    537.56
   418.68    545.85    554.74
   517.27    614.59    662.01
   496.59    531.74    756.45
   423.11    597.28    540.01
   355.30    676.86    940.04
   422.30    564.82    604.29
   313.12    679.02    703.29
   987.86    584.95    237.25
   549.98    587.15    337.29
   605.72    504.92    429.75
   570.47    671.76    497.78
   656.98    595.51    299.38
   693.19    417.74    150.38
   341.85    489.28   1207.47
   640.98    553.90    471.26
   571.41    532.26    896.29
   574.78    542.38    501.36
   536.21    552.36    351.06
   870.16    504.94    497.93
   532.89    541.64    687.75
   453.90    587.24    555.15
   491.72    694.72    260.39
   661.89    563.26    696.40
   517.37    566.61    458.02
   343.97    586.45    754.13
   458.65    554.54    775.99
   367.61    548.52    963.89
   453.24    474.04   1135.93
   491.37    575.61    557.58
   805.53    488.31    292.57
   752.08    548.62    559.89
   409.87    579.64    500.36
   654.12    564.03    594.78
   689.71    569.02    647.23
   277.20    676.39    610.95
   334.80    559.46   1000.04
   273.58    459.44   1420.71
   875.75    586.95    199.35
   399.24    656.13    632.40
   439.00    597.54    625.80
   512.41    638.04    478.16
   375.93    564.68   1051.50
   539.05    697.51    280.35
   525.48    519.39    726.95
   523.91    499.65    511.57
   527.40    472.11    520.64
   708.79    606.16    433.64
   662.97    448.19    435.70
   563.44    482.93    967.17
   414.67    527.02   1250.37
   620.99    549.73    384.30
   748.65    575.99    364.14
   408.30    625.34    644.56
   460.43    689.43    352.32
   542.89    502.31    327.65
   654.07    586.07    540.62
   739.36    441.14    523.20
   357.54    649.74    935.83
   712.80    561.65    261.76
   490.76    541.53    432.55
   416.59    573.93    776.03
   488.82    601.52    518.60
   298.09    704.86    545.36
   430.36    555.67    841.99
   398.83    643.09    622.93
   551.40    650.55    228.19
   469.69    607.25    762.20
   264.55    580.94   1065.67
   793.65    564.27    291.82
   601.42    598.64    468.28
   629.22    616.19    657.37
   506.54    650.40    527.44
   667.37    547.55    668.82
   508.09    521.79    789.32
   542.74    572.77    273.02
   642.86    573.84    356.09
   483.30    635.54    408.53
   673.30    468.58    638.12
   482.05    688.97    537.55
   470.90    697.24    570.51
   639.15    665.32    594.62
   528.36    612.52    613.75
   668.62    600.10    480.49
   333.80    612.52    701.60
   277.75    591.60   1428.00
   733.90    499.08    570.47
   595.93    539.41    731.93
   522.47    583.87    686.86
   638.29    555.67    512.04
   246.76    445.29   1516.14
   634.04    554.50    634.63
   482.15    634.38    692.40
   428.08    576.93   1092.05
   320.24    636.58    783.83
   503.27    625.20    711.39
   653.45    501.90    552.12
   668.79    521.01    643.59
   462.58    557.41   1180.94
   690.55    467.03    263.40
   532.24    701.89    639.92
   256.85    568.68   1148.00
   637.78    603.05    528.62
   567.26    644.42    380.36
   576.00    485.35   1002.57
   635.62    575.86    321.41
   392.74    749.72    615.76
   753.38    570.78    354.95
   502.22    612.85    500.33
   540.92    658.38    379.49
   542.58    496.81    942.51
   560.78    507.24    501.71
   417.11    476.69    880.13
   363.09    617.42   1054.23
   596.26    697.91    391.90
   347.70    493.31   1186.97
   583.44    594.09    252.11
   460.48    672.76    741.97
   733.41    572.15    446.67
   448.57    589.05    508.43
   447.25    736.82    429.97
   264.20    586.27    736.26
   713.25    575.81    332.96
   452.53    688.03    515.53
   535.21    608.06    351.49
   464.62    623.29    515.58
   343.89    757.73    561.43
   446.49    625.23    800.18
   829.13    528.80    490.23
   632.31    628.83    564.99
   614.56    588.98    682.89
   520.87    537.26    346.65
   582.44    684.64    481.28
   221.09    458.48   1636.34
   592.35    466.44   1119.76
   394.30    405.85   1486.28
   395.26    681.63    809.45
   485.31    590.65    681.72
   463.08    598.51    892.39
   304.41    480.26   1075.15
   854.59    515.41    264.41
   425.47    451.83   1255.18
   849.06    580.60    307.76
   286.70    696.33    648.20
   568.05    605.67    791.88
   481.84    546.47    878.22
   350.26    615.99    440.04
   774.99    636.34    379.87
   458.29    632.25    650.91
   644.86    663.79    467.28
   730.50    502.25    394.14
   704.84    553.66    557.77
   438.15    624.18    890.40
   636.29    656.95    428.34
   638.17    591.06    528.93
   647.42    600.37    467.37
   295.64    625.20    625.80
   404.60    673.87    803.17
   329.29    767.50    983.46
   637.49    506.37    842.25
   746.07    474.07    458.70
   509.66    506.40    575.35
   748.72    499.75    314.92
   802.68    517.99    813.35
   791.46    540.61    348.65
   488.54    543.01    579.07
   573.92    489.35    658.50
   566.07    591.25    416.54
   897.22    490.95    342.27
   575.85    504.65    609.49
   580.00    616.09    793.28
   427.96    532.30    671.37
   514.03    635.48    475.80
   839.92    553.67    461.60
   440.82    599.55    630.49
   491.70    646.73    718.57
   232.99    720.28    839.58
   378.04    729.33    543.72
   640.46    714.48    414.38
   298.28    638.44    834.93
   450.84    567.61    714.77
   719.72    445.02    766.32
   445.33    638.97    847.31
   496.90    800.51    337.77
   469.06    602.06    328.33
   466.13    691.66    474.96
   696.81    498.49    539.94
   531.90    674.63    437.19
   691.73    649.25    476.79
   733.39    533.33    264.19
   800.01    603.39    297.05
   407.71    572.44    695.45
   356.19    506.89    854.65
   651.50    576.36    276.01
   640.10    576.66    326.55
   525.96    644.71    502.87
   639.68    554.02    414.44
   724.97    507.15    464.43
   340.93    605.83    902.78
   454.59    669.47    471.64
   430.87    649.61    669.67
   785.70    615.74    383.25
   487.83    711.51    716.97
   574.70    511.43    309.00
   493.71    620.42    676.81
   410.77    549.31    435.30
   516.76    571.00    475.54
   698.63    516.48    751.31
   674.92    513.39    554.61
   527.23    631.27    716.25
   225.71    706.51    561.83
   540.94    568.90    335.76
   873.60    643.02    403.04
   439.38    567.54    717.42
   683.04    618.43    510.91
   721.10    495.92    444.30
   425.27    738.30    428.19
   401.24    551.30    563.35
   545.59    734.02    322.90
   493.15    535.93    554.14
   607.53    553.59    580.14
   642.34    565.23    463.89
   279.09    495.15   1282.51
   499.31    576.62    835.38
   650.88    562.61    463.24
   572.73    556.72    567.24
   595.51    606.42    749.65
   543.40    542.21    374.29
   342.19    595.27    883.87
   950.64    539.87    316.41
   330.99    706.59    447.73
   818.64    514.03    167.26
   692.55    474.86    536.35
   639.06    472.26    495.16
   360.41    562.32   1124.92
   606.71    646.96    335.53
   935.64    529.55    328.05
   746.65    482.49    396.67
   746.79    592.96    265.34
   366.20    642.48    659.86
   217.97    604.82    778.68
   467.55    510.03   1049.66
   303.44    334.85   1698.59
   429.10    749.55    608.58
   436.53    574.48    876.35
   518.45    500.15    374.44
   421.33    548.47   1051.04
   776.37    465.81    260.04
   683.05    495.25    557.37
   361.29    581.38    651.88
   451.24    541.15    571.06
   583.52    615.92    751.50
   175.70    677.72    808.07
   592.46    616.39    486.13
   357.85    520.34    810.04
   800.39    454.56    295.43
   648.62    633.36    814.76
   845.71    513.84    316.66
   407.64    641.54    447.86
   507.72    495.00    329.96
   491.36    585.01   1010.97
   708.86    600.16    564.06
   836.64    434.37    402.13
   486.07    537.53    326.69
   572.76    566.43    904.33
   411.95    587.07    734.27
   568.25    698.89    425.38
   606.00    537.35    770.85
   600.44    594.35    640.72
   769.40    553.02    372.48
   625.81    542.90    413.29
   330.28    641.47    611.41
   931.05    520.00    375.99
   716.54    520.34    664.45
   570.65    558.92    674.84
   611.58    575.06    624.68
   781.98    520.58    485.93
   614.68    551.93    607.59
   630.80    667.23    436.40
   437.63    632.09    779.43
   301.97    568.46   1097.08
   881.73    475.78    411.63
   568.32    525.76    703.16
   474.40    510.84    440.28
   804.32    492.97    586.96
   525.15    591.30    620.28
   766.68    559.43    384.54
   582.25    601.43    361.90
   266.09    516.77   1109.06
   631.78    793.37    528.94
   422.30    584.40    924.75
   647.39    601.92    737.72
   187.56    627.93    684.53
   718.68    558.06    538.15
   453.83    600.49    592.96
   541.57    614.47    439.65
   689.48    575.09    548.37
   617.11    619.67    402.08
   345.12    554.63    826.66
   470.58    530.63    676.12
   319.44    817.11    953.47
   474.48    631.95    680.88
   424.04    567.18    545.63
   567.37    624.36    406.32
   547.46    674.56    473.29
   311.11    672.09    520.08
   215.97    550.02   1642.80
   575.12    640.84    538.48
   627.38    520.36    457.85
   682.95    629.18    308.12
   619.15    640.48    658.56
   699.42    679.37    291.10
   519.82    535.84    661.53
   607.99    582.58    591.51
   566.75    558.17    345.70
   796.21    493.65    403.98
   353.59    632.52    778.66
   664.90    596.06    467.26
   301.72    648.53    818.91
   447.25    676.15    516.49
   469.94    591.63    305.71
   495.55    636.01    472.36
   700.45    574.85    389.43
   287.18    531.36    793.06
   576.60    655.26    393.13
   862.22    480.00    399.60
   434.48    499.55    747.53
   667.97    523.91    376.36
   425.88    682.76    664.96
   667.81    552.67    522.21
   502.36    512.69    357.72
   422.75    700.05    629.03
   809.84    544.89    499.35
   343.57    515.18    942.80
   403.73    716.57    985.95
   892.54    460.02    395.36
   472.05    630.06    659.12
   814.82    511.45    247.10
   388.87    470.85    680.14
   259.12    555.04   1231.53
   661.60    563.30    191.53
   529.49    550.96    359.39
   625.05    548.57    303.36
   708.18    620.53    411.12
   600.26    575.82    496.18
   539.14    683.13    312.16
   532.43    572.33    442.36
   635.51    580.08    453.07
   511.15    618.02    602.10
   365.38    713.44    594.39
   218.66    534.06   1429.34
   599.79    537.91    890.66
   314.74    630.33    650.70
   600.52    618.03    502.61
   497.33    534.01    626.44
   787.11    614.18    532.13
   373.73    579.93    465.62
   345.80    633.42    565.07
   633.04    468.03    390.43
   331.23    725.83    318.58
   550.17    479.42    432.40
   737.31    600.07    360.70
   613.28    494.63    392.74
   469.39    565.91    731.66
   184.35    548.05   1076.64
   487.28    561.86    367.77
   499.00    707.27    505.12
   674.42    499.06    550.07
   512.96    658.56    585.56
   453.56    607.24    542.68
   529.33    552.95    499.91
   251.55    597.65    737.80
   580.33    702.13    877.45
   534.65    697.59    609.30
   614.22    546.79    616.80
   356.45    546.26    796.46
   727.21    473.64    559.40
   664.91    513.73    675.35
   163.73    509.52   1336.80
   648.95    582.29    128.11
   806.25    494.64    376.52
   482.04    590.82    746.17
   916.70    549.65    185.02
   838.18    498.62    448.57
   391.10    629.39    776.89
   311.28    591.35    711.60
   644.30    527.72    617.63
   425.17    574.31    541.67
   337.31    741.00    505.79
   489.66    668.73    824.53
   526.80    517.05    428.02
   543.88    590.36    528.73
   367.78    705.68    939.73
   440.38    534.97    582.38
   473.94    380.73   1157.58
   772.89    542.08    354.79
   722.70    551.01    250.41
   543.45    563.64    722.49
   383.00    554.62    669.40
   601.63    490.95   1110.83
   487.97    649.00    495.11
   373.15    740.03    425.31
   343.25    590.20   1002.67
   666.11    584.10    411.33
   656.56    548.62    484.19
   447.77    539.07   1031.77
   745.17    570.43    536.24
   691.34    553.68    455.19
   654.40    585.58    466.12
   614.14    614.94    429.29
   762.42    546.12    560.43
   603.14    576.62    661.15
   591.24    521.25    876.07
   312.58    709.88    698.63
   723.84    551.17    869.50
   467.15    535.63    867.38
   649.14    520.65    439.36
   762.91    552.66    417.00
   352.03    707.09    527.45
   594.99    496.16    628.95
   477.16    726.80    472.01
   588.54    516.57    390.90
   483.67    672.00    390.98
   515.54    564.32    364.80
   600.14    619.34    591.76
   470.61    546.73    823.16
   350.58    492.36   1211.10
   376.58    624.63    781.20
   519.03    592.43    415.08
   342.80    510.60    984.06
   507.87    747.93    442.36
   370.06    644.16    807.41
   551.88    689.09    378.20
   565.49    508.10    863.50
   646.20    636.66    340.63
   660.17    551.40    324.20
   543.83    650.09    443.91
   659.90    559.33    588.63
   479.75    644.55    677.37
   400.86    585.30    887.32
   286.39    639.23   1549.08
   166.07    705.44    744.30
   507.70    544.09    335.69
   736.04    528.12    746.50
   671.14    576.77    478.20
   365.41    639.79    845.66
   609.89    625.78    380.94
   613.84    527.28    385.94
   738.23    525.37    421.23
   401.15    677.10    833.50
   676.58    625.67    471.82
   805.94    603.50    375.03
   567.91    619.91    515.64
   566.85    662.91    470.62
   654.54    516.24    674.32
   636.91    530.43    523.93
   604.01    575.47    456.21
   534.86    561.76    339.19
   278.83    566.91   1199.36
   569.53    641.21    492.97
   473.09    647.96    860.06
   445.00    542.20    657.48
   509.62    610.60    396.06
   558.20    528.90    559.63
   349.29    601.17    740.19
   486.90    471.60    814.80
   491.74    671.52    634.09
   832.24    431.19    451.92
   461.92    535.39    429.41
   677.48    486.58    345.78
   593.71    572.21    493.35
   373.80    528.82   1130.42
   422.30    740.62    467.02
   644.28    626.15    274.57
   436.45    574.06    502.41
   480.01    578.26    644.77
   918.98    574.67    411.60
   263.71    737.27    659.96
   659.63    594.61    614.06
   329.54    506.84   1518.46
   518.15    588.46    564.03
   316.86    642.39    661.75
   512.82    534.25    570.44
   640.40    522.77    409.17
   214.23    609.15    972.88
   613.48    563.40    268.27
   615.73    568.09    317.98
   551.85    651.96    490.97
   517.59    485.41    917.86
   569.87    648.74    605.10
   533.36    603.01    651.76
   512.04    579.16    927.32
   570.13    489.39    449.12
   742.72    566.17    411.41
   554.83    672.66    376.28
   469.07    654.79    454.18
   652.84    694.65    373.38
   410.32    652.54    720.25
   405.68    637.68    739.50
   560.02    508.84    541.34
   838.33    509.94    339.59
   603.10    568.34    451.20
   414.62    688.77    568.94
   326.67    630.24    875.61
   637.72    658.66    320.35
   663.09    488.04    565.07
   638.50    621.99    462.48
   318.16    562.67   1165.84
   321.56    612.88    773.42
   494.18    673.57    470.53
   639.30    579.46    262.45
   875.25    563.73    485.14
   322.59    590.36    819.19
   459.49    618.94    663.43
   741.65    511.97    538.80
   523.09    641.35    499.32
   914.52    501.82    279.23
   585.16    508.25    419.01
   457.20    509.47    645.23
   798.73    538.86    362.48
   608.90    634.06    652.01
   500.35    547.01    692.89
   551.51    582.71    686.56
   559.04    523.81    468.60
   601.88    677.75    467.32
   603.66    450.91    966.79
   635.28    536.00    540.68
   268.96    420.82   1181.11
   497.04    588.19    462.28
   408.86    618.36    378.20
   994.36    456.52    354.29
   252.31    573.86    724.18
   293.39    561.54   1263.13
   448.33    659.45    722.17
   668.34    638.42    356.71
   653.21    563.76    514.14
   551.05    585.76    497.50
   318.85    594.16    836.22
   642.24    647.08    679.91
   329.35    614.94   1403.21
   495.93    678.98    670.55
   646.51    598.42    294.08
   681.09    541.64    304.70
   461.87    666.65    371.97
   301.28    665.47   1076.21
   578.63    529.39    373.88
   597.19    622.96    488.28
   297.01    583.55    755.49
   618.91    450.96    411.86
   676.49    608.12    464.63
   610.44    523.44    260.50
   371.48    590.38    590.38
   347.60    590.75    698.81
   527.15    578.46    376.52
   392.90    579.22    726.68
   257.39    670.63   1199.88
   319.52    574.53   1212.47
   610.35    596.01    610.60
   578.55    689.21    310.72
   427.53    564.83    701.35
   481.38    601.96    314.92
   577.21    609.50    461.35
   537.67    612.61    479.90
   539.98    568.37    499.79
   441.70    705.96    428.87
   580.64    562.62    485.13
   436.49    658.84    729.10
   401.53    586.93    262.31
   484.52    544.29    542.27
   475.00    570.10    755.39
   284.09    637.58   1025.32
   818.38    453.03    460.84
   766.06    558.97    441.95
   454.20    551.37    836.62
   505.89    681.94    462.36
   522.51    592.44    465.41
   313.59    630.15    505.27
   365.50    612.87    615.42
   703.63    554.34    795.96
   505.58    589.75    756.60
   493.33    706.87    421.96
   341.17    595.46   1068.73
   364.45    571.59    490.33
   627.08    364.95    534.74
   391.72    640.28    427.36
   319.23    665.41    573.87
   485.22    540.73    673.79
   281.29    615.75    668.37
   513.44    507.21    492.65
   490.15    598.21    556.79
   889.21    428.54    440.69
   569.55    670.65    489.12
   460.18    635.46    646.56
   466.65    751.43    526.19
   528.70    571.70    411.69
   273.45    709.09    832.44
   300.38    559.07    931.28
   629.86    619.28    245.53
   554.12    653.11    538.88
   738.98    616.63    193.33
   963.78    569.98    237.31
   483.68    628.54    639.10
   829.43    575.54    455.59
   681.28    503.55    408.09
   622.44    547.21    245.82
   209.81    681.88    867.31
   286.92    612.79    928.52
   421.40    614.69    820.71
   446.82    655.23    581.43
   749.23    519.38    426.95
   526.98    434.21   1155.19
   483.62    594.66    573.35
   495.96    588.35    490.19
   492.86    737.86    394.82
   514.19    652.88    422.70
   545.84    499.09    672.06
   645.29    530.17    416.75
   664.67    688.77    433.75
   634.95    607.93    214.65
   520.23    538.62    401.10
   491.12    603.70    579.32
   308.50    537.85    604.33
   662.48    658.62    355.20
   574.17    486.67    485.16
   677.36    544.83    541.55
   550.88    620.05    515.75
   523.02    613.20    502.77
   422.63    607.60    769.56
   449.10    630.77    525.30
   496.24    508.84   1246.05
   553.25    643.27    476.01
   208.99    479.72   1526.54
   411.76    684.36    400.80
   737.11    550.75    295.70
   806.37    515.18    312.11
   219.42    791.16    942.89
   585.50    510.99    514.43
   470.74    563.22    699.79
   765.20    577.38    364.22
   433.53    629.46   1035.44
   730.43    516.86    308.56
   684.97    587.60    359.98
   686.72    617.92    536.25
   504.87    609.44    580.84
   599.40    480.45    828.95
   421.09    605.78    580.25
   672.05    527.00    579.22
   453.43    728.16    556.06
   311.23    694.96    704.16
   567.46    657.27    390.61
   563.24    580.71    456.46
   946.65    529.29    243.99
   367.10    656.85    559.45
   625.33    499.29    427.65
   376.94    600.39    557.12
   175.69    699.46   1017.77
   436.54    525.97   1153.26
   307.51    628.54    800.89
   269.92    772.69    578.09
   757.11    499.13    396.83
   430.10    685.37    635.15
   784.06    570.50    314.86
   702.59    582.05    400.49
   493.33    640.60    646.47
   578.99    597.02    679.01
   618.13    602.27    323.52
   626.12    592.54    671.84
   678.44    556.65    327.33
   634.00    547.01    294.76
   569.50    536.26    339.60
   857.07    423.19    438.75
   430.54    732.78    525.66
   574.78    606.99    612.81
   735.35    440.62    566.52
   874.36    459.94    318.20
   625.11    559.22    434.47
   592.96    504.94    770.00
   784.67    465.59    445.50
   549.37    627.15    541.17
   815.69    555.75    365.53
   447.06    612.26    472.60
   682.75    518.61    441.05
   771.04    556.39    487.86
   623.83    580.53    213.46
   410.43    437.89   1290.81
   503.18    630.65    684.32
   484.91    682.83    413.07
   667.24    608.71    383.92
   587.36    582.87    430.22
   687.00    561.87    385.93
   520.32    631.16    406.64
   880.61    479.21    279.04
   498.06    601.46    697.04
   619.12    566.93    637.55
   603.77    477.81    646.11
   688.36    518.99    474.06
   690.67    587.66    193.64
   633.64    600.29    425.05
   127.06    362.61   2050.20
   557.03    551.40    578.41
   640.35    604.59    702.81
   510.65    533.22    586.31
   665.88    490.02    698.34
   457.19    601.76    323.86
   398.07    562.07    463.50
   505.25    494.15    923.50
   510.48    612.41    459.73
   483.73    650.06    733.94
   586.36    476.54    614.09
   601.02    458.01    594.25
   557.69    505.28    797.88
   409.62    737.63    545.01
   677.03    650.47    698.64
   422.85    584.64    380.15
   551.25    536.34    514.46
   705.20    540.52    364.15
   368.56    587.09    710.98
   694.40    425.71    699.74
   465.38    717.63    359.53
   442.45    558.80    561.29
   538.56    508.36    915.20
   396.80    496.27    734.61
   415.61    562.96    573.82
   373.08    507.48   1064.91
   689.83    481.46    516.49
   408.30    545.32    650.00
   925.70    489.89    317.46
   361.29    609.22    601.84
   737.19    531.83    251.48
   474.36    651.18    269.84
   800.63    559.46    498.21
   641.80    599.95    569.54
   744.82    472.90    505.41
   621.24    465.98    573.72
   250.31    428.33   1776.24
   754.98    707.43    191.95
   637.66    613.13    484.04
   496.91    738.61    481.65
   221.34    617.07   1087.74
   359.84    600.24    612.57
    97.62    582.49   1518.31
   637.97    561.56    510.76
   858.96    510.25    664.78
   672.22    512.93    212.93
   406.18    497.41    608.14
   672.55    600.37    666.65
   601.21    509.82    560.19
   559.16    642.08    338.13
   342.06    636.12    763.36
   498.40    683.17    510.20
   819.91    501.97    575.59
   548.34    560.64    667.65
   825.66    487.18    423.61
   620.79    591.64    320.13
   691.43    534.48    444.94
   750.78    463.45    273.62
   394.96    649.87    673.94
   630.30    610.82    396.00
   585.35    469.01    755.28
   379.83    619.76   1356.87
   529.80    603.16    541.32
   634.27    491.88    638.65
   499.14    548.64    668.14
   671.64    563.56    647.87
   840.00    529.22    586.76
   457.80    562.45    758.54
   318.91    762.89    872.22
   480.70    565.11    564.87
   430.46    516.17    618.89
   719.81    541.37    322.40
   680.05    579.59    471.60
   505.54    671.55    388.85
   770.42    473.18    214.49
   425.74    741.24    389.03
   656.81    656.71    427.47
   389.98    631.53    556.73
   621.07    569.47    245.01
   528.31    661.50    310.17
   513.30    665.82    355.87
   400.78    586.91    782.58
   464.23    608.49    354.67
   520.76    543.11    617.46
   706.44    674.45    219.65
   598.79    511.45    502.98
   439.69    582.98    680.12
   378.99    243.23   1967.08
   374.72    654.18    574.18
   321.89    727.48    746.82
   405.66    604.60    530.78
   668.17    454.29    363.95
   452.17    540.73    630.14
   468.97    720.15    426.87
   404.43    584.27    832.75
   329.90    744.63    859.59
   383.67    685.19    458.95
   789.70    463.14    490.59
   857.02    503.66    845.42
   684.53    495.01    340.79
   525.38    547.37    594.71
   516.03    593.33    354.11
   558.24    644.02    440.00
   641.20    574.36    358.33
   335.58    654.15    549.38
   800.39    584.80    334.08
   463.66    530.64    726.29
   407.99    635.97    384.72
   924.83    413.31    352.85
   489.65    551.37    844.60
   495.96    526.03    640.88
   803.50    500.98    481.82
   468.45    582.41    442.72
   558.51    577.60    552.15
   566.79    709.88    639.93
   806.99    495.80    605.31
   556.91    582.69    716.63
   612.84    600.83    307.61
   534.45    605.15    744.08
   775.12    497.53    556.67
   690.60    608.56    595.20
   451.96    530.91    888.90
   425.79    663.41    385.34
   567.44    491.35    357.71
   603.30    504.62    794.16
   627.92    550.83    584.74
   574.63    601.08    603.73
   594.10    623.58   1206.53
   739.92    529.42    466.70
   629.75    533.03    443.68
   638.31    479.16    641.75
   656.84    566.80    491.89
   199.20    610.16   1947.76
   747.63    585.17    242.05
   247.17    599.97   1058.49
   320.86    742.90    544.59
   525.88    563.41    306.28
   665.54    610.24    288.25
   808.64    565.57    737.31
   427.91    692.82    803.02
   444.13    593.33    764.51
   350.34    736.15    504.42
   731.54    616.58    283.33
   725.10    489.86    500.21
   722.16    493.58    318.78
   185.23    586.24   1319.77
   248.10    500.14    898.75
   373.60    637.98    638.73
   575.64    526.78    394.41
   587.83    559.84    587.86
   497.49    628.92    348.43
   584.25    505.18    548.65
   335.99    529.39    907.08
   435.13    354.18   1208.91
   629.28    627.42    625.53
   733.72    545.38    374.26
   623.89    617.32    537.57
   275.18    593.89    767.74
   353.62    535.79   1017.35
   299.02    692.23    832.49
   563.01    615.55    633.63
   648.82    574.96    435.14
   437.79    648.86    581.38
   508.53    472.29    783.18
   710.18    496.10    323.32
   755.00    502.93    459.83
   634.38    526.82    796.85
   404.50    766.47    862.77
   505.07    672.75    311.10
   886.94    582.77    266.97
   643.72    465.03    396.69
   466.37    597.55    449.87
   546.14    603.30    350.09
   374.44    577.72    880.09
   476.37    585.77    700.82
   568.10    634.94    491.67
   353.36    707.32    732.54
   635.91    602.14    360.23
   459.88    649.08    747.54
   555.49    570.61    497.02
   502.26    409.21    919.85
   704.73    568.10    227.52
   496.74    569.00    771.05
   294.03    670.57    748.99
   286.18    557.53    749.18
   566.07    629.57    320.47
   545.47    516.76    666.97
   728.60    591.09    350.74
   377.68    673.86    574.63
   632.60    592.87    473.54
   902.19    558.41    279.56
   360.09    621.65    980.40
   168.70    732.02    872.87
   467.53    614.50    795.64
   366.40    600.31    776.72
   475.31    683.90    563.38
   481.24    543.52    897.64
   592.95    685.33    494.06
   673.46    503.39    339.44
   630.80    509.18    303.96
   283.43    580.65    913.97
   757.01    527.86    246.70
   412.68    704.70    430.01
   565.09    701.87    534.65
   849.44    599.96    495.75
   543.93    697.61    372.90
   730.85    577.19    515.01
   313.53    605.76    820.05
   426.59    727.93    698.93
   163.47    680.64    980.79
   606.76    554.63    496.96
   549.56    478.70    581.05
   309.39    673.85   1135.23
   207.40    447.71   1722.21
   344.92    606.51    576.43
   423.61    575.29    904.08
   533.10    592.26    543.07
   389.59    625.97    897.24
   707.75    493.66    335.01
   555.93    637.77    547.73
   373.96    646.82    629.05
   551.21    663.79    662.99
   410.38    659.37    483.90
   628.50    608.79    550.82
   543.73    586.65    669.67
    72.13    491.02   1523.94
   420.48    571.11    769.49
   652.22    618.13    332.19
   444.08    714.96    524.69
   713.66    521.89    451.44
   283.82    603.03    943.76
   784.51    532.12    333.38
   226.06    815.89    773.31
   775.44    518.61    579.48
   409.67    560.38    762.75
   278.13    573.39    707.05
   580.76    642.07    670.07
   731.21    610.18    388.54
   558.71    495.91    740.88
   601.98    562.67    528.28
   861.56    453.12    306.53
   545.70    524.04    357.98
   622.76    603.96    615.63
   198.57    690.48    905.57
   277.75    490.84   1442.04
   517.77    489.31    516.55
   753.58    540.20    536.67
   659.05    558.86    558.28
   599.20    504.35    589.38
   668.66    569.15    566.08
   631.12    609.03    364.07
   498.14    509.74    782.39
   430.06    604.41    966.44
   418.33    532.99    644.79
   360.16    628.84    498.74
   370.55    616.40    665.88
   502.15    559.98    630.95
   536.91    610.91    564.94
   717.74    553.26    410.16
   677.69    547.19    522.96
   390.59    667.88    454.71
   486.09    588.66    597.40
   501.18    596.44    356.61
   542.02    553.65    602.82
   530.13    554.17    598.05
   330.13    601.01    677.03
   340.21    666.75    879.46
   270.73    670.70   1099.59
   473.91    645.79    431.75
   494.24    594.95    639.67
   586.21    503.24    466.27
   411.23    761.73    502.80
   500.58    575.24    752.17
   700.52    610.40    291.92
   486.05    360.14   1184.85
   731.13    645.63    400.08
   446.89    573.69    531.95
   467.77    653.59    407.22
   373.88    602.55    917.37
   463.00    581.54    642.52
   535.96    604.02    368.87
   344.05    624.38    919.50
   503.92    364.62   1475.08
   585.48    641.68    812.02
   253.77    685.54    800.07
   444.99    608.89    573.65
   640.59    575.84    272.94
   755.56    526.78    699.34
   432.36    746.03    790.01
   711.47    531.77    558.13
   565.01    482.54    846.84
   876.15    491.45    222.52
   320.83    461.05   1537.34
   636.63    738.53    498.26
   574.96    608.11    329.69
   568.93    554.44    349.81
   632.63    488.72    588.62
   414.70    629.32    632.13
   891.00    571.12    466.00
   500.46    674.65    455.07
   575.33    447.80    454.72
   416.83    585.79   1332.44
   539.44    722.90    462.58
   632.22    572.56    304.19
   545.35    608.93    293.76
   838.19    455.66    463.19
   579.32    581.76    340.32
   552.11    705.56    623.32
   763.88    582.36    471.86
   813.10    416.74    580.73
   605.98    582.80    235.59
   687.39    587.78    326.65
   294.78    586.64    905.49
   411.94    555.46    664.54
   678.29    513.34    366.81
   413.87    581.22    557.18
   480.53    570.57    494.43
   632.40    499.45    287.67
   590.82    634.75    698.76
   346.61    587.96    818.57
   724.41    503.24    459.38
   673.55    539.57    688.11
   412.85    658.28    550.87
   741.80    525.61    496.80
   907.47    437.34    349.35
   449.15    558.19    527.66
   502.07    627.96    352.99
   344.80    675.36    575.34
   655.10    562.90    441.77
   396.04    636.91    957.32
   633.40    487.03    992.01
   311.33    601.26    867.93
   528.91    602.84    488.24
   528.55    582.00   1196.27
   241.69    494.09   1231.55
   742.32    557.36    475.44
   756.82    464.81    283.08
   561.46    669.90    406.41
   374.03    701.60    855.82
   579.85    672.79    557.73
   773.31    431.81    537.53
   329.41    613.38    904.05
   592.87    570.60    690.85
   627.75    579.74    447.14
   419.11    590.71    507.89
   783.38    661.34    391.69
   515.77    519.56    810.22
   565.25    704.49    558.75
   418.77    765.71    626.75
   783.05    527.32    209.44
   507.83    583.83    709.21
   250.77    695.91   1015.78
   801.77    505.31    586.16
   264.70    622.07    706.18
   548.69    679.22    395.84
   747.69    570.62    265.48
   662.31    543.81    539.03
   452.88    639.50    507.88
   434.41    615.37    521.81
   708.67    493.31    408.34
   725.77    502.53    651.25
   584.07    586.07    423.59
   844.03    466.81    234.10
   457.85    699.00    363.51
   406.72    535.30   1049.53
   628.92    627.64    562.72
   381.95    661.14    819.09
   505.04    624.69    745.50
   801.44    568.51    177.25
   712.23    542.02    352.71
   647.47    518.61    436.08
   379.64    712.15    575.24
   751.13    548.55    461.14
   635.60    547.57    529.70
   645.70    518.32    470.34
   948.71    512.85    287.09
   598.16    542.92    471.02
   348.49    337.42   1456.19
   730.33    653.94    326.82
   762.69    482.80    681.93
   494.85    626.97    770.32
   674.77    534.76    592.96
   784.36    455.39    417.20
   647.43    547.96    529.90
   385.19    552.98   1255.09
   591.42    642.74    333.71
   533.75    552.09    722.43
   801.53    466.13    310.82
   274.97    714.81    846.27
   581.08    587.24    682.42
   661.81    533.69    482.74
   795.33    548.79    215.89
   621.42    526.91    412.61
   507.97    535.92    666.39
   458.71    519.49    739.76
   803.73    525.78    614.74
   605.09    579.54    490.10
   463.89    593.41    468.01
   786.19    567.95    381.84
   732.54    575.57    422.75
   705.00    653.34    507.57
   501.31    552.19    691.86
   752.17    575.78    339.12
   622.00    667.90    359.97
   521.15    541.13    744.97
   745.65    534.18    385.13
   922.67    414.03    333.04
   491.39    515.19    638.14
   637.52    607.42    338.63
   533.55    665.39    429.54
   193.85    658.57   1086.89
   504.92    557.22    451.76
   586.35    575.95    439.97
   530.39    535.98    555.48
   461.11    582.94    438.95
   396.77    491.98    882.29
   350.58    574.01    598.63
   576.61    603.26    520.76
   801.80    520.69    451.75
   594.13    591.91    290.81
   694.88    566.19    530.70
   618.94    582.52    351.65
   860.55    451.42    194.39
   686.46    633.14    285.63
   127.03    629.81   1140.09
   431.17    524.77    540.35
   362.11    671.96    842.01
   350.05    626.73    692.51
   468.72    662.60    557.75
   830.06    607.89    333.14
   622.49    549.54    452.97
   313.44    512.68    778.21
   382.34    685.98    795.20
   471.32    617.86    920.77
   654.16    544.54    326.12
   737.02    523.60    526.30
   348.71    628.62    704.09
   688.37    518.42    749.97
   633.11    568.09    748.16
   371.06    586.12   1180.22
   384.64    640.76    720.78
   474.84    695.12    455.72
   622.66    517.84    448.37
   113.04    349.57   2400.60
   595.98    549.36    580.56
   661.88    622.58    466.52
   509.99    551.93    600.79
   738.81    498.85    529.81
   702.43    664.99    326.09
   414.78    677.87    344.21
   624.55    554.22    418.02
   512.66    567.98    338.33
   472.90    618.30    325.27
   429.11    691.11    477.00
   479.60    602.68    376.99
   439.26    432.19   1009.88
   508.86    583.38    640.20
   687.12    522.61    281.37
   414.15    541.03    575.21
   477.55    645.54    401.81
   591.15    658.41    414.08
   604.86    479.69    421.62
   776.95    589.81    635.18
   457.75    553.87    538.18
   870.71    434.06    234.34
   487.94    505.18    610.61
   414.37    729.75    375.40
   456.12    561.05    706.41
   496.12    672.00    544.46
   275.59    774.13    816.64
   715.68    561.96    490.05
   474.45    629.33    548.09
   466.33    677.76    621.90
   641.77    664.71    408.62
   375.99    489.02   1008.12
   417.41    582.73    442.36
   249.59    471.86   1200.40
   434.57    702.07    753.96
   454.36    562.99    399.23
   828.87    588.08    427.88
   538.77    516.46    601.44
   643.11    481.30    367.14
   684.57    577.12    323.88
   683.09    581.73    353.17
   342.40    681.52    517.81
   541.43    678.92    386.69
   704.25    579.22    498.92
   503.55    641.91    618.68
   440.94    665.49    438.60
   522.31    456.93    899.96
   657.07    704.74    381.77
   538.60    586.91    575.90
   498.17    576.33    563.63
   308.03    683.20   1023.95
   573.59    389.04    737.32
   615.24    618.06    223.56
   454.65    651.95    379.46
   371.78    667.50    708.41
   282.45    556.64    977.87
   187.38    570.05    761.37
   535.39    666.08    286.56
   446.42    622.57    941.95
   657.57    656.43    465.91
   489.80    607.31    546.55
   784.19    645.18    319.97
   808.15    511.79    237.07
   428.77    706.99    572.51
   211.46    472.27   1477.88
   647.64    539.74    456.71
   580.90    546.30    769.41
   647.53    614.80    401.61
   271.48    643.64    700.95
   506.13    555.32    611.24
   450.69    655.73    603.81
   204.60    560.80   1157.95
   532.29    567.39    676.56
   670.83    522.28    334.64
   351.70    623.91    641.38
   587.39    648.44    690.47
   634.47    576.29    250.60
   465.86    543.52    405.77
   815.97    544.43    454.85
   416.38    539.56    589.40
   653.66    601.69    348.40
   365.08    518.47    797.21
   548.18    548.28    376.02
   535.20    577.21    429.84
   239.81    614.36    808.35
   312.59    483.23   1484.75
   672.86    567.33    466.99
   570.39    641.73    476.84
   780.33    561.44    603.30
   789.86    544.65    421.24
   319.27    737.93    552.68
   609.88    426.62    227.44
   396.97    647.51    395.61
   557.19    512.53    820.67
   637.14    519.75    673.40
   518.73    700.96    778.13
   331.53    523.31   1195.54
   641.81    632.80    386.72
   551.79    608.39    924.81
   638.47    563.87    636.97
   218.51    616.93   1083.27
   510.10    704.41    742.58
   466.37    651.98    707.97
   739.05    551.71    520.17
   492.26    557.35    841.18
   558.89    624.73    326.34
   635.11    593.67    552.10
   866.92    481.45    371.23
   415.70    710.96    649.00
   729.69    461.20    510.34
   402.94    588.57    618.46
   461.90    605.95    493.92
   311.62    688.21    771.54
   396.56    642.24    616.65
   144.78    529.29   1718.45
   342.17    569.62    434.44
   472.76    636.60    581.18
   643.09    581.95    397.92
   664.33    662.73    316.85
   595.09    500.88    763.48
   717.56    550.02    534.57
   171.20    695.99   1163.70
   440.66    551.27    999.33
   954.72    557.67    274.42
   261.78    547.40   1354.63
   620.52    571.29    487.34
   950.71    564.34    299.15
   626.98    592.32    528.14
   353.25    678.21    715.08
   339.62    770.27    661.26
   575.32    643.30    259.98
   343.26    646.17    796.23
   364.37    707.57    615.09
   374.92    532.66    876.81
   799.17    515.50    264.84
   850.31    455.91    232.03
   377.09    457.62   1137.49
   622.36    517.40    468.65
   584.28    599.76    413.27
   636.34    583.79    541.82
   414.74    644.52    718.56
   597.58    573.25    400.37
   875.59    538.99    256.81
   892.86    453.01    348.55
   336.95    562.08    567.92
   453.12    531.47    588.58
   543.28    655.95    326.53
   818.35    501.43    375.44
   607.22    536.44    403.37
   314.78    585.25    692.50
   229.39    686.53    944.69
   355.77    562.12    803.70
   508.79    619.56    298.25
   790.34    529.99    395.24
   252.54    565.45   1107.84
   670.51    617.32    463.41
   487.14    392.60   1750.34
   706.90    545.65    454.20
   610.71    567.93    566.72
   421.63    636.91    506.60
   697.42    511.53    818.41
   419.25    559.21    479.38
   451.82    624.30    693.08
   430.01    696.73    405.46
   513.25    550.56    583.77
   626.14    549.07    932.05
   339.51    533.01    641.10
   634.49    626.30    506.86
   752.34    537.21    468.67
   516.63    628.36    641.17
   446.92    578.32    570.36
   670.51    518.80    513.35
   563.14    527.59    434.70
   692.33    495.12    277.14
   889.71    489.98    396.65
   500.56    656.46    456.58
   854.09    553.83    606.58
   522.45    548.66    473.06
   748.50    545.78    314.04
   602.94    665.27    437.12
   471.28    504.65    655.85
   675.21    523.54    330.17
   710.80    592.42    758.61
   243.97    658.23    590.02
   864.80    527.30    499.05
   638.20    499.39    534.33
   318.89    701.21    756.12
   430.89    547.54    810.15
   458.49    682.89    587.20
   447.97    591.20    511.26
   475.84    706.25    402.96
   630.65    504.81    423.20
   452.88    648.88    512.70
   776.90    627.90    512.42
   557.81    448.26    411.13
   459.88    536.38    477.77
   711.57    567.04    613.75
   730.82    550.71    439.25
   660.30    636.16    526.05
  1012.09    482.58    223.19
   531.78    630.43    346.15
   518.83    524.33    519.18
   581.33    668.80    476.37
   351.33    585.66    718.11
   447.88    772.47    744.84
   352.81    688.27    454.67
   654.43    520.24    523.65
   367.64    553.96    703.12
   649.55    554.03    268.89
   485.40    698.83    762.30
   733.94    510.13    364.41
   462.22    721.51    435.86
   591.49    508.85    399.97
   336.81    592.08    720.81
   501.59    636.38    521.81
   542.11    532.75    548.76
   801.46    670.43    288.60
   303.19    761.39    858.74
   117.81    483.05   1540.13
   275.25    610.65    800.03
   369.47    708.37    661.81
   414.73    599.28   1018.62
   694.66    544.20    465.52
   387.14    555.61   1042.95
   583.44    490.46    287.95
   433.70    380.47   1166.19
   330.31    636.92    825.68
   548.55    569.36    613.44
   892.88    450.11    232.61
   750.27    476.91    257.68
   485.11    680.26    484.28
   526.00    600.63    586.21
   559.21    511.46    603.60
   692.98    513.44    383.97
   435.75    551.93    562.10
   294.24    761.74    999.93
   503.73    527.08    697.59
   602.91    744.90    476.58
   711.94    541.38    216.98
   702.88    503.52    415.27
   849.80    531.21    439.31
   411.34    579.74    749.83
   835.45    481.67    378.35
   622.72    540.40    548.72
   451.59    687.02    866.61
   536.34    566.52    781.56
   442.55    702.06    818.96
   764.66    585.28    296.00
   442.01    555.16    889.52
   527.55    590.24    518.76
   614.34    541.19    452.83
   613.59    549.66    505.63
   782.65    594.29    458.57
   496.95    616.04    372.06
   721.07    505.39    541.65
   640.52    529.10    699.63
   620.67    567.67    708.96
   605.82    568.10    426.90
   556.89    592.27    555.92
   273.96    585.51    953.83
   668.89    662.31    388.24
   543.71    600.15    633.35
   965.57    387.23    242.07
   654.67    534.35    390.45
   593.90    508.90    512.78
   506.58    430.25    740.18
   515.63    667.07    483.02
   478.54    605.97    455.24
   676.28    557.55    501.72
   580.77    531.80    435.81
   637.30    748.72    631.83
   815.52    592.30    468.57
  1016.55    590.29    553.81
   373.84    589.68    511.35
   718.32    579.38    410.77
   577.61    676.65    400.52
   530.40    476.34    640.34
   490.02    528.98    956.58
   475.06    624.61    607.60
   418.04    515.92   1093.41
   642.40    573.03    512.02
   436.37    593.20    550.24
   584.44    566.86    826.54
   401.39    643.70    496.68
   852.20    483.59    433.34
   420.03    404.14   1019.76
   661.32    643.58    310.18
   652.01    559.11    557.30
   393.99    539.31    739.81
   392.11    588.00    949.49
   706.58    536.67    273.66
   453.32    591.91    646.13
   312.74    491.79   1441.27
   414.61    624.37    529.02
   246.79    627.93    543.59
   424.49    606.87    604.70
   187.01    462.02   1333.64
   500.35    633.34    650.25
   525.74    517.98    611.47
   373.21    686.83    360.81
   621.74    542.06    582.68
   425.20    599.07    490.07
   704.82    557.29    332.41
   751.28    488.60    527.43
    21.27    509.53   2057.83
   414.81    578.92    704.63
   852.27    548.57    505.09
   550.77    502.68    818.58
   700.14    611.11    466.84
   371.05    646.84    390.00
   523.31    638.61    279.79
   877.93    483.51    419.94
   613.64    606.87    399.25
   486.04    653.37    371.16
   497.17    756.93    428.05
   902.58    439.21    528.48
   628.40    577.22    465.48
  1053.88    511.54    283.73
   677.53    510.05    614.43
   438.02    701.94    684.50
   489.98    702.99    421.21
   565.22    568.67    585.67
   327.28    682.72    537.72
   573.67    634.57    714.18
   447.79    690.70    366.90
   122.26    576.63   1188.07
   348.95    609.19    633.73
   278.43    586.94   1133.44
   334.88    616.70    592.49
   567.83    512.38    480.13
   424.06    775.85    704.34
   389.24    657.67    433.39
   480.51    633.86    440.71
   524.90    619.49    373.27
   519.86    530.74    538.42
   666.45    544.12    602.66
   664.55    557.38    366.44
   543.77    538.14    368.51
   383.81    657.17    901.08
   478.31    506.30   1066.14
   626.46    592.30    545.70
   737.00    552.15    384.16
   449.06    501.13    642.31
   397.47    521.60    935.10
   574.52    576.68    415.46
   831.69    555.99    237.13
   663.44    600.69    537.06
   455.03    671.20    654.41
   720.44    450.41   1219.98
   570.16    565.87    422.59
   773.98    544.69    297.22
   426.17    587.22    694.42
   424.03    624.71    735.79
   681.47    639.44    447.68
   647.74    679.90    530.49
   537.56    558.99    519.48
   580.57    663.21    317.24
   706.09    618.16    585.82
   485.59    597.83    548.22
   503.28    541.32    547.39
   329.04    721.44    546.78
   579.76    637.00    398.86
   749.80    615.99    360.39
   380.67    540.75    693.49
   547.53    482.79    945.17
   450.22    544.10    829.87
   414.03    701.51    746.51
   813.75    480.25    362.31
   641.55    597.26    382.75
   403.21    444.75   1118.72
   648.81    632.29    276.67
   740.22    464.51    708.17
   529.50    537.09    541.17
   633.60    565.68    700.41
   399.92    667.66    487.73
   332.31    670.68    592.78
   534.16    607.42    491.37
   456.86    683.68    881.84
   754.33    675.85    273.99
   701.61    559.80    382.92
   325.96    581.73   1130.80
   355.82    584.28    613.44
   594.76    470.75    712.12
   545.68    618.47    471.96
   417.64    610.15    860.50
   576.16    622.47    574.57
   406.83    492.72    989.97
   524.95    604.73    543.30
   283.61    544.64   1142.65
   395.41    548.13    710.79
   829.37    538.07    386.73
   518.27    653.91    502.25
   266.19    716.76    697.80
   385.99    734.61    663.60
   509.29    623.16    597.78
   713.26    509.84    417.10
   566.86    537.68    403.53
   739.38    492.18    276.53
   553.63    634.53    669.68
   290.51    575.58    997.76
   515.65    552.40    657.15
   602.44    596.18    397.02
   597.23    573.07    484.10
   645.18    538.43    669.24
   761.01    614.18    364.98
   601.40    645.95    221.84
   519.94    600.85    906.05
   672.60    569.84    483.97
   578.16    558.77    571.79
   278.47    680.49    578.21
   374.07    733.88    807.57
  1102.13    510.35    306.30
   550.40    536.63    776.06
   336.91    695.67    460.78
   498.24    650.75    364.73
   370.29    556.99    573.06
   808.01    609.13    414.41
   589.81    460.49    665.32
   470.07    701.06    530.97
   712.93    615.44    203.89
   799.82    506.38    423.39
   714.46    580.33    501.84
   418.88    650.55    620.79
   662.61    639.45    447.21
   633.36    556.23    409.26
   627.28    608.56    617.53
   676.32    493.98    450.25
   653.52    588.44    428.47
   374.74    637.30    594.63
   586.30    606.51    354.95
   512.30    650.24    352.98
   615.37    559.03    340.16
   536.36    607.02    667.42
   523.40    633.53    516.93
   763.54    502.55    326.32
   527.21    595.28    708.15
   453.24    525.18    777.58
   635.21    675.27    361.66
   212.40    531.30    843.68
   232.06    616.40    799.78
   660.50    474.95    345.08
   490.69    614.33    367.15
   566.00    498.82    593.71
   809.87    497.39    330.43
   465.07    612.20    373.27
   459.79    674.65    565.48
   703.18    603.99    425.38
   479.76    631.42    687.69
   443.75    632.49    615.27
   646.40    451.15    631.54
   527.86    662.38    508.96
   556.88    698.72    458.37
   582.53    501.72    534.74
   323.62    565.39    483.48
   635.15    585.50    381.44
   703.16    571.79    306.35
   679.33    614.58    275.93
   473.08    346.40   1054.37
   435.72    554.03   1091.55
   464.73    689.07    392.34
   562.87    576.28    915.01
   406.78    667.57    743.89
   369.66    447.66   1164.08
   276.03    561.33    939.41
   646.18    546.90    847.65
   689.65    555.46    412.13
   388.86    678.63    599.49
   506.36    538.98   1003.11
   610.00    605.42    496.92
   597.88    675.68    461.41
   604.54    506.23    384.04
   461.23    646.11    574.78
   187.15    715.74   1107.44
   424.75    588.05    738.95
   360.66    636.87   1092.17
   464.04    602.44    718.22
   569.25    632.30    394.00
   579.75    561.24    534.44
   470.48    719.51    699.05
   542.31    573.17    467.58
   368.36    660.25    788.81
   790.98    578.67    344.59
   758.25    594.10    248.00
   522.38    643.69    379.16
   410.56    659.71    539.20
   660.10    580.37    412.22
   602.41    498.03    388.03
   489.72    457.28    582.67
   605.78    470.29    486.84
   759.12    504.48    452.41
   614.06    604.15    552.41
   600.31    648.64    603.02
   592.19    515.64    345.06
   844.95    520.76    304.21
   502.28    572.09    787.10
   517.25    489.57    744.05
   771.61    493.28    234.68
   417.60    669.04    754.93
   644.38    557.17    409.75
   546.35    696.16    460.08
   464.69    652.04    318.64
   643.14    464.66    504.87
   330.38    671.42    617.87
   507.25    647.60    669.24
   671.05    597.86    629.48
   579.08    594.95    743.32
   332.90    567.53   1037.74
   707.98    473.48    253.77
   747.23    569.35    442.60
   423.27    358.20   1799.89
   344.95    609.78    879.59
   676.56    565.12    609.37
   663.28    619.24    613.50
   463.02    599.29    754.96
   502.27    652.41    426.25
   752.11    565.00    365.37
   377.57    607.27    534.95
   719.89    527.10    411.53
   592.84    608.72    361.52
   511.65    567.45    663.20
   506.48    642.19    415.68
   734.74    538.47    409.74
   524.73    530.70    857.87
   522.63    515.40    828.06
   738.07    668.09    276.89
   735.19    489.63    363.44
   659.32    505.26    453.50
   497.68    435.20    740.28
   530.79    585.05    881.55
   619.25    553.70    253.87
   379.81    589.83    946.60
   487.09    682.67    348.61
   512.02    572.62    453.26
   584.64    490.39    744.77
   646.68    537.22    460.78
   441.39    601.19    575.96
   577.20    521.93    588.97
   479.97    598.34    759.31
   356.69    688.01    872.47
   448.08    623.14    679.81
   444.51    656.78    361.20
   464.49    701.80    461.61
   533.34    698.98    563.01
   319.42    669.15    636.34
   216.55    759.75    548.74
   397.35    456.69    809.84
   574.24    562.31    480.53
   701.64    555.13    724.88
   781.47    493.90    226.30
   260.38    445.85   1437.79
   481.17    681.60    473.44
   302.05    586.78    815.52
   571.97    562.06    540.25
   367.56    580.21   1121.99
   383.68    558.45    829.75
   529.57    535.52    693.31
   543.86    786.66    465.30
   745.11    525.27    521.80
   526.49    675.43    413.76
   174.79    806.44    951.11
   836.54    467.72    626.89
   370.29    566.98    588.63
   708.24    570.96    217.04
   445.02    574.05    626.46
   529.63    637.32    577.26
   648.69    648.35    385.76
   485.77    596.17    675.93
   461.57    563.52    394.90
   606.85    514.35    757.10
   516.96    573.74    340.51
   670.80    596.59    463.71
   280.02    634.56    814.33
   358.94    703.20    842.76
   487.30    650.49    622.10
   227.05    708.83    537.40
   443.48    548.92    613.65
   775.18    565.18    202.75
   393.19    762.53    468.67
   215.49    707.97    445.49
   340.60    632.68    717.70
   172.50    686.68    889.34
   344.58    646.64    610.02
   403.85    726.03    604.61
   587.24    458.96   1086.16
   368.18    520.65    508.37
   663.95    638.90    365.81
   460.65    580.17    621.31
   405.06    654.96    543.96
   655.16    600.19    771.37
   274.85    669.03    850.71
   636.32    537.14    406.64
   692.76    530.07    415.60
   645.27    601.24    287.70
   544.22    506.98    635.61
   711.35    499.23    430.09
   440.08    615.79    650.00
   327.01    638.00    680.91
   546.61    623.75    497.65
   466.03    526.25    766.63
   693.99    530.08    258.52
   695.60    529.29    442.78
   626.16    483.32   1001.88
   514.08    597.62    451.90
   561.06    662.99    361.81
   512.26    550.70    624.12
   717.49    609.47    395.97
   576.48    613.44    407.35
   165.05    750.54    529.66
   510.10    734.41    488.75
   661.68    632.29    279.45
   493.64    483.21    501.56
   733.18    530.30    442.77
   614.85    609.00    371.48
   686.28    564.33    624.34
   355.75    617.45    566.27
   595.07    622.51    411.30
   442.51    578.08    934.18
   128.49    681.23   1005.45
   696.05    556.58    428.72
   683.26    503.49    440.85
   652.10    574.53    391.34
   588.07    506.50    704.32
   445.61    643.00    963.01
   551.64    679.96    387.94
   695.31    497.61    733.46
   271.50    648.52    592.82
   467.78    589.14    450.59
   646.30    650.90    394.01
   662.72    592.72    497.56
   636.64    555.11    295.21
   438.75    653.47    571.53
   464.75    642.20    563.31
   686.98    503.48    297.74
   450.67    562.98    503.96
   538.31    601.18    703.37
   297.27    664.00    733.29
   634.31    564.45    468.42
   359.21    598.31    732.96
   773.89    514.05    319.41
   344.64    687.65    853.64
   423.72    643.06    744.69
   236.82    399.63   1441.35
   409.60    788.03    373.89
   472.49    548.07    815.51
   764.86    575.40    432.30
   692.06    529.40    382.63
   478.96    670.46    421.61
   316.60    707.16    656.60
   527.01    674.64    480.99
   273.62    667.21   1218.37
   582.78    645.63    867.34
   594.19    528.18    484.35
   795.43    582.02    383.21
   624.89    603.51    376.30
   488.30    645.06    571.09
   862.96    550.86    539.89
   807.02    527.81    583.99
   451.52    580.02    557.12
   624.17    531.04    275.99
   776.17    471.51    398.78
   523.15    524.93    584.38
   288.68    652.88    867.04
   445.08    577.75    484.43
   644.86    451.87    620.76
   374.76    677.21    643.75
   646.64    587.00    312.93
   640.03    507.57    393.43
   569.08    526.07    463.11
   436.42    583.18    441.09
   486.63    623.87    587.05
   358.54    562.94   1182.78
   515.53    566.37    634.20
   386.60    616.74    430.77
   685.36    492.18    513.11
   532.90    539.34    550.95
   478.81    553.77    442.27
   531.81    578.23    314.78
   406.96    643.01    588.43
   312.65    654.73    612.77
   716.63    595.38    302.11
   687.71    566.48    568.88
   486.70    691.36    377.35
   372.89    561.94    397.18
   631.51    639.69    486.23
   479.13    615.85    588.88
   424.99    608.51    817.33
   508.08    623.87    654.97
   530.76    637.52    534.16
   336.09    575.86    501.79
   671.16    558.78    575.80
   863.58    492.47    288.86
   640.60    650.90    309.76
   675.74    582.53    373.02
   824.90    597.96    322.55
   470.06    639.08    500.39
   302.42    527.47   1205.34
   548.58    612.93    367.42
   623.60    524.48    439.95
   936.55    463.64    391.22
   423.90    633.84    926.37
   197.50    430.61   2070.07
   326.37    630.81    739.66
   560.24    544.50    564.44
   549.54    586.35    446.63
   430.36    669.78    509.37
   450.82    636.19    552.29
   563.77    546.98    704.70
   604.72    632.46   1016.40
   547.91    629.96    377.11
   596.80    550.05    565.66
   335.02    480.25    885.12
   433.29    559.12    887.80
   755.99    507.23    340.52
   461.37    492.23    758.83
   758.86    486.18    831.49
   457.81    545.09   1038.24
   858.36    477.10    341.00
   645.01    491.75    439.39
   699.50    470.85    429.25
   577.71    570.71    832.86
   648.37    504.32    508.17
   588.72    543.64    512.74
   462.75    629.68    401.28
   697.28    603.48    453.87
   728.82    548.91    487.82
   534.53    594.11    957.53
   934.53    492.17    359.63
   434.94    683.18    884.44
   458.62    601.27    720.82
   564.26    406.35    272.49
   555.34    566.28    526.60
   596.21    422.75    874.79
   414.95    649.46    476.45
   337.49    618.42    417.64
   560.07    538.02    674.99
   542.18    553.39    712.32
   426.97    615.55    453.98
   514.67    605.26    512.81
   503.89    628.25    465.58
   774.36    624.97    521.02
   872.04    522.87    317.84
   339.14    388.29   1277.38
   640.44    555.82    359.86
   601.00    575.64    520.19
   603.29    496.00    399.02
   152.40    741.75    819.55
   457.08    681.66    760.77
   304.40    674.83    732.85
   386.38    731.22    525.71
   807.84    547.15    558.89
   746.49    569.83    279.85
   515.31    638.63    478.12
   859.29    544.33    186.23
   385.60    598.10    546.06
   587.48    479.51    480.19
   469.45    616.10    521.87
   584.35    530.02    572.62
   359.10    658.42    561.93
   579.79    472.17    472.87
   714.43    536.18    311.35
   499.76    626.46    518.30
   594.53    498.09    630.93
   666.91    625.10    385.85
   641.19    661.58    409.96
   635.66    594.02    592.67
   521.07    594.18    355.10
   584.73    520.90    903.44
   423.33    576.05    681.96
   366.30    582.79    749.69
   502.26    604.61    642.10
   571.44    534.52    456.55
   527.62    659.12    424.64
   451.31    618.35    507.81
   524.23    642.65    683.84
   448.51    611.50    462.41
   262.23    621.86   1183.61
   718.62    509.85    303.39
   610.82    492.25    492.29
   375.64    701.03    778.76
   473.82    662.52    741.73
   494.68    536.23    444.81
   582.63    564.98    348.32
   716.53    548.37    512.20
   498.90    600.46    796.30
   509.71    574.45    787.06
   343.24    668.99    765.53
   943.59    522.65    193.98
   604.89    574.90    639.42
   751.77    597.79    244.78
   314.20    620.49   1057.11
   754.39    652.40    349.51
   979.60    538.30    360.61
   375.50    670.25    487.24
   831.52    563.99    312.78
   812.20    509.55    550.76
   492.53    560.60    716.73
   775.72    480.96    309.87
   433.14    521.14    706.50
   653.52    642.20    364.05
   460.57    684.22    458.85
   796.58    532.89    514.20
   578.68    560.53    573.35
   698.92    616.57    314.28
   390.96    638.16    703.13
   335.57    666.96    801.83
   808.73    617.08    579.66
   462.00    545.98    489.36
   219.25    535.57   1025.18
   519.54    695.14    397.17
   654.02    541.30    669.04
   484.08    588.84    686.34
   584.63    730.33    329.35
   875.11    547.88    434.69
   296.76    626.54   1084.01
   504.38    577.90    381.97
   639.06    600.26    529.23
   736.89    407.03    381.61
   581.26    562.16    565.50
   645.97    430.10    682.25
   662.13    655.06    536.11
   561.98    595.20    598.53
   410.21    598.67    605.83
   566.93    616.42    477.38
   523.75    597.85    676.50
   493.79    535.89    858.04
   478.93    520.10   1086.36
   400.14    664.69    780.70
   648.98    547.61    421.80
   519.09    674.36    396.25
   378.62    601.31    721.24
   589.33    503.24    491.07
   470.34    517.74    598.31
   500.44    549.44    578.09
   462.11    631.82    396.92
   465.52    598.12    678.97
   477.85    616.30    660.20
   605.45    706.23    584.01
   868.65    491.25    392.09
   794.31    557.23    316.50
   413.53    557.63    591.67
   846.07    498.56    477.06
   704.12    526.19    287.60
   361.42    613.20    620.60
   291.02    604.57    681.25
   504.43    571.84    535.56
   473.16    581.71    532.43
   836.27    575.56    482.56
   698.11    479.75    492.97
   663.60    431.71    918.46
   554.81    597.39    606.76
   550.68    704.43    682.62
   580.10    591.11    587.41
   550.85    687.62    216.49
   296.25    540.18   1202.16
   711.36    589.50    323.47
   911.60    464.69    552.34
   425.97    611.55    647.22
   567.43    582.30    947.26
   597.02    556.83    397.52
   482.51    632.29    639.98
   518.30    652.15    441.26
   476.06    640.58    718.59
   538.35    631.79    600.33
   733.88    597.33    333.73
   183.41    581.13   1194.34
   686.26    650.35    361.99
   621.55    550.97    451.85
   488.73    552.65    702.53
   405.44    485.52   1100.99
   627.57    574.60    496.36
   697.72    565.32    459.63
   292.50    626.67    793.73
   680.64    573.08    664.64
   590.67    505.21    463.23
   585.80    579.45    337.82
   358.75    577.34    549.99
   155.93    560.33   1270.74
   549.16    606.81    518.25
   485.88    622.94    572.62
   238.39    598.61    858.91
   581.83    484.75    476.69
   586.06    541.08    534.45
   557.90    554.51    693.67
   467.34    683.06    538.50
   318.29    480.06   1026.08
   614.77    683.22    316.55
   269.70    561.32   1401.76
   526.28    619.81    450.31
   495.24    621.48    391.47
   307.93    517.72    843.71
   458.37    588.52    517.27
   729.32    622.40    456.26
   615.40    618.39    524.86
   446.93    587.54    623.48
   702.91    533.59    287.77
   557.88    547.05    541.17
   348.41    639.08    467.75
   214.30    835.37    636.03
   712.27    561.13    424.81
   333.56    553.90    654.43
   621.25    497.06    475.54
   794.86    519.49    414.30
   404.18    519.63    839.55
   676.45    539.26    325.26
   247.46    543.88   1021.36
   534.19    584.70    595.04
   609.72    550.42    815.59
   267.29    658.16    878.12
   850.79    578.06    364.01
   348.55    592.36    957.37
   659.51    488.22    796.66
   595.66    505.07    273.90
   244.85    633.11    841.71
   412.12    726.72    714.90
   528.24    636.28    396.25
   703.21    537.51    401.64
   771.86    537.29    374.95
   335.90    671.84    653.95
   368.22    582.15    760.45
   568.09    643.88    255.57
   493.25    578.78    706.88
   507.05    662.58    484.56
   461.77    615.30    682.65
   659.63    566.70    377.50
   349.38    683.94    628.36
   843.31    558.20    610.22
   646.91    553.03    560.86
   764.08    360.11    274.02
   467.29    540.87    486.62
   246.94    481.48   1550.87
   462.70    700.41    530.19
   456.39    624.44    921.45
   410.04    660.79    371.93
   454.53    775.21    642.69
   534.40    599.97    488.20
   584.68    591.76    306.94
   517.13    655.09    414.12
   652.56    581.57    552.56
   654.82    580.67    315.04
   370.21    596.45   1006.38
   221.75    621.37    864.88
   566.87    674.58    422.68
   372.73    628.24    808.69
   407.15    722.71    527.21
   370.61    694.18    564.05
   481.20    382.67   1072.94
   590.50    618.54    375.95
   630.10    441.34    749.99
   771.45    545.94    234.96
   445.01    650.29    339.44
   706.16    551.88    342.28
   336.78    733.95    637.75
   531.04    524.21    457.06
   559.62    547.22    496.81
   419.93    675.10    603.21
   530.47    756.77    531.09
   576.41    504.39    506.84
   605.59    533.49    450.60
   424.03    659.51    789.80
   496.65    596.25    616.64
   462.55    643.48    603.60
   441.91    536.33    558.91
   545.20    658.58    537.14
   441.97    604.89    579.09
   734.89    530.35    512.29
   466.24    730.38    604.46
   347.89    615.64    506.41
   546.06    591.68    274.79
   862.38    514.30    310.06
   404.03    668.67    676.16
   549.00    575.29    490.68
   629.45    600.22    511.12
   416.42    676.90    453.61
   481.52    681.17    653.55
   591.54    602.30    820.61
   400.08    581.31    811.57
   596.16    597.09    495.29
   711.83    654.82    429.66
   441.91    570.11    756.71
   484.75    682.27    742.06
   457.12    685.08    545.58
   566.32    553.75    414.30
   407.78    659.98    321.94
   581.19    562.15    475.81
   469.95    656.78    671.81
   609.11    676.00    437.16
   319.56    558.65    949.64
   428.09    625.68    735.88
   369.09    704.04    729.94
   641.27    483.89    911.76
   668.39    621.28    330.22
   416.61    661.23   1015.98
   565.11    578.14    852.69
   634.38    558.34    467.36
   523.86    551.72    378.76
   271.28    601.15   1355.20
   326.81    657.88    868.89
   896.66    438.90    255.68
   731.39    557.79    372.72
   370.60    658.49    430.96
   683.28    615.63    392.22
   328.71    709.79    668.75
   664.98    526.90    747.17
   522.06    623.07    528.89
   856.67    431.99    245.93
   753.96    687.19    321.74
   637.97    524.51    557.99
   679.68    539.96    307.84
   392.20    641.10    797.36
   402.00    535.05    614.91
   431.10    597.19    700.36
   185.06    472.52   1823.81
   679.33    490.68    608.60
   653.33    488.55    528.96
   403.49    556.16    833.20
   294.08    500.34    978.29
   303.79    671.09    645.20
   417.04    674.16    355.03
   474.50    674.29    412.98
   510.05    559.43    611.11
   438.92    599.89    576.69
   618.55    604.44    645.42
   753.60    436.91    694.01
   617.66    530.19    755.40
   563.02    516.32   1070.73
   627.11    645.87    337.29
   733.86    565.15    413.12
   391.85    679.21    794.94
   446.06    592.76    602.52
   577.20    614.66    826.23
   732.63    506.41    531.72
   523.39    716.28    513.81
   880.30    529.97    404.92
   412.75    530.61    596.67
   586.04    574.21    446.76
   842.83    467.86    273.51
   525.26    668.34    504.98
   454.48    604.69    428.45
   750.85    606.33    547.98
   785.41    500.74    180.22
   433.76    633.25    699.59
   559.08    487.96    859.94
   485.91    668.19    550.04
   827.73    583.68    359.16
   317.78    587.38   1424.76
   558.90    656.66    429.18
   654.34    569.64    506.83
   395.84    550.50    753.48
   591.37    654.70    590.41
   533.60    642.32    423.86
   686.65    557.46    461.45
   527.03    565.50    700.36
   792.08    552.10    339.74
   538.42    649.51    855.27
   820.12    591.88    359.47
   772.27    522.75    569.78
   464.87    716.91    688.28
   283.30    749.24    760.53
   761.17    591.39    397.19
   417.85    644.67    626.86
   290.03    713.60    502.31
   509.65    494.25    662.11
   404.99    598.61   1080.99
   314.77    562.67   1295.29
   185.82    156.82   2522.80
   393.19    744.54    574.13
   634.17    655.23    575.81
   661.15    642.14    318.78
   607.21    679.71    605.68
   598.77    559.33    469.16
   426.30    584.92    588.58
   484.85    523.89    699.59
   564.73    444.04    651.99
   435.69    499.52    983.41
   699.64    515.94    304.60
   522.06    580.15    624.24
   576.19    621.28    721.95
   410.58    546.13    890.16
   473.41    496.50   1595.29
   474.29    694.87    521.13
   625.66    609.48    399.70
   375.85    551.83   1155.08
   563.22    579.34    512.23
   595.94    540.60    501.64
   395.99    599.67    651.47
   443.73    616.65    804.16
   465.15    569.17    939.37
   540.09    668.93    590.80
   662.13    510.19    719.98
   413.54    614.75    765.40
   527.37    673.22    875.19
   382.80    577.22   1094.19
   422.44    565.11    670.07
   490.37    739.53    464.22
   420.33    602.89    671.45
   707.98    534.76    549.46
   792.59    580.37    455.53
   407.46    609.96    609.03
   403.97    586.38    674.61
   548.91    560.32    535.70
   315.98    621.70    397.22
   455.75    590.75    462.93
   544.18    602.28    286.29
   619.75    533.93    448.38
   646.17    679.18    372.68
   357.46    634.03    560.08
   595.24    555.91    516.50
   437.99    667.61    620.86
   781.90    489.13    344.96
   596.52    645.36    438.13
   410.69    698.23    998.14
   743.91    573.91    246.57
   436.48    599.91    654.09
   260.68    538.75   1142.24
   296.36    699.01    597.58
   273.83    655.85    652.11
   739.03    580.20    321.31
   489.79    620.58    271.31
   363.52    641.82    674.93
   322.28    544.84    694.13
   557.07    585.73    382.89
   592.01    593.84    710.76
   450.13    690.21    836.03
   533.89    561.95    573.16
   606.85    502.55    669.51
   447.15    543.88    870.22
   289.52    679.85    601.94
   494.88    473.70   1618.43
   813.22    536.79    310.97
   532.93    652.17    660.41
   258.81    550.31   1252.78
   750.04    473.90    423.72
   557.57    583.27    316.43
   582.93    602.05    382.86
   511.07    657.54    701.12
   647.38    556.67    422.78
   581.00    690.99    408.23
   343.55    706.05    631.45
   513.04    552.67   1061.79
   444.31    547.63    760.16
   676.03    589.82    467.90
   476.53    462.51    941.29
   429.15    607.05    438.39
   489.81    657.61    640.83
   501.86    522.75    878.72
   584.67    537.22    468.77
   731.02    510.02    285.25
   387.62    536.00   1242.15
   287.88    529.92   1152.19
   487.96    622.33    406.05
   726.15    407.78    848.80
   340.42    509.86   1027.40
   311.50    623.54    602.03
   589.56    451.13    555.05
   654.97    563.01    494.66
   407.33    579.66    838.25
   810.00    429.90    330.06
   464.62    582.70    964.31
   607.04    547.47    517.59
   606.25    598.94    669.50
   619.83    468.61    398.08
   459.76    600.84    785.67
   421.90    676.89    797.97
   571.23    630.41    567.42
   506.09    541.73    717.38
   108.62     77.23   3433.84
   532.25    646.96    280.09
   581.85    633.84    654.60
   496.26    587.76    538.52
   548.04    572.01    642.14
   502.41    689.72    674.68
   756.56    516.23    257.75
   631.88    619.77    493.69
   349.69    671.87    408.90
   352.44    664.44    766.39
   749.46    556.59    377.40
   592.07    502.60    782.46
   829.78    554.40    334.80
   524.27    526.97    720.92
   454.03    671.63    716.96
   495.02    606.62    482.14
   880.09    506.81    287.06
   245.51    514.52   1079.57
   614.51    583.85    406.00
   594.80    538.56    507.08
   660.14    400.30    270.74
   502.21    711.06    552.61
   481.27    590.72    647.53
   171.13    172.98   2353.06
   305.03    763.20    697.00
   517.84    610.68    643.88
   607.59    571.34    368.69
   796.15    458.81    174.80
   399.80    586.74    798.70
   482.47    670.20    627.09
   666.98    645.29    475.94
   954.91    409.18    285.69
   505.44    535.91    532.41
   463.16    349.97   1828.96
   453.10    582.89    778.38
   507.45    649.82    462.03
   453.22    637.75    368.74
   646.08    535.95    481.33
   668.22    448.32    535.43
   304.64    543.83    993.99
   466.10    498.43    589.59
   525.49    609.80    337.12
   621.60    605.05    498.19
   604.94    600.33    621.89
   652.46    499.95    276.34
   663.42    500.33    416.34
   530.49    618.41    594.16
   505.95    724.41    666.04
   268.96    617.13    780.72
   521.14    688.66    237.95
   387.72    598.17   1250.14
   406.53    716.36    569.77
   693.01    486.69    457.25
   477.40    782.46    542.11
   632.29    744.73    430.18
   625.34    460.43   1125.07
   609.55    424.51   1333.87
   782.56    548.49    524.27
   396.81    584.31    577.94
   699.33    478.51    474.33
   669.94    584.97    424.00
   432.53    490.18    841.39
   190.46    445.73   1568.99
   546.61    708.23    570.37
   860.39    496.02    256.73
   596.24    615.86    689.39
   671.29    652.16    410.49
   899.34    494.78    236.06
   210.76    577.53    880.14
   673.61    587.26    235.93
   483.83    661.35    831.64
   605.58    555.41    439.84
   499.80    616.50    582.73
   469.61    599.86    601.82
   554.53    531.40    364.21
   602.84    551.05    408.02
   585.29    656.74    541.08
   533.37    583.03    588.32
   523.90    706.55    580.09
   480.54    644.31    432.46
   357.64    695.18    975.91
   327.78    730.96    703.55
   264.00    769.32    595.81
   521.86    576.90    673.99
   734.10    498.43    383.07
   815.24    558.14    335.15
   761.33    493.15    393.06
   835.66    500.92    416.41
   362.80    612.23    940.23
   595.73    531.95    578.36
   617.29    427.93    578.44
   799.35    530.99    642.82
   227.67    488.12   1673.48
   444.12    608.20    409.96
   334.83    564.06   1061.44
   727.79    494.13    390.63
   537.97    611.62    535.01
   617.43    516.87    749.53
   464.24    603.16    524.19
   589.10    470.35    435.25
   495.24    612.09    677.66
   597.19    574.63    516.72
   767.92    599.23    222.49
   233.65    615.19    890.89
   379.55    584.97    720.97
   716.25    467.82    590.48
   458.88    634.41    442.75
   850.74    420.33    324.87
   553.20    502.21    610.25
   542.56    639.65    638.79
   577.35    548.52    427.28
   506.45    588.31    414.48
   859.78    614.27    358.27
   579.58    525.98    383.13
   364.73    540.02    981.60
   534.63    631.41    478.23
   800.09    532.55    333.81
   445.60    607.77    497.16
   544.94    696.83    452.55
   378.98    516.13    979.37
   590.37    497.06    675.61
   175.34    684.24    877.72
   744.68    505.59    467.33
   789.08    601.71    573.75
   581.88    602.60    358.08
   412.56    657.88    807.47
   705.24    465.73    391.19
   467.89    479.13   1197.85
   409.28    625.73    960.34
   670.94    514.70    556.27
   288.24    795.06    640.22
   817.77    558.02    365.54
   457.08    497.48    697.81
   762.10    548.46    325.92
   600.40    651.43    400.12
   598.06    636.12    343.43
   770.30    463.11    432.04
   560.63    633.53    373.27
   478.66    633.70    368.43
   359.95    709.89    563.68
   666.53    464.38    670.29
   458.02    581.00    719.12
   310.25    599.33    674.34
  1011.43    430.29    238.45
   355.52    633.91    422.70
   727.57    461.92    320.89
   551.50    550.82    436.86
   488.38    591.59    803.41
   404.46    711.29    445.03
   228.62    551.02   1650.52
   280.54    637.06    844.34
   351.55    523.62   1022.46
   400.45    390.50   1148.14
   504.16    671.39    629.79
   885.83    482.55    260.92
   787.38    558.54    476.18
   339.84    599.66    590.96
   548.84    735.65    210.70
   488.06    674.67    690.95
   630.84    584.87    503.82
   325.78    578.50    882.96
   789.88    502.61    449.45
   503.00    477.66   1052.13
   402.55    649.91    828.29
   397.21    654.44    801.09
   732.10    493.70    559.18
   571.39    506.50    668.71
   634.59    582.80    418.38
   653.91    520.05    438.44
   692.26    560.74    641.03
   628.66    583.38    449.72
   480.34    541.20    422.69
   353.34    729.21    803.18
   752.65    537.69    389.64
   920.85    439.80    331.75
   469.21    598.68    357.01
   356.83    665.33    679.44
   354.82    786.26    762.66
   560.21    495.70    724.86
   579.64    727.77    273.04
   324.94    366.44   2063.10
   776.05    480.60    541.30
   408.47    664.97    689.73
   813.56    461.97    537.73
   399.86    538.38   1179.67
   366.99    642.03    754.42
   231.79    654.00    992.94
   502.39    562.86    717.13
   447.58    593.58    902.76
   468.17    562.07    739.53
   607.08    622.97    522.10
   751.20    581.27    415.94
   636.45    615.92    247.66
   355.40    705.52    655.13
   648.75    522.04    465.91
   589.21    491.62   1105.86
   494.77    665.65    417.21
   652.97    436.78    471.13
   508.68    612.78    548.97
   543.85    690.44    502.41
   471.91    608.84    525.21
   474.85    521.60    539.09
   483.89    637.36    737.60
   421.00    602.02    417.75
   790.74    444.55    204.42
   774.48    528.27    584.51
   871.81    496.57    345.39
   643.43    521.07    753.17
   770.37    468.24    509.39
   690.69    505.61    271.36
   592.11    601.66    488.85
   635.68    436.76    601.53
   573.43    653.12    703.98
   696.96    479.13    732.82
   456.76    661.60    484.53
   615.35    557.71    393.42
   395.23    557.59    757.63
   572.00    514.49    652.02
   667.58    607.95    469.12
   416.67    645.73    479.38
   842.43    549.67    141.50
   700.52    577.09    432.44
   308.83    682.55    801.46
   355.49    681.33    638.74
   628.35    650.56    428.16
   578.18    581.09    979.21
   546.22    526.35    421.17
   763.56    551.19    496.11
   653.61    551.68    274.94
   811.18    531.01    267.33
   433.11    687.83    606.86
   545.20    623.03    519.73
   596.54    531.92    723.80
   421.90    602.49    871.95
   512.57    549.70   1103.97
   666.27    595.91    878.96
   490.41    644.33    241.14
   460.11    631.58    947.05
   280.15    601.73    719.66
   678.34    495.34    551.21
   337.03    621.42    595.01
   455.28    558.21    418.62
   492.81    637.76    422.27
   399.28    531.09    586.89
   638.78    588.89    386.37
   609.69    671.92    367.48
   516.95    653.31    335.55
   644.74    553.25    454.34
   328.96    635.21   1048.88
   832.20    481.10    445.16
   332.48    539.25   1372.91
   543.94    675.21    465.55
   545.22    516.65    568.36
   112.17    625.91   1267.18
   488.74    620.46    640.38
   462.63    630.89    846.73
   451.79    769.08    546.26
   481.34    624.73    461.38
   653.22    551.80    537.70
   761.61    491.08    287.41
   434.47    699.39    619.89
   625.44    569.76    318.13
   708.99    435.63    937.32
   371.78    559.90   1098.95
   584.24    565.08    533.18
   763.72    440.80    408.16
   670.70    620.67    425.70
   372.97    519.80   1042.42
   626.00    526.52    424.87
   556.71    560.30    591.10
   477.49    598.30    735.34
   720.65    538.59    512.68
   548.67    525.57    852.14
   411.33    585.00    516.03
   469.54    664.07    453.87
   466.11    726.05    509.75
   729.76    584.02    439.26
   281.59    607.72    895.00
   392.54    773.10    609.20
   586.93    574.83    581.37
   649.35    705.05    238.35
   721.62    547.82    504.42
   364.89    695.42    471.86
   668.84    424.13    545.19
   612.10    553.06    437.95
   563.17    679.32    545.44
   374.33    697.36    417.42
   430.66    551.36    972.34
   762.12    647.65    228.60
   577.82    575.84    566.24
   508.27    591.85    460.85
   555.36    479.71    397.93
   278.90    579.61    694.56
  1011.55    479.14    359.34
   504.42    716.09    405.90
   474.53    588.05    378.95
   708.63    629.14    280.75
   183.29    787.63    745.76
   668.73    474.45    410.11
   563.68    645.39    344.66
   564.50    561.68    500.96
   589.84    613.88    474.73
   464.96    695.65    443.60
   741.72    581.37    348.63
   602.53    589.25    240.99
   582.64    683.00    406.01
   402.04    511.47   1074.69
   416.59    604.48    476.02
   675.58    504.70    362.72
   466.15    552.09    390.93
   404.99    642.51    591.25
   716.36    556.63    497.73
   411.24    596.80    791.44
   149.68    522.45   1281.05
   423.68    595.73    606.63
   544.74    527.85    474.72
   321.40    587.28   1084.52
   885.42    546.30    370.69
   452.98    658.63    540.14
   548.75    618.61    437.05
   711.61    503.18    409.97
   504.05    601.95    657.60
   627.57    533.94    714.07
   270.19    631.61    803.09
   690.87    461.21    590.22
   500.05    558.67    818.94
   840.01    493.03    582.36
   766.10    603.16    508.93
   281.20    613.62    567.52
   527.98    550.72    539.60
   557.32    507.16    611.51
   316.69    580.36    711.51
   272.90    611.41   1038.85
   526.08    660.60    583.50
   372.06    690.16    628.79
   333.03    642.67    685.88
   484.42    656.81    799.60
   514.89    632.42    382.71
   539.88    603.48    565.73
   510.39    613.25    695.73
   751.30    530.81    264.06
  1023.14    420.58    358.44
   660.88    501.91    499.67
   857.74    538.75    342.09
   821.48    545.51    411.17
   459.52    569.78    587.87
   770.44    535.97    266.63
   472.18    611.37    578.81
   294.74    670.68    397.07
   762.24    361.74    615.96
   404.11    670.09    525.73
   480.55    616.40    433.92
   756.75    649.83    398.93
   678.41    496.66    508.71
   625.95    660.93    512.87
   708.42    490.15    280.56
   314.52    589.83    762.31
   464.60    591.06    794.54
   614.98    746.64    517.05
   575.95    556.63    322.31
   474.98    681.29    697.05
   661.42    600.64    655.50
   468.38    678.24    785.32
   667.71    553.40    481.16
   168.41    490.81   1401.25
   638.99    612.75    532.42
   686.23    534.65    514.71
   609.56    612.07    402.82
   313.04    655.50    642.40
   708.89    519.76    461.73
   585.04    576.94    498.80
   594.67    603.15    556.83
   787.33    505.47    429.05
   222.49    580.72    908.74
   850.42    592.12    305.01
   391.02    692.58    715.73
   796.18    446.85    444.60
   621.86    523.33    415.92
   231.57    480.93   1914.81
   722.04    532.15    362.48
   535.10    647.37    535.93
   430.67    604.18   1071.99
   636.06    526.57    458.59
   419.75    545.65    845.57
   694.21    558.29    385.06
   921.09    498.45    152.46
   450.82    503.45    509.52
   565.82    564.65    545.59
   423.13    569.60    664.75
   265.82    661.61   1013.69
   353.53    629.03    683.11
   987.25    408.96    248.89
   587.39    463.50    599.38
   993.32    392.67    345.10
   431.51    559.76    523.02
   495.27    568.52    459.62
   595.52    496.76    435.23
   546.39    616.45    504.18
   397.58    711.93    694.97
   471.93    665.00    430.24
   483.92    632.53    387.01
   247.27    645.60   1038.27
   485.12    632.39    528.61
   447.78    634.63    362.42
   515.97    582.09    571.13
   400.78    585.84    588.41
   407.03    483.21   1079.69
   606.45    707.55    575.11
   271.64    614.55   1061.46
   333.98    550.95    847.75
   531.38    770.93    372.17
   540.92    562.67    384.15
   686.81    463.88    355.22
   172.97    594.31   1018.41
   406.98    626.40    550.26
   612.89    527.46    394.42
   294.12    281.75   2310.30
   600.44    557.32    397.02
   613.11    528.89    564.86
   559.94    627.68    471.74
   305.08    658.30   1187.60
   451.90    641.46    671.55
   711.57    567.42    470.63
   521.39    616.57    330.83
   697.41    532.32    444.86
   246.31    606.68   1099.63
   535.11    569.64    376.83
   605.15    642.07    401.07
   704.29    673.01    371.17
   442.18    555.25    448.00
   628.89    531.90    506.51
   456.28    585.97    926.11
   413.29    468.06   1128.30
   182.06    655.22    632.80
   504.36    666.80    664.69
   493.29    565.96    391.47
   741.98    535.49    289.19
   669.12    561.28    514.94
   484.19    621.92    790.48
   628.15    552.20    404.46
   686.87    624.12    279.60
   670.19    655.48    474.88
   469.37    680.18    518.19
   439.00    652.88    655.45
   381.07    649.25    554.47
   411.85    640.71    488.80
   213.68    690.65   1085.95
   448.88    644.85    541.95
   726.22    456.30    298.10
   497.39    643.10    669.00
   572.54    587.34    507.28
   443.95    778.56    756.30
   539.85    571.07    295.57
   718.78    474.44    510.13
   231.23    686.51   1268.25
   626.03    552.50    702.03
   348.97    661.10    603.42
   590.29    423.18    506.43
   591.63    448.73    613.39
   787.06    566.22    349.50
   533.23    521.48    798.56
   358.41    618.86    479.66
   322.93    613.54    632.12
   568.85    553.95    349.30
   624.84    595.49    608.23
   539.30    613.65    397.69
   490.66    490.53    583.21
   574.34    515.28    584.47
   619.91    603.64    843.55
   574.18    550.67    564.57
   602.87    569.14    463.53
   515.02    711.60    357.81
   394.09    593.81    761.29
   449.75    657.46    537.79
   575.53    628.05    365.49
   691.37    540.96    511.99
   536.10    448.24    541.95
   788.12    507.64    281.90
   651.61    541.84    332.84
   422.99    549.43    706.78
   578.79    643.55    495.51
   446.46    562.79   1088.09
   642.58    583.98    448.88
   423.87    574.66    767.00
   311.91    560.87    691.13
   605.64    644.27    478.65
   400.35    386.73   1581.88
   789.68    588.09    262.05
   879.67    564.28    365.40
   290.79    570.93   1126.87
   438.36    459.92    918.99
   455.59    553.20    652.51
   310.60    575.98   1423.49
   534.10    645.88    570.04
   604.80    561.96    154.06
   555.52    464.32    879.96
   712.00    665.42    397.36
   674.40    551.79    924.22
   758.08    576.55    318.31
   523.41    562.61    538.49
   599.01    595.52    443.16
   338.62    533.11   1134.29
   682.30    526.66    598.88
   436.85    607.42    457.96
   382.39    668.22    475.01
   617.33    569.74    596.23
   748.95    438.37    306.45
   451.90    540.92    667.49
   569.50    549.30    371.17
   731.07    507.28    270.54
   658.98    505.11    196.76
   605.35    594.02    531.36
   265.32    621.84    960.27
   424.54    606.13    444.00
   661.59    601.83    388.44
   673.37    499.53    438.12
   744.23    641.98    677.62
   718.20    449.75    334.37
   497.95    578.07    439.83
   719.74    478.68    376.91
   808.54    517.66    355.54
   375.64    642.76    606.71
   520.61    473.97    650.57
   228.62    616.98   1031.33
   671.35    600.75    572.20
   368.29    631.64    803.47
   364.73    724.17    861.94
   477.81    638.05    498.76
   865.20    468.68    473.04
   813.90    554.67    363.00
   401.60    764.93    794.38
   776.89    531.73    461.72
   456.66    606.78    971.56
   522.84    600.14    874.61
   167.62    639.69    948.51
   488.17    601.91    475.80
   686.43    555.73    555.93
   741.31    575.23    306.08
   657.08    686.36    490.32
   293.89    645.40    735.20
   637.24    608.25    496.08
   395.13    559.04    851.02
   647.42    528.33    506.24
   726.68    474.39    524.44
   586.98    624.61    345.85
   904.14    495.25    382.05
   674.76    557.12    570.70
   783.38    519.22    318.60
   582.04    523.34    681.72
   392.84    660.66    689.64
   550.27    560.97    512.90
   371.00    615.89    610.50
   881.99    602.14    484.71
   636.78    617.62    408.16
   787.07    481.76    458.58
   417.20    713.04    545.76
   618.87    585.74    331.46
   699.06    489.02    302.00
   251.58    636.37    940.68
   346.21    421.26   1518.20
   433.23    646.87    400.58
   464.10    657.06    519.32
   229.86    542.84    957.98
   564.78    633.08    313.38
   532.37    551.27    583.82
   250.07    689.80    635.13
   477.11    622.90    888.68
   767.09    547.48    603.96
   523.84    497.37   1010.51
   559.62    599.32    335.92
   778.14    701.30    467.76
   529.19    710.80    413.07
   504.81    715.36    294.94
   462.14    708.08    484.35
   705.39    502.96    332.61
   559.40    630.33    483.25
   569.75    638.96    409.13
   342.31    587.85    658.62
   491.41    630.90    639.15
   661.56    520.40    409.98
   637.63    613.77    547.36
   234.09    659.64    818.46
   283.99    785.81    646.60
   397.17    709.71    730.77
   708.80    551.98    300.24
   472.22    706.11    577.77
   532.38    691.02    461.58
   545.93    576.40    522.12
   545.57    458.18    577.96
   710.20    559.31    336.65
   689.11    553.49    510.66
   614.41    584.28    696.69
   466.20    548.92    402.94
   393.28    674.26    832.46
   762.77    475.90    291.59
   498.33    605.35    528.52
   680.75    531.34    498.57
   333.74    523.42    744.18
   442.87    570.63    563.62
   202.68    577.26   1029.54
   433.66    637.00    523.70
   585.03    637.03    621.09
   457.04    625.78    562.16
   692.10    534.75    371.31
   867.82    512.51    159.12
   327.19    582.49    795.93
   589.31    591.07    421.80
   817.76    544.96    311.73
   372.10    605.50    622.39
   298.12    556.99    685.35
   396.91    592.83    700.16
   320.36    509.15    831.40
   532.87    719.36    341.50
   395.71    686.48    797.76
   521.18    709.14    414.54
   823.97    500.03    178.08
   662.96    552.62    646.48
   341.95    700.59    508.92
   465.88    689.64    834.42
   545.38    540.46    675.25
   396.61    638.74    580.10
   698.82    478.96    485.11
   610.21    544.09    697.05
   672.67    545.53    350.14
   431.28    628.35    423.56
   479.53    612.85    558.73
   655.47    579.29    266.93
   725.64    528.22    628.61
   736.53    534.80    206.38
   536.28    637.95    472.90
   679.52    504.72    552.06
   544.58    593.20    477.95
   555.61    553.53    407.71
   588.78    602.77    447.66
   411.49    665.70    579.89
   479.92    642.32    586.25
   565.06    591.48    374.90
   699.75    542.18    448.57
   725.08    566.23    727.89
   698.89    580.21    393.74
   784.78    580.43    262.18
   512.51    634.81    323.87
   351.38    492.58   1109.61
   847.98    633.32    460.65
   548.61    557.96    541.65
   388.49    659.80    368.03
   611.11    535.49    472.81
   482.00    606.77    433.75
   869.66    538.10    247.50
   450.87    499.67    721.46
   491.59    605.01    765.98
   726.70    489.06    420.00
   414.86    510.92    867.41
   899.45    491.62    355.81
   510.54    540.59    416.39
   151.28    438.35   1579.60
   598.22    563.29    318.30
   487.02    648.63    813.38
   555.71    614.68    491.07
   430.33    797.19    689.88
   510.54    577.69    559.68
   381.06    763.91    483.79
   530.71    578.22    484.93
   752.51    661.22    413.04
   438.81    704.98    761.96
   610.18    615.39    305.08
   273.30    410.35   1174.20
   394.61    555.58    821.67
   690.12    510.90    468.30
   349.62    647.04    544.80
   439.92    678.14    475.64
   355.05    588.62    648.14
   571.31    570.47    608.99
   685.50    497.15    548.77
   522.17    590.39    689.04
   685.90    580.97    378.42
   535.64    566.93    365.65
   773.68    657.71    417.32
   949.51    509.95    339.20
   488.21    604.99    859.20
   530.08    610.89    361.46
   773.75    553.00    488.21
   459.63    540.99    372.26
   609.98    713.12    416.91
   605.89    639.25    672.62
   446.25    567.45    530.42
   309.66    451.53    873.55
   548.32    683.16    323.07
   462.37    605.98    511.55
   451.53    571.04    587.20
   453.75    556.34    470.56
   630.68    600.80    540.44
   356.87    602.74    732.96
   633.01    520.91    508.93
   919.93    463.45    303.86
   536.57    543.52    514.47
   504.15    619.08    447.55
   150.00    673.04    784.96
   430.45    669.62    218.77
   610.41    555.77    735.41
   436.20    635.27    628.70
   530.52    605.05    540.77
   748.29    652.27    275.37
   308.28    388.50   1518.63
   465.68    505.12   1031.66
   778.33    476.53    330.78
   633.26    573.05    336.64
   285.27    483.63   1187.94
   389.33    638.18    680.62
   617.96    595.57    344.83
   789.10    482.58    360.89
   658.86    524.63    900.88
   491.70    593.49    307.25
   684.96    537.47    352.01
   590.32    631.47    306.21
   708.76    605.49    301.43
   538.17    628.09    681.07
   539.64    604.15    603.03
   571.78    551.83    431.21
   544.78    567.98    457.28
   508.73    653.19    463.38
   284.20    417.06   1451.20
   722.18    605.10    345.09
   680.13    542.50    494.07
   771.42    570.85    397.46
   363.19    621.85    816.90
   761.70    589.74    538.57
   842.33    509.55    225.71
   540.66    586.75    526.36
   386.60    627.76    472.47
   544.45    621.45    335.08
   543.96    494.08    788.47
   482.56    626.26    609.85
   954.46    505.08    589.07
   560.35    576.38    713.82
   553.65    637.70    379.43
   423.00    735.83    508.71
   397.61    681.31    466.81
   454.02    608.91    374.41
   127.81    465.20   1541.38
   498.52    597.64    497.05
   464.10    546.62    794.24
   563.45    464.95    481.32
   604.33    516.26    603.35
   471.49    698.18    474.10
   436.71    624.18    381.92
   214.94    592.31    959.87
   724.49    496.65    454.66
   363.62    617.47    757.07
   506.85    668.09    464.77
   396.30    557.92    509.89
   318.00    752.10    459.25
   619.85    537.09    410.03
   653.17    577.61    396.24
   611.70    587.48    544.03
   416.81    568.01    987.33
   690.42    684.45    509.43
   424.25    584.73    396.83
   580.69    598.76    347.12
   950.70    611.88    174.41
   576.20    484.31    400.20
   585.58    619.69    239.54
   352.42    593.03    908.57
   496.36    535.46    475.43
   486.42    484.58    805.09
   698.46    541.45    371.89
   770.32    545.10    502.79
   497.09    593.21    551.26
   380.28    757.88    458.80
   207.29    718.10    708.84
   665.22    606.66    428.32
   702.56    518.12    408.83
   589.04    637.01    504.03
   498.73    452.28    705.05
   501.46    553.51    370.26
   364.03    499.77   1055.10
   396.70    667.13    624.63
   561.60    511.66    805.26
   407.65    588.16    677.59
   473.00    526.01    755.11
   609.05    557.26    398.77
   809.34    609.12    206.79
   682.75    585.61    484.26
   218.72    665.83    690.00
   336.99    439.48   1180.12
   389.70    698.53    387.66
   410.18    603.38    712.15
   530.63    598.65    467.79
   289.81    632.19    857.61
   394.32    607.31    770.79
   713.16    476.57    386.93
   393.96    673.47    514.79
   821.53    543.48    380.01
   594.24    558.91    434.65
   839.16    448.52    462.30
   768.98    633.40    411.89
   518.82    621.89    263.91
   391.60    560.46    759.37
   579.45    659.29    622.79
   697.01    521.11    302.25
   499.46    578.47    631.42
   635.14    582.15    428.36
   259.78    518.70   1293.34
   763.31    679.89    460.96
   746.72    574.61    417.39
   838.54    484.98    611.23
   672.37    700.15    473.67
   302.01    612.69   1047.02
   315.35    504.52   1031.81
   651.06    528.44   1007.08
   554.87    554.27    459.62
   346.80    580.59    848.32
   610.97    571.68    475.12
   727.42    634.26    361.89
   491.88    607.17    526.82
   953.19    397.45    273.15
   716.39    525.50    274.80
   556.92    585.47    397.89
   903.18    591.05    493.26
   514.63    665.64    409.77
   375.17    659.20    986.47
   641.70    502.69   1075.38
   547.22    636.28    375.02
   475.04    638.01    599.22
   555.44    583.96    453.07
   818.50    529.85    457.28
   537.38    435.27   1111.01
   564.07    654.05    193.30
   577.85    524.93    796.76
   360.20    670.92    859.62
   418.37    589.08   1055.80
   338.98    696.64    506.17
   283.98    559.98    996.16
   699.60    595.11    461.93
   542.62    624.20    272.30
   717.71    599.24    370.12
   594.59    621.39    473.40
   746.51    479.57    398.61
   388.79    552.72    822.55
   610.21    640.84    285.73
   440.24    643.96    479.03
   602.18    639.46    442.70
   574.05    600.25    495.55
   638.88    667.81    498.07
   614.49    589.64    487.89
   474.56    652.17    409.61
   625.62    648.65    804.22
   626.43    560.98    392.07
   383.54    485.84    912.13
   557.30    478.27    581.97
   589.81    516.83    598.18
   657.35    517.56    423.86
   403.61    736.96    544.95
   426.02    417.51   1119.68
   411.46    678.90    543.66
   532.27    541.06    377.80
   378.39    512.24    981.71
   499.63    531.79    455.68
   325.40    614.93    630.09
   362.97    733.08    714.13
   283.76    630.69    738.58
   803.54    455.92    218.52
   386.48    698.25    512.52
   546.86    602.53    555.18
   457.61    544.10    672.31
   795.78    639.55    284.38
   631.28    557.23    356.82
   638.43    658.76    505.48
   559.37    524.66    452.50
   774.03    463.30    373.77
   232.13    476.49   1187.21
   427.40    646.22    416.56
   589.61    581.20    421.55
   570.85    609.03    476.40
   491.51    606.91    773.68
   334.52    677.96    764.20
   405.17    571.81    784.16
   372.02    707.96    458.04
   814.25    473.96    205.84
   662.73    495.52    625.84
   608.16    552.33    534.38
   537.70    703.10    424.29
   672.64    549.26    486.92
   679.97    612.45    397.06
   862.97    525.68    415.50
   409.33    590.46    407.23
  1033.05    572.56    246.58
   275.67    561.94   1074.39
   666.11    535.84    271.97
   502.44    526.81    721.56
   399.44    619.03    477.85
   491.13    547.53    587.83
   839.63    533.17    286.54
   759.11    496.04    655.07
   379.46    541.79    771.10
   487.01    506.37    692.94
   322.51    568.79   1000.71
   878.22    597.50    590.61
   372.14    657.41    448.31
   574.78    527.02    435.04
   456.72    698.20    634.56
   459.78    589.90    614.71
   367.31    577.07    692.39
   653.54    497.77    337.06
   335.89    701.70    566.92
   524.51    575.06    566.10
   734.91    555.22    603.99
   407.61    704.20    786.32
   793.68    643.24    418.98
   677.44    551.95    316.69
   589.53    607.79    431.00
   249.99    750.83    545.06
   568.26    555.60    492.33
   573.14    622.57    351.88
   471.07    578.30    803.23
   474.80    614.81    695.71
   521.96    653.74    709.75
   888.05    561.22    249.08
   731.02    581.19    400.41
   607.65    631.15    432.71
   756.42    498.91    608.14
   843.73    486.01    198.91
   411.45    568.79    818.82
   334.13    680.36    674.74
   488.53    502.41   1217.54
   488.35    633.88    441.99
   519.55    607.42    528.62
   625.49    574.76    278.13
   378.39    567.06    853.39
   719.86    552.35    458.45
   694.57    433.70    750.85
   533.13    614.49    402.06
   715.21    573.53    415.79
   552.83    596.50    490.89
   760.48    619.68    376.04
   405.51    668.65    601.79
   379.91    679.62    540.60
   372.65    719.53    780.74
   748.03    538.31    268.93
   691.68    512.95    450.95
   729.82    499.01    288.59
    64.68    556.17   1620.07
   698.84    585.31    480.80
   586.29    604.61    443.04
   731.80    523.97    446.15
   693.53    565.48    276.47
   560.98    528.56    912.01
   539.09    525.35    529.72
   372.87    703.43   1053.75
   518.89    580.42    502.60
   218.81    765.75    926.54
   815.47    536.36    501.53
   333.81    630.65    853.07
   550.07    598.12    632.63
   876.93    541.74    404.73
   515.83    711.22    386.65
   763.47    565.93    331.84
   475.77    668.22    465.46
   412.19    468.26   1355.47
   530.09    450.12    433.52
   308.49    689.52    491.71
   519.50    581.71    648.72
   326.49    600.36    604.50
   603.10    600.91    582.08
   602.23    502.70    445.67
   583.47    677.18    503.84
   818.09    428.28    255.93
   740.99    526.63    433.33
   782.29    552.42    502.35
   396.22    546.08    473.64
   483.43    629.67    583.92
   524.24    624.82    509.59
   425.94    762.93    580.80
   519.94    639.40    577.68
   466.71    703.46    448.79
   771.15    560.66    399.04
   727.01    583.32    300.76
   597.66    510.03    421.80
   329.45    753.40   1052.39
   747.16    510.64    374.05
   414.60    655.07    520.62
   611.98    589.43    484.59
   460.64    556.38   1027.09
   380.01    579.39    877.41
   495.84    592.43    639.71
   522.35    631.47    463.98
   237.63    624.33    981.13
   680.63    623.36    484.17
   512.65    686.81    319.24
   384.20    600.08    586.67
  1063.45    518.82    401.18
   333.21    701.84    826.55
   259.98    714.55    759.62
   436.60    683.53    570.18
   644.95    444.15    754.57
    87.34    555.90   1560.33
   661.66    553.23    795.56
   444.02    489.95   1175.63
   478.26    603.62    623.66
   435.59    677.12    661.76
   615.79    496.83    284.50
   667.38    468.36    395.78
   607.09    474.98    468.77
   781.12    512.50    482.38
   435.49    438.95   1634.92
   327.14    748.15    733.92
   817.48    598.54    328.31
   315.46    743.13    604.33
   613.67    504.46    761.00
   867.47    530.46    293.81
   723.81    526.83    169.28
   739.20    571.45    241.02
   398.90    493.65    710.32
   339.70    596.46   1181.16
   643.77    554.63    223.01
   508.40    393.93   1106.67
   809.99    486.01    250.42
   773.78    519.46    340.03
   504.47    643.19    540.52
   676.36    532.60    668.30
   540.27    620.12    738.26
   616.24    656.20    584.51
   372.70    691.56    514.13
   542.88    526.50    505.89
   792.07    512.60    428.11
   666.96    554.70    450.66
   466.72    583.28    373.06
   225.16    834.86    536.48
   282.16    561.58    828.90
  1126.19    601.39    377.28
   348.41    588.71    885.46
   605.80    592.18    301.93
   405.60    692.30    613.82
   674.68    466.93    396.11
   273.87    714.40    818.53
   421.33    537.14    822.41
   725.23    457.56    406.48
   665.01    744.85    455.40
   494.14    619.85    587.07
   625.87    600.69    291.81
   274.36    610.52   1078.98
   479.69    716.25    440.70
   794.93    540.37    248.28
   589.40    521.19    210.77
   793.73    555.36    910.26
   444.61    653.26    562.55
   611.05    637.98    466.54
   668.90    533.85    424.73
   408.52    599.35    652.49
   441.79    658.27    334.75
   363.40    444.90    980.40
   764.95    469.47    262.73
   611.13    595.34    339.58
   377.67    532.89    670.22
   640.48    576.84    511.04
   675.33    477.32    486.94
   527.45    572.50    598.16
   881.24    494.73    190.05
   600.24    628.86    393.10
   400.31    626.12    489.28
   522.02    651.70    587.39
   596.52    648.21    563.02
   709.30    405.95    814.67
   667.72    547.98    643.13
   709.39    549.49    357.39
   476.22    632.77    362.41
   605.39    536.01    409.95
   585.11    552.82    547.33
   217.24    569.14   1119.26
   440.39    609.26    702.24
   500.58    625.09    481.89
   658.85    506.09    349.64
   332.70    612.46    736.20
   563.81    559.03    858.90
   654.72    651.28    500.98
   534.17    593.03    426.45
   624.26    511.40    766.68
   729.23    533.00    566.75
   630.66    555.03    500.02
   645.86    635.01    557.78
   847.90    483.09    316.76
   406.73    644.72    552.47
   657.04    610.06    477.28
   416.99    626.05    754.03
   409.41    594.01    688.41
   451.36    588.61    456.16
   333.06    700.13    812.24
   477.40    581.64    934.59
   546.38    474.86    785.08
   671.34    587.30    398.77
   673.99    531.25    539.15
   440.99    566.75    942.97
   298.36    695.35    454.87
   739.03    592.60    377.11
   444.85    529.08    412.10
   484.08    688.13    790.63
   770.23    561.77    382.19
   819.17    480.36    226.34
   700.26    553.89    323.95
   681.95    601.64    289.64
   244.07    661.15    929.21
   508.78    488.23    527.64
   828.74    490.35    450.02
   637.68    633.49    430.00
   831.26    642.51    307.17
   423.50    511.66    466.53
   528.38    526.86    488.52
   614.24    574.94    273.96
   420.99    607.22    727.89
   415.81    692.58    528.79
   257.38    679.89   1261.84
   430.76    693.18    623.64
   712.43    522.36    261.46
   561.49    549.66    415.31
   622.62    656.31    519.63
   388.87    484.10   1037.83
   535.19    512.11    726.30
   742.84    493.41    425.81
   590.40    505.52    587.66
   331.49    658.39    496.08
   484.60    623.56    523.20
   502.44    587.16    533.91
   443.94    709.20    559.88
   489.75    591.82    228.49
   340.15    720.87    623.86
   424.86    693.08    635.74
   553.51    657.23    546.74
   768.92    524.40    436.09
   542.51    643.37    551.54
   378.83    687.74    520.53
   428.97    729.54    466.72
   716.38    562.31    258.62
   604.14    555.85    693.93
   717.57    522.82    515.31
   720.79    507.09    369.50
   515.78    526.34    649.96
   291.12    605.22    995.86
   428.77    664.49    545.56
   836.64    459.89    477.75
   684.79    625.41    649.79
   398.16    535.55    621.05
   528.68    654.22    593.58
   557.65    633.48    497.75
   597.27    549.00    776.08
   509.48    528.08    515.60
   604.57    615.12    366.86
   816.69    500.30    198.43
   414.11    566.02    536.57
   580.09    591.52    550.23
   693.21    573.27    314.47
   808.51    551.13    552.90
   561.41    561.91    628.52
   624.50    629.52    470.55
   507.94    512.80    499.52
   636.20    568.05    546.90
   529.53    730.31    644.79
   247.97    566.49    981.53
   523.80    574.30    768.38
   734.62    448.98    377.07
   347.09    705.17    847.26
   349.81    657.72    731.74
   107.05    686.58    833.06
   348.01    706.79    863.36
   512.00    549.62    549.73
   336.81    633.13    663.17
   709.96    578.89    350.31
   346.36    689.38    585.59
   457.48    500.08    496.65
   718.00    547.93    498.72
   450.18    678.28    389.69
   768.88    522.42    566.24
   579.45    565.48    617.61
   311.78    566.36    965.90
   177.27    841.95    492.29
   248.69    668.39    542.31
   516.27    634.47    831.76
   724.77    598.08    302.46
   668.37    592.86    476.97
   513.88    671.54    579.87
   411.16    673.21    697.36
   597.71    611.70    423.18
   377.09    634.07    550.60
   275.78    594.14    767.19
   441.96    691.50    476.27
   728.28    531.43    317.61
   659.16    538.53    392.68
   631.89    585.38    587.23
   676.81    628.39    411.03
   380.37    636.89    382.76
   448.78    600.64    707.72
   301.42    471.26   1386.53
   698.58    598.91    365.48
   435.63    581.88    501.49
   634.18    382.01    362.61
   642.29    532.80    389.72
   498.96    600.21    575.42
   286.75    672.31    663.35
   567.25    541.99    432.50
   918.37    447.62    334.32
   345.57    546.15    851.77
   331.91    622.84    789.44
   369.77    508.52   1205.08
   505.12    617.22    508.36
   542.15    653.61    786.93
   192.88    625.22   1353.14
   658.34    380.88    967.59
   565.92    488.58    569.18
   215.93    494.19   1288.49
   410.31    574.74    438.51
   483.26    455.72   1028.15
   623.25    567.61    392.62
   475.07    697.93    451.33
   367.72    512.73    864.17
   583.24    662.03    364.89
   844.91    545.65    614.30
   482.75    662.30    553.85
   537.10    583.83    625.26
   278.05    522.00   1080.88
   674.44    530.83    527.95
   487.54    586.55    505.89
   500.94    464.06    741.30
   387.07    656.12    412.62
   559.95    510.27    896.77
   545.84    662.87    495.00
   403.15    596.58    411.37
   689.10    539.75    500.41
   472.65    691.39    586.18
   364.45    624.33    590.94
   649.40    626.22    436.80
   673.92    531.65    401.84
   469.76    628.25    559.82
   426.00    615.19    910.55
   435.48    620.88    673.83
   453.74    542.50    779.78
   404.05    589.82    522.81
   444.28    572.90    561.84
   657.26    536.81    439.09
   436.84    580.10    680.29
   661.74    617.62    584.34
   414.55    616.30    867.99
   686.76    597.96    439.12
   498.66    538.45    680.73
   643.49    553.94    455.77
   375.95    637.20    419.28
   760.76    557.44    248.14
   382.15    759.57    655.79
   446.09    631.73    599.82
   250.38    711.80    935.38
   529.58    673.00    378.61
   413.81    782.47    761.30
   596.90    512.68    432.27
   644.97    501.71    623.96
   534.52    582.53    553.25
   570.73    701.34    345.47
   492.29    684.98    481.02
   444.83    717.62    912.18
   652.72    475.81    366.35
   610.34    589.06    718.92
   310.39    500.26   1374.66
   442.52    653.76    440.39
   385.95    705.66    761.67
   546.97    646.64    530.72
   601.59    607.85    618.10
   299.81    760.28    891.61
   453.02    546.91    503.80
   277.60    664.07    761.22
   478.28    633.90    632.83
   661.52    599.12    485.61
   652.83    542.65    423.94
   779.21    561.59    184.41
   540.66    536.15    642.62
   565.94    595.58    733.41
   552.03    693.48    585.66
   605.01    521.72    532.41
   671.80    372.58   1179.47
   707.98    579.33    301.75
   324.56    575.68    788.22
   395.47    564.37   1155.04
   580.87    620.30    380.16
   616.21    610.72    516.65
   738.03    484.56    436.55
   809.30    471.88    470.75
   463.93    575.49    718.68
   745.62    541.29    352.16
   481.73    651.32    484.88
   451.32    554.51    839.29
   346.95    590.16    506.29
   629.16    614.35    670.25
   266.16    589.89   1098.03
   621.85    549.99    440.13
   458.10    565.28    671.61
   352.93    706.16    606.64
   464.14    521.33    470.59
   578.96    618.07    251.93
   402.77    629.80    582.84
   614.31    602.37    533.73
   383.93    663.18    641.41
   458.65    669.62    626.32
   749.98    443.67    616.82
   648.04    463.11    516.02
   405.97    711.00    432.98
   815.14    541.38    391.00
   569.51    625.39    485.34
   574.05    521.13    665.06
   365.97    620.06    558.07
   502.28    607.96    448.21
   448.09    603.96    430.17
   546.09    723.01    391.67
   719.02    594.02    426.12
   378.32    640.46    673.31
   735.99    543.70    348.35
   541.24    632.89    411.58
   580.03    490.55    513.88
   719.38    547.06    566.66
   674.22    670.16    625.18
   288.78    442.42   1735.38
   556.18    474.71    780.07
   392.42    484.70   1191.82
   501.17    594.13    660.69
   451.52    584.18    870.26
   336.23    579.65    636.20
   445.87    587.05    609.54
   699.04    620.00    401.86
   884.28    590.73    250.47
   622.76    560.63    337.90
   513.17    559.57    824.18
   623.28    571.96    356.26
   469.84    622.71    561.62
   487.96    555.92    823.22
   613.38    583.41    367.91
   349.15    297.38   2097.31
   457.92    652.59    351.52
   473.08    566.73    765.47
   288.97    553.62   1278.43
   476.02    583.72    731.66
  1009.06    409.79    326.35
   308.05    653.77    847.75
   734.03    502.94    307.80
   719.76    588.91    427.75
   555.54    662.96    438.26
   874.90    479.23    354.14
   705.94    455.27    402.64
   642.25    610.85    570.27
   621.75    626.31    359.35
   664.14    512.63    685.54
   471.98    620.77    727.05
   452.31    625.41    520.55
   574.56    609.59    411.55
   424.35    456.81    845.64
   302.36    598.08    749.74
   672.57    582.64    410.94
   701.07    516.17    397.32
   383.30    656.93    604.42
   691.01    552.08    466.15
   385.12    633.22    511.82
   600.79    595.75    710.06
   740.57    476.49    584.55
   376.28    664.97    736.14
   455.82    578.99    745.41
   515.79    644.48    328.56
   660.90    611.40    329.64
   592.74    455.48    344.58
   606.07    523.49    900.89
   578.02    588.58    681.89
   610.71    592.87    465.77
   249.23    629.18    778.02
   651.83    507.38    352.84
   390.79    483.69    901.51
   340.62    532.11    850.45
   484.99    641.46    688.84
   716.64    542.18    701.57
   736.18    593.70    498.16
   485.28    629.85    520.95
   474.19    683.41    523.56
   359.72    644.12    367.16
   180.01    556.06   1212.41
   504.38    562.25    272.59
   438.03    623.46    441.97
   560.73    679.47    452.98
   676.06    643.69    213.49
   563.67    605.91    455.68
   528.25    594.19    810.56
   444.72    599.63    641.47
   627.19    525.07    329.86
   602.28    506.75    482.44
   617.14    581.53    696.26
   835.13    555.94    404.71
   438.15    532.28    625.95
   575.44    560.39    439.48
   684.81    651.22    578.40
   530.17    450.75    984.51
   406.54    646.90    543.13
   589.20    579.15    452.18
   203.55    611.73   1295.30
   529.55    627.95    742.84
   532.82    600.02    664.23
   435.22    633.39    508.00
   537.24    579.36    396.12
   581.07    565.15    546.35
   549.57    572.58    472.68
   468.80    700.59    572.81
   594.80    660.17    514.46
   644.50    611.58    506.37
   543.34    560.31    828.45
   305.32    569.55    981.74
   505.77    541.02    582.57
   706.70    574.20    389.76
   371.58    605.20    643.98
   472.04    779.44    420.28
   623.79    502.55    217.01
   510.44    590.28    333.50
   534.21    630.13    569.56
   308.48    789.74    861.49
   440.81    621.10    469.35
   428.00    623.07    671.23
   505.79    617.49    544.36
   757.30    583.93    353.99
   575.20    538.23    513.32
   513.29    589.30    937.78
   744.19    553.19    336.44
   480.70    630.27    421.70
   720.16    553.59    460.76
   345.49    667.58    761.22
   702.48    479.13    408.36
   591.39    621.29    563.06
   621.03    495.45    413.03
   443.86    684.26    788.89
   350.65    580.72    823.57
   381.72    532.74    853.37
   527.24    574.02   1084.72
   584.83    549.53    681.44
   517.26    507.46    828.79
   656.17    463.90    931.32
   622.86    507.35    768.15
   643.01    489.60    916.64
   457.61    622.00    720.56
   239.44    382.48   1790.09
   442.77    691.12    787.71
   567.68    651.50    675.94
   322.43    751.35    760.44
   316.06    598.91    804.19
   353.22    681.94    603.53
   615.14    588.60    368.58
   454.49    654.63   1001.08
   262.53    709.93    884.72
   499.18    628.14    458.97
   387.28    626.73   1064.74
   277.52    597.32    650.53
   813.71    494.50    356.08
   549.78    564.04    409.87
   665.61    552.19    408.19
   538.34    546.41    515.72
   628.16    514.27    558.45
   600.55    559.23    491.24
   354.85    715.06    532.65
   725.57    522.88    739.55
   243.16    556.27   1112.46
   645.02    663.80    518.41
   557.12    638.11    501.75
   760.20    516.58    534.17
   320.26    745.41   1045.94
   506.85    545.43    431.49
   608.72    525.19    790.21
   518.12    578.21    654.27
   737.99    467.01    443.57
   361.31    536.61   1037.63
   652.52    660.62    540.55
   444.33    529.78    827.07
   319.46    526.62   1048.52
   688.70    575.73    560.16
   529.44    590.02    619.62
   853.96    563.45    282.27
   434.02    629.63    775.20
   430.92    624.86    736.96
   558.97    652.19    656.38
   675.46    556.31    373.16
   606.56    589.81    496.50
   367.42    630.73    811.96
   565.74    517.17    507.31
   521.84    517.40    531.35
   447.00    656.65    395.09
   593.67    550.24    362.85
   640.37    566.90    347.01
   625.75    492.74    832.14
   581.43    562.88    566.59
   520.43    613.75    397.99
   691.54    694.12    313.69
   426.78    461.00   1423.53
   311.50    661.31    797.18
   385.82    680.13    529.66
   635.95    570.94    236.56
   374.34    750.98    549.81
   829.09    502.45    442.78
   339.85    575.67    605.52
   282.16    364.03   1893.89
   316.90    655.04    832.04
   389.39    597.54    773.58
   307.08    690.14    459.25
   459.69    684.58    583.02
   545.75    543.34    777.44
   683.19    620.57    539.99
   388.82    659.25    499.23
   919.89    528.47    430.17
   488.52    621.97    399.82
   727.00    574.91    431.27
   302.12    584.71    807.50
   927.79    433.56    163.90
   229.68    692.19    493.32
   926.08    537.90    339.91
   718.12    629.77    290.36
   516.96    628.59    501.85
   686.45    538.21    293.90
   532.03    485.02    319.28
   730.43    497.68    659.57
   688.70    590.85    477.82
   817.15    485.09    685.74
   385.96    617.27    666.52
   707.73    598.25    381.70
   389.23    726.98    368.58
   380.79    635.87    693.19
   506.91    639.65    432.66
   437.84    624.19    543.67
   477.71    381.10   1393.01
   467.98    657.48    866.59
   476.47    694.72    588.83
   689.21    627.62    406.43
   352.47    666.00    606.33
   724.30    561.74    557.39
   649.72    575.03    469.37
   516.28    699.52    784.54
   817.64    463.12    371.22
   547.05    580.55    715.75
   473.40    631.09    639.60
   540.04    605.92    587.00
   395.31    627.65    442.02
   691.03    523.86    494.49
   317.32    678.21    760.26
   473.88    586.16    965.53
   434.09    616.94    486.08
   747.51    522.43    469.07
   445.04    585.86    623.12
   232.75    653.72    619.98
   352.76    629.11    529.34
   415.37    447.42   1288.76
   626.24    579.07    187.75
   206.19    594.65   1182.99
   876.67    481.82    363.60
   567.84    675.39    378.90
   643.23    558.08    436.96
   497.70    560.67    541.82
   718.48    564.73    566.08
   139.93    653.08   1118.96
   742.65    534.89    326.73
   565.35    659.55    345.75
   286.12    472.30   1381.03
   633.73    517.27    409.30
   542.74    491.24    597.96
   501.22    623.86    596.71
   580.20    600.91    599.46
   752.60    506.83    600.17
   486.49    620.28    462.27
   362.76    680.99    514.65
   669.79    562.66    314.04
   382.55    470.74   1008.10
   771.42    503.60    404.66
   357.16    613.78    551.07
   642.09    491.44    590.17
   438.38    640.78    639.73
   340.80    652.47    912.99
   739.27    486.44    800.61
   549.21    695.40    606.71
   649.69    586.05    352.80
   277.53    544.19   1182.65
   604.69    521.93    397.59
   902.26    593.01    660.22
   539.22    603.67    540.70
   792.15    460.52    393.26
   652.83    520.57    405.00
   500.01    515.81   1014.18
   189.47    710.31    939.82
   860.02    508.24    369.56
   452.27    717.10    285.58
   652.60    524.04    274.57
   566.47    527.29    387.77
   719.13    536.57    762.09
   455.01    538.34    970.24
   484.25    661.24    547.63
   582.66    539.80    230.50
   637.44    617.46    361.85
   801.56    442.84    474.25
   602.71    570.82    415.37
   532.21    655.63    496.19
   567.53    551.59    291.72
   470.83    486.72   1070.66
   857.24    534.29    265.75
   559.00    582.47    857.04
   685.23    640.36    390.48
   491.77    674.25    482.34
   572.61    634.62    487.78
   515.62    517.04    581.07
   261.40    423.63   1481.92
   834.21    511.91    327.93
   577.46    656.70    397.70
   866.73    448.53    539.82
   683.90    756.89    455.50
   809.55    571.26    528.88
   632.56    572.06    420.79
   465.08    608.46    701.99
   624.15    578.35    543.62
   738.40    496.14    344.29
   579.61    662.29    829.39
   580.54    636.76    549.66
   411.79    546.52    491.47
   526.99    478.52    463.97
   354.52    628.61    625.86
   572.74    621.67    484.23
   741.73    593.46    424.17
   418.36    459.66   1176.37
   709.36    510.08    397.61
   614.61    609.46    336.63
   472.03    583.71    627.49
   462.17    583.51    748.94
   562.01    574.30    526.12
   415.17    611.49    516.71
   718.69    617.20    538.53
   605.92    555.08    434.76
   613.61    647.28    518.37
   386.92    608.27    869.95
   327.02    599.65   1162.23
   368.44    677.51    635.41
   560.68    680.33    356.04
   460.48    593.89    638.59
   598.84    591.72    294.53
   535.16    582.35    879.05
   552.30    710.69    233.09
   431.71    589.34    409.60
   493.80    646.72    812.49
   629.89    638.49    861.94
   235.20    657.43    577.51
   734.68    473.69    290.34
   247.67    619.65   1276.83
   534.14    544.07    675.04
   506.19    602.32    376.31
   807.87    510.62    429.97
   633.01    638.60    803.75
   768.23    568.42    515.00
   417.71    444.48   1327.43
   430.17    624.48    527.73
   623.02    523.30    660.58
   259.40    691.67    845.42
   492.25    515.26    551.02
   306.72    691.38    994.57
   865.24    480.52    241.32
   679.08    499.09    456.79
   637.92    594.55    586.56
   423.59    623.89    807.33
   612.14    462.26    992.22
   464.85    669.19    862.66
   625.55    612.27    322.40
   526.15    657.31    275.46
   135.32    733.39    762.13
   637.30    514.00    597.25
   372.23    649.71    738.51
   636.06    656.32    427.10
   589.68    534.52    394.71
   133.05    621.33   1058.35
   626.28    524.33    469.79
   687.62    535.34    440.66
   607.36    598.56    469.88
   298.59    588.47    867.43
   793.21    626.90    458.15
   591.06    645.60    307.75
   458.30    726.18    782.00
   485.87    555.02    794.43
   659.92    649.38    241.84
   647.76    511.11    539.52
   596.27    689.51    312.13
   452.04    721.28    395.95
   500.01    666.58    392.10
   247.52    504.67   1450.79
   733.08    505.51    455.26
   662.68    578.28    379.91
   735.19    379.37    857.96
   778.57    476.00    282.62
   218.98    716.50    743.17
   524.13    538.03    649.46
   639.57    639.99    391.38
   563.51    709.27    400.02
   511.60    642.83    492.85
   610.72    686.99    506.08
   754.73    522.52    279.81
   694.71    516.01    320.23
   555.47    520.19    573.04
   487.57    609.89    537.31
   502.94    617.23    287.51
   624.99    528.84    472.49
   404.95    649.57    487.97
   304.73    649.27    538.46
   250.07    662.72    745.30
   593.43    605.85    414.69
   332.86    530.79    765.36
   584.42    671.36    541.35
   366.17    619.08    847.77
   415.50    519.86    978.85
   316.34    686.23    636.21
   280.81    512.84    887.28
   431.00    543.46    820.68
   693.21    559.93    385.84
   766.47    487.47    621.10
   627.60    532.78    742.28
   403.08    705.08    639.17
   466.48    623.43    776.41
   593.21    629.27    380.93
   439.00    604.78    654.93
   324.92    596.62    711.25
   637.87    566.85    588.07
   326.90    728.37    632.41
   417.07    654.47    323.87
   627.44    512.52    487.06
   448.02    627.26    488.34
   520.69    523.83    576.82
   464.62    619.75    661.54
   513.77    603.31    550.47
   312.25    708.49    814.18
   459.16    743.04    672.18
   409.78    546.67   1532.74
   961.08    520.45    352.01
   109.05    770.27    897.32
   620.39    662.34    512.73
   702.08    529.26    285.39
   666.57    608.89    504.62
   393.22    470.62    856.54
   501.42    526.56    527.93
   504.99    667.08    967.43
   624.33    510.48    478.69
   748.63    467.10    644.52
   452.32    546.99    697.35
   261.42    737.25    686.36
   500.00    645.14    460.33
   319.25    659.99    839.99
   478.76    633.07    583.76
    86.52    550.59   2158.54
   264.08    552.43   1321.80
   801.68    478.82    304.89
   830.00    462.49    415.34
   680.35    580.75    505.25
   514.59    530.68   1105.54
   322.42    699.49    403.78
   624.11    574.39    523.51
   437.87    560.81    756.17
   372.74    612.99    832.45
   203.53    695.93    821.48
   425.04    531.35   1048.79
   608.87    604.22    476.80
   530.69    638.01    666.88
   772.11    492.46    487.86
   743.54    562.29    520.54
   373.61    711.22    484.55
   470.59    653.31    494.96
   535.91    554.54   1273.30
   684.51    568.81    404.93
   479.84    547.02    750.44
   574.16    618.82    497.20
   297.12    712.43    682.13
   507.47    751.65    384.74
   418.93    564.37    693.87
   620.06    620.91    561.85
   501.97    371.82   1166.87
   544.97    585.90    696.01
   725.73    482.91    477.60
   420.57    592.33    543.36
   675.03    557.03    408.68
   509.13    667.05    507.71
   368.41    641.17    700.24
   610.35    542.20    483.50
   397.48    623.64    674.22
   591.98    732.52    482.17
   691.06    586.44    315.59
   643.60    534.77    314.36
   625.67    505.18    646.69
   576.09    583.09    548.12
   694.16    576.68    612.02
   699.08    520.74    300.48
   848.20    564.37    518.89
   754.81    475.97    698.34
   595.48    552.24    610.54
   574.06    592.61    592.36
   705.61    564.71    468.89
   708.77    551.94    523.26
   657.70    520.74    293.67
   567.15    631.10    695.98
   470.17    587.50    523.97
   591.82    533.78    557.32
   715.39    587.78    608.25
   651.00    661.15    423.87
   683.20    541.35    541.30
   870.02    534.86    298.00
   455.16    584.74    724.99
   136.40    473.44   1734.05
   395.39    627.55    744.10
   439.95    625.76    543.02
   600.95    555.84    510.34
   704.70    553.56    416.50
   578.73    594.36    512.83
   685.95    557.74    566.48
   619.47    581.52    250.98
   773.50    448.03    271.99
   823.75    502.57    388.04
   329.51    447.81   1804.75
   397.62    480.06    785.61
   745.91    529.56    533.66
   425.06    550.83    568.52
   661.43    529.76    583.31
   540.11    570.68    633.09
   670.02    572.89    395.33
   456.78    490.77    749.14
   691.71    525.30    574.31
   545.97    442.05    582.26
   582.74    514.50    603.84
   487.29    526.78    322.75
   331.42    626.01    590.30
   414.70    740.14    673.82
   572.55    563.05    397.20
   367.96    670.96    523.30
   809.85    559.02    326.91
   447.64    667.56    401.13
   794.41    387.68    938.41
   430.69    674.05    469.26
   419.27    702.58    458.96
   448.97    633.46    531.77
   560.31    584.44    707.31
   537.70    514.94    357.30
   615.23    570.41    542.41
   526.37    480.31   1056.54
   568.56    478.15    741.28
   643.36    623.19    559.20
   826.66    551.57    280.45
   394.65    517.10    827.09
   804.56    550.09    346.49
   616.86    514.41    318.83
   564.43    622.08    339.76
   401.29    674.01    735.07
   481.92    721.85    587.13
   768.90    581.75    390.36
   709.96    546.33    507.49
   522.83    504.26    459.25
   376.47    615.28    792.64
   400.73    661.50    718.90
   385.47    512.13   1015.59
   764.26    547.37    401.88
   848.14    560.96    275.30
   545.38    666.82    561.26
   389.47    643.93    564.09
   314.78    617.30    595.81
   453.01    755.57    666.80
   870.39    505.96    291.75
   567.53    737.57    436.37
   785.99    624.99    324.73
   339.65    581.92   1003.81
   542.74    575.61    427.61
   353.07    754.71    485.42
   554.24    593.71    562.19
   650.82    579.86    510.73
   349.50    748.72    648.51
   500.11    415.98    716.55
   653.78    589.45    697.93
   427.64    565.24   1260.02
   724.89    591.38    292.36
   699.90    471.63    661.52
   312.55    533.73    705.59
   422.64    614.55    818.26
   552.63    536.78    597.07
   709.66    600.88    289.37
   436.80    608.15    696.58
   312.67    597.74   1003.38
   680.34    620.13    365.20
   696.85    617.93    289.03
   483.28    640.85    679.69
   500.04    662.01    677.74
   505.36    506.73   1058.48
   600.62    542.50    320.62
   668.55    543.46    444.38
   332.18    678.17    661.48
   377.20    638.71    600.50
   655.95    622.45    533.27
   461.36    635.81    288.82
   727.59    576.46    567.52
   527.55    597.46    554.35
   524.38    615.45   1034.02
   540.04    588.21    602.86
   764.91    498.32    625.83
   458.19    555.17    967.08
   734.37    576.66    592.44
   599.07    643.59    270.25
   473.66    594.94    444.88
   480.37    625.11    703.12
   714.15    486.93    511.65
   589.98    597.15    524.39
   642.27    531.53    492.42
   544.46    502.70    679.82
   600.29    629.89    333.80
   460.72    610.49    453.00
   667.23    479.06    460.80
   550.79    565.12    634.37
   527.54    611.54    452.28
   605.31    619.82    235.89
   581.26    626.70    741.22
   645.74    608.97    299.01
   920.04    496.86    252.01
   423.97    692.26    476.53
   292.69    648.89    688.98
   596.07    561.98    425.65
   819.38    477.36    284.37
   782.26    508.39    501.88
   579.11    591.03    820.46
   565.85    548.64    484.36
   670.33    527.23    684.86
   507.19    525.77    959.16
   212.02    703.90    552.25
   365.64    616.78    564.09
   471.72    750.62    427.03
   413.23    619.60    916.10
   558.70    604.04    462.85
   765.96    441.03    586.28
   422.46    617.81    520.32
   678.78    605.85    582.00
   558.37    565.02    791.58
   494.27    653.13    455.02
   224.77    515.00   1342.79
   573.39    540.62    665.92
   481.14    677.88    511.76
   605.64    561.65    767.85
   775.49    637.79    470.43
   317.82    568.00   1312.18
   710.67    526.26    323.07
   410.34    648.90    381.98
   281.20    720.20    677.60
   522.80    489.05    592.77
   325.57    720.51    928.30
   358.16    607.00    879.60
   376.90    455.22   1067.50
   712.57    565.13    386.28
   580.40    587.17    489.33
   461.11    581.03    642.37
   492.87    619.66    625.58
   704.61    627.22    260.98
   527.56    603.26    343.68
   583.93    587.60    257.74
   378.94    459.42    565.60
   714.32    532.50    345.44
   603.71    629.05    499.47
   582.74    631.14    383.86
   660.07    496.28    355.15
   384.10    488.69   1298.61
   388.54    644.51    509.93
   439.20    733.81    474.20
   652.11    574.86    502.18
   777.63    515.08    351.05
   672.92    582.81    494.59
   777.22    499.55    885.20
   709.68    573.51    319.31
   484.09    571.60    723.14
   490.51    631.30    586.74
   725.52    537.23    385.95
   441.06    692.87    532.65
   219.02    656.44    840.93
   244.86    688.08    906.52
   621.44    615.50    264.75
   598.55    535.93    550.86
   761.91    519.41    478.02
   839.14    460.74    607.43
   438.04    669.46    659.16
   600.66    674.75    479.04
   526.32    639.80    528.67
   537.49    630.20    275.58
   425.33    657.84    810.32
   769.69    558.48    324.38
   572.95    657.24    352.94
   492.03    648.27    491.66
   628.90    593.32    783.20
   205.88    571.07    759.78
   540.63    521.05    582.79
   654.50    611.77    291.55
   551.85    579.94    465.35
   300.17    709.11    596.17
   733.58    498.09    484.94
   402.79    514.71    960.37
   708.32    534.12    301.81
   559.68    634.34    483.09
   494.70    564.69    664.40
   541.56    508.82    434.57
   533.96    611.98    685.20
   520.61    532.92    496.36
   809.81    606.56    438.38
   400.91    595.85    591.77
   665.44    565.61    693.34
   567.00    623.05    982.14
   483.20    646.69    445.25
   357.56    692.86    523.16
   575.42    550.29    409.45
   274.10    647.12    776.86
   712.95    589.05    142.08
   589.68    634.36    338.30
   663.99    515.48    421.39
   985.20    418.42    286.70
   460.65    652.68    681.32
   353.75    553.94    298.11
   627.14    589.34    300.24
   908.10    431.46    348.04
   665.76    474.64    612.87
   295.58    632.76   1235.61
   320.66    638.64    550.95
   795.64    585.91    385.69
   639.74    542.62    448.79
   676.26    600.21    361.79
   709.44    554.28    563.54
   380.02    680.83    536.94
   637.60    731.33    629.01
   566.76    639.44    405.18
   340.31    633.55    650.59
   761.13    573.88    260.92
   216.14    707.78   1259.46
   724.00    386.93    718.87
   771.13    622.09    457.93
   563.81    489.73    672.68
   520.38    592.11    663.21
   548.49    504.19    722.62
   660.47    557.22    491.87
   428.37    643.11    507.78
   672.96    565.66    595.26
   359.38    686.07    533.74
   716.40    509.49    483.71
   528.30    578.89    427.08
   862.49    509.17    399.36
   502.52    600.38    733.25
   650.46    641.23    438.85
   705.31    534.40    493.84
   824.73    515.28    308.39
   407.64    570.03    662.71
   425.84    608.32    613.63
   454.47    563.20    664.01
   571.99    588.21    563.94
   551.55    720.62    382.73
   590.31    722.76    462.47
   541.38    719.41    438.43
   144.82    143.98   2893.05
   459.27    538.78    713.56
   495.30    609.91    290.55
   715.50    482.92    339.06
   409.81    595.72    617.82
   732.97    523.59    498.76
   467.09    588.40    551.40
   835.49    494.76    239.56
   567.21    625.22    633.78
   582.06    574.45    531.54
   656.13    493.19    582.92
   560.34    489.42    554.54
   426.75    656.62    857.46
   399.51    817.64    670.30
   507.96    487.81    530.47
   362.03    576.71    594.05
   446.39    641.31    482.86
   433.62    643.77    563.15
   544.11    586.44   1038.40
   673.92    696.30    322.79
   511.23    686.66    553.48
   588.50    547.90    530.92
   627.41    450.46    474.61
   768.45    523.62    433.44
   303.69    603.14   1348.47
   328.34    685.96    793.39
   537.28    673.46    638.37
   401.77    666.47    605.01
   253.31    708.78    834.85
   452.57    689.29    639.07
   806.88    610.47    425.67
   698.15    538.85    655.37
   835.33    558.03    376.44
   457.98    605.36    493.37
   443.59    468.01    801.60
   652.56    592.16    547.54
   715.18    508.75    548.41
   707.07    673.90    417.58
   475.79    530.44   1273.45
   603.65    577.80    364.65
   549.54    597.19    512.30
   904.68    566.41    413.97
   732.79    542.45    359.08
   612.05    648.43    618.96
   666.63    606.61    680.93
   415.80    684.22    612.24
   437.68    604.97    488.15
   347.86    609.97    808.09
   504.92    693.11    596.91
   741.67    571.50    360.59
   586.86    693.06    739.36
   799.23    669.20    315.40
   443.37    642.51    679.94
   651.07    597.26    542.90
   531.76    510.92    864.47
   338.99    435.50   1502.82
   438.16    664.19    462.37
   550.95    565.19    701.95
   317.02    684.77    665.55
   367.59    539.03    628.98
   539.05    666.39    642.84
   698.70    583.72    420.64
   803.25    545.86    336.14
   434.85    532.87    830.58
   302.59    665.20    844.97
   539.33    678.29    795.19
   275.40    676.60    574.79
   278.97    593.80   1382.98
   434.96    654.93    476.36
   119.11    584.90    943.13
   440.16    649.43    381.55
   806.21    404.10    293.19
   560.84    555.50    348.16
   791.47    526.92    325.96
   624.24    505.10    418.11
   534.80    598.80    445.75
   807.04    543.25    416.22
   797.49    539.30    276.90
   667.78    516.74    608.95
   427.95    557.66    662.92
   404.01    534.41    658.96
   422.97    650.65    575.28
   387.01    594.58    753.53
   790.99    543.85    567.03
   690.90    569.03    505.73
   194.10    688.32    850.21
   939.69    493.09    241.55
   543.97    614.44    373.72
   385.99    620.08    522.94
   561.12    502.32    629.77
   847.15    512.97    197.68
   532.57    544.76    501.92
   601.85    532.14    518.03
   687.31    511.33    400.85
   357.47    628.11    809.73
   913.90    452.72    419.31
   553.34    534.72    514.83
   419.95    583.32    625.54
   540.87    595.02    455.32
   688.01    500.82    230.39
   551.52    569.90    548.45
   534.31    696.53    391.01
   592.38    525.01    602.64
   363.99    674.48    732.62
   570.30    598.69    622.19
   336.44    666.39    635.53
   471.31    722.30    576.82
   624.92    629.98    357.50
   232.87    604.04   1177.43
   611.54    568.69    259.03
   687.33    605.86    551.46
   512.09    613.26    511.32
   308.78    603.63    747.36
   572.81    547.07    510.15
   525.10    557.11    338.08
   429.95    674.10    678.37
   488.91    625.15    352.12
   548.93    544.76    301.93
   276.72    744.46    868.50
   445.00    448.82   1445.13
   320.49    608.15    937.00
   377.73    613.95    737.04
   687.86    559.14    461.60
   487.62    649.36    554.49
   603.95    559.18    341.22
   385.85    677.01    713.42
   344.59    688.25    772.87
   758.58    600.67    225.44
   505.92    526.50    533.78
   547.34    700.02    524.24
   430.72    563.09   1145.77
   595.12    595.32    430.87
   775.66    556.55    393.00
   594.88    512.22    438.91
   700.54    556.23    493.27
   304.03    663.88    801.55
   750.64    643.96    471.42
   505.75    762.16    479.02
   266.38    466.63   1550.01
   583.02    567.62    512.19
   556.41    557.31    513.56
   748.35    515.73    439.16
   485.19    605.78    782.41
   682.16    626.04    472.20
   469.37    687.17    414.18
   734.07    519.74    262.70
   758.61    626.14    302.64
   884.24    527.71    492.33
   640.58    629.59    390.22
   818.01    615.49    517.99
   627.74    589.35    437.34
   395.72    730.78    615.79
   470.31    584.07    630.85
   658.43    601.85    422.53
   340.44    591.06    925.35
   437.96    714.30    802.86
   431.52    529.97   1126.79
   611.12    532.16    324.77
   715.15    673.85    287.16
   837.66    460.63    247.30
   204.80    695.69    810.07
   626.89    541.91    338.90
   395.81    611.21    494.31
   539.40    590.84    705.93
   657.30    478.81    273.79
   546.53    545.81    927.94
  1010.10    408.17    300.26
   511.85    639.50    491.94
   340.96    619.63    675.50
   341.20    611.71    361.03
   397.35    542.49    551.99
   385.74    638.62    806.05
   324.81    608.49    691.45
   265.42    628.54    846.89
   323.13    368.01   1717.92
   627.78    522.15    456.51
   739.12    510.53    392.40
   688.91    656.42    471.56
   102.26    744.09   1229.23
   478.98    656.38    458.58
   338.81    720.28    724.27
   726.50    396.32    631.33
   508.10    573.94    326.06
   682.01    521.98    546.79
   351.40    631.12    405.12
   362.66    566.56    899.84
   730.65    528.22    329.84
   570.91    608.52    835.86
   484.03    614.17    576.35
   552.19    483.42    628.55
   350.28    576.16   1115.14
   440.03    771.29    398.38
   746.18    486.70    468.93
   313.34    620.32    912.14
   602.00    608.61    605.49
   714.60    620.43    463.17
   647.23    620.48    417.81
   413.41    587.49    901.81
  1006.78    485.27    326.64
   876.70    567.44    476.57
   429.49    575.31    748.40
   530.01    583.11    692.25
   501.24    573.21    653.12
   952.30    537.32    391.35
   411.12    448.37   1400.93
   690.59    487.52    612.21
   549.27    578.47    614.05
   526.94    577.20    737.90
   470.54    643.99    612.82
   775.14    540.38    368.12
   244.12    645.99   1162.08
   423.18    663.36    488.23
   824.13    526.36    283.06
   546.05    577.32    433.85
   955.18    504.57    156.44
   627.38    514.28    345.34
   638.35    576.73    774.07
   323.77    586.30   1041.03
   686.51    560.53    356.88
   453.16    558.17    759.59
   245.66    654.97    709.58
   629.24    620.91    497.30
   753.63    497.49    274.95
   542.22    575.22    511.54
   429.79    568.29    678.88
   489.82    509.83    175.71
   453.86    596.74    462.28
   648.88    585.44    511.27
   543.92    673.65    350.67
   471.89    719.73    577.51
   806.44    580.76    261.26
   630.92    625.91    601.74
   728.90    507.44    376.00
   238.06    628.12    795.35
   585.61    503.30    341.14
   748.87    572.98    269.24
   368.61    667.35    652.65
   248.85    601.36    620.52
   480.51    646.35    394.37
   522.65    613.75    373.87
   503.66    689.41    567.45
   659.86    574.25    582.91
   580.31    571.38    483.21
   400.20    611.92    585.41
   507.66    529.41    634.76
   519.38    688.02    670.43
   509.70    583.83    694.61
   690.82    453.89    577.63
   821.86    535.67    202.85
   426.61    447.34   1033.80
   665.65    613.65    550.75
   650.87    587.02    645.20
   432.63    588.81    550.69
   513.26    593.12    615.61
   679.63    645.39    499.90
   857.82    454.70    382.47
   829.87    466.91    384.20
   809.32    426.18    281.66
   325.00    616.73    863.19
   654.13    551.02    383.75
   450.97    619.40    475.38
   805.64    460.56    493.98
   591.93    695.11    376.36
   881.06    570.04    882.34
   589.92    489.02    357.02
   728.20    535.44    458.63
   526.41    556.83    468.42
   636.56    644.11    381.99
   494.54    543.26    686.91
   484.22    623.44    397.61
   772.70    577.74    343.26
   559.19    535.46    520.58
   213.18    706.96    910.14
   429.55    539.56    570.73
   475.63    635.63    504.07
   420.60    553.99    730.27
   608.43    583.91    590.40
   349.85    627.26    914.63
   581.11    577.73    642.44
   179.37    612.84    762.49
   793.22    532.32    469.53
   752.01    467.26    373.45
   291.85    663.02   1169.81
   744.92    588.78    211.15
   553.03    641.65    462.18
   519.90    316.25   1149.13
   153.40    794.72    592.32
   379.10    699.62    855.03
   975.87    511.08    328.30
   650.25    570.84    278.33
   513.79    734.84    383.14
   303.24    386.65   1595.75
   646.34    551.81    351.59
   517.03    598.43    593.08
   605.50    639.42    471.58
   446.71    617.84    468.27
   676.12    634.23    841.19
   426.17    596.20    630.53
   468.26    561.33    461.58
   464.34    596.44    349.52
   277.97    337.12   1952.68
   633.79    503.24    639.50
   743.00    535.64    549.14
   430.41    630.57    612.58
   448.63    526.39    620.86
   508.13    423.83   1632.82
   647.93    578.30    413.29
   542.53    650.52    332.98
   203.20    681.88    690.24
   491.28    612.58    912.61
   497.70    519.18    771.92
   477.26    661.78    571.45
   303.59    571.83    637.87
   516.13    655.56    741.23
   684.97    613.84    373.86
   525.06    538.22    771.47
   168.15    642.48    574.43
   522.64    658.43    685.46
   404.08    675.10    661.83
   532.43    609.17    649.56
   380.78    546.72    420.11
   924.46    447.07    378.16
   562.80    698.94    470.13
   534.82    688.78    482.34
   571.23    520.99    454.41
   515.09    715.05    401.11
   245.12    517.26   1485.69
   762.25    454.80    218.19
   321.05    596.28    878.98
   543.30    599.60    887.23
   394.26    629.18    545.63
   655.89    607.13    520.11
   406.55    548.71    536.38
  1075.43    490.04    181.81
   423.34    578.80    644.26
   347.44    671.12    451.91
   715.06    526.22    504.05
   565.17    495.86    609.84
   598.23    630.28    532.41
   442.91    588.67    675.84
   502.89    590.73    568.41
   658.43    498.86    470.93
   214.46    424.74   1372.08
   474.31    417.22    945.77
   601.93    649.11    525.30
   729.91    547.63    454.27
   771.23    505.72    309.28
   542.13    533.36    523.69
   842.73    442.14    568.70
   492.31    515.23    570.08
   591.85    522.59    231.39
   508.50    524.54    558.01
   682.28    632.13    423.71
   624.61    571.04    771.49
   722.54    579.18    394.43
   726.32    579.11    472.24
   396.77    581.55    719.35
   902.86    463.72    190.09
   325.90    675.69    506.18
   706.71    566.87    383.01
   582.73    605.29    577.50
   944.66    513.79    347.35
   242.44    602.43    740.41
   705.94    552.12    400.30
   998.42    592.34    234.95
   573.39    656.31    446.66
   305.45    290.85   2052.22
   680.03    515.18    448.27
   631.01    639.79    434.18
   574.31    411.19   1001.20
   735.88    532.44    485.60
   508.34    577.67    639.39
   629.34    637.42    466.19
   931.68    512.90    401.83
   702.80    533.77    418.24
   620.59    507.80    507.22
   878.88    520.63    398.41
   552.47    562.68    394.19
   400.05    688.59    651.69
   596.72    526.70    581.32
    74.63    620.00   1444.06
   458.01    691.91    496.90
   476.29    598.16    777.69
   714.33    546.91    430.53
   281.04    722.05    697.68
   453.85    590.40    740.87
   211.27    566.77    729.65
   583.29    590.44    381.46
   228.00    712.65    683.00
   451.90    619.89    920.84
   645.19    750.40    412.02
   416.45    671.31    728.62
   775.34    517.77    366.50
   284.86    683.38   1001.17
   434.37    631.47    330.91
   138.78    754.04    982.94
   322.17    599.43    982.66
   809.91    485.89    436.65
   336.25    692.36    938.58
   474.91    690.54    301.74
   563.20    651.55    563.99
   572.14    556.68    494.40
   608.81    365.82    672.67
   675.78    605.51    418.32
   646.46    565.62    432.33
   673.95    485.81    572.82
   391.60    573.23    970.17
   614.79    552.81    521.46
   780.12    599.91    206.67
   667.89    569.51    401.05
   258.08    647.46    726.25
   659.58    521.93    563.30
   562.80    616.11    711.14
   971.74    471.52    292.16
   490.13    597.49    635.40
   547.87    636.56    654.40
   364.29    602.17    821.70
   493.42    667.95    876.22
   457.05    584.62    693.46
   499.39    512.72    566.51
   557.93    635.76    464.49
   538.47    659.64    758.10
   382.74    649.74    579.87
   708.81    743.32    364.31
   423.89    687.37    598.25
   508.16    651.48    666.94
   371.81    562.22    726.67
   245.61    601.15    664.08
   644.20    693.82    397.55
   302.86    374.54   1970.04
   849.06    471.24    510.92
   583.37    543.21    451.14
   878.43    484.93    342.11
   607.75    528.69    430.05
   869.96    636.71    347.80
   565.99    583.56    487.18
   797.48    525.48    317.93
   443.10    660.45    580.68
   673.07    517.37    376.48
   318.60    683.99    835.82
   351.81    612.37    502.00
   501.62    680.63    673.32
   449.53    589.28    711.76
   405.35    573.13    982.22
   708.55    487.18    575.51
   425.79    587.47    961.85
   605.98    712.60    238.72
   564.77    734.36    370.69
   601.94    582.51    559.09
   705.49    564.98    700.22
   523.95    563.04    519.07
   685.42    632.16    296.93
   609.96    542.17    624.51
   448.72    685.72    963.01
   398.53    563.74    359.69
   576.16    559.89    315.93
   434.13    514.11    800.96
   448.47    717.66    503.91
   334.10    646.91    664.70
   615.10    659.93    404.58
   292.24    651.94    346.66
   672.99    581.31    348.57
   314.25    571.56   1122.12
   486.66    565.94    603.82
   714.92    563.12    431.17
   395.91    685.96    565.48
   479.77    652.28    414.84
   396.79    661.52    628.20
   576.65    583.77    524.04
   786.36    505.96    327.92
   679.40    531.50    464.96
   759.48    509.61    327.52
   598.32    520.11    888.99
   802.95    577.22    434.28
   351.75    640.94    674.71
   522.99    613.64    487.33
   512.57    589.16    578.24
   791.68    610.14    445.77
   505.55    557.03    723.92
   793.37    627.70    344.43
   731.72    598.14    221.62
   316.57    655.82    525.35
   940.14    505.74    262.51
   365.93    674.47    637.87
   537.29    573.78    499.36
   596.70    508.96    413.93
   524.43    662.00    561.53
   437.14    506.40    784.81
   798.89    485.97    452.34
   483.11    593.72    616.97
   675.05    473.08    467.08
   747.87    552.72    361.06
   601.73    653.34    506.71
   495.83    550.17    468.12
   470.21    606.48    388.62
   545.94    583.86    610.07
   570.88    586.35    559.72
   439.45    628.95    486.15
   789.03    488.18    484.66
   559.06    641.51    505.96
   704.72    557.53    437.92
   482.79    634.24    518.65
   581.65    615.68    403.18
   505.76    486.74    468.66
   544.91    635.62    364.34
   507.26    717.28    453.97
   448.36    638.13    619.01
   741.41    542.24    300.35
   551.35    516.65    854.67
   880.55    418.98    522.64
   383.14    573.55    698.92
   504.62    668.06    713.08
   544.62    562.68    842.89
   449.76    533.73    652.21
   373.06    563.27    434.11
   580.86    627.33    468.29
   358.01    661.86    685.62
   569.10    631.72    455.82
   571.66    676.97    390.50
   326.77    674.70    650.62
   737.75    540.12    382.43
   875.21    417.18    257.80
   716.99    540.51    443.26
   304.08    796.09    432.31
   722.95    577.89    389.47
   380.60    632.58    621.32
   619.74    562.25    239.99
   506.56    580.22    443.06
   575.49    569.78    424.19
   677.60    442.90    405.97
   448.07    672.85    565.65
   385.46    638.21    493.22
   518.12    520.46    412.79
   483.62    620.39    524.22
   550.53    625.53    493.81
   416.88    559.22    718.91
   717.98    589.92    510.38
   230.45    593.15    869.86
   833.07    564.29    421.01
   675.16    497.36    419.72
   602.18    526.24    579.68
   318.65    664.28    913.88
   680.85    539.99    524.30
   407.51    556.13    844.78
   511.17    592.67    342.91
   321.76    573.36    641.52
   563.94    537.97    571.65
   670.91    540.38    532.21
   496.14    605.60    689.13
   455.59    654.07    555.24
   918.82    473.43    255.21
   443.17    499.11    801.77
   590.01    662.26    510.24
   532.32    604.36    570.49
   757.29    555.23    504.12
   769.32    461.88    506.00
   406.41    723.90    421.31
   422.89    552.46    802.46
   460.83    503.62    697.80
   498.17    625.63    546.81
   808.25    383.50    535.79
   616.38    621.27    457.11
   590.72    639.51    538.64
   498.56    689.40    516.33
   270.52    663.52   1115.42
   194.75    364.15   1916.89
   466.14    661.31    352.97
   521.34    615.21    647.98
   620.21    487.29    284.83
   579.36    539.72    805.25
   518.79    583.90    434.97
   363.25    679.97    446.89
   604.01    578.61    470.62
   689.68    490.83    383.02
   258.57    505.97   1278.76
   682.43    457.25    301.68
   397.93    828.25    430.79
   690.37    579.65    325.40
   688.55    664.13    357.91
   659.43    549.28    538.14
   760.42    518.71    240.77
   604.36    502.91    503.51
   684.27    559.91    564.72
   106.10    600.16   1779.85
   439.88    660.39    505.13
   606.79    676.42    419.09
   504.72    565.88    659.17
   412.82    587.16   1123.12
   256.91    330.48   1953.10
   567.17    592.91    498.26
   528.42    600.18    433.67
   303.20    601.58    606.46
   379.89    656.12    574.54
   663.05    513.57    716.34
   688.20    533.91    391.95
   532.05    534.21    765.19
   517.05    624.94    494.51
   533.64    532.14    419.03
   340.91    558.50    818.81
   944.60    451.25    406.80
   468.30    575.45    488.99
   675.60    546.19    627.15
   652.39    570.59   1064.28
   570.61    667.48    734.95
   799.95    542.23    301.48
   631.86    627.98    394.92
   254.11    721.58    614.12
   772.18    551.59    267.40
   373.78    609.11    757.21
   416.33    540.26    721.17
   464.84    646.25    417.18
   620.49    555.16    768.25
   539.54    587.61    578.04
   613.54    613.52    492.28
   381.60    574.81    532.54
   589.62    546.34    522.23
   541.44    562.00    766.48
   656.52    589.43    202.58
   688.72    475.94    546.64
   826.99    478.08    359.31
   324.77    520.32   1135.80
   605.33    634.12    472.62
   579.02    532.58    941.08
   782.93    474.39    380.53
   634.06    593.32    541.69
   462.88    570.70    530.15
   242.93    518.29    885.94
   534.26    557.92    767.82
   323.56    693.74    531.78
   690.39    600.48    387.39
   603.51    489.78    453.78
   574.47    584.85    435.08
   519.71    526.71    275.38
   528.84    629.58    414.76
   504.09    585.88    574.05
   448.39    520.85   1060.19
   510.85    657.32    567.67
   548.54    596.53    813.30
   302.49    589.42    675.97
   480.68    694.34    349.25
   749.39    460.90    529.99
   419.67    702.61    600.96
   397.00    636.58    601.03
   646.39    560.47    376.67
   663.39    645.59    361.74
   619.57    531.70    327.77
   520.37    469.76    926.18
   592.56    546.06    744.05
   270.01    618.04   1172.99
   876.85    492.33    380.66
   614.67    664.58    271.17
   776.95    594.07    368.95
   361.16    572.32    626.52
   535.66    651.82    549.81
   735.91    540.97    386.08
   732.79    579.81    300.34
   410.86    563.08    779.67
   443.56    586.34    580.89
   789.87    572.48    437.26
   287.87    600.03    891.56
   693.02    536.42    507.55
   384.81    545.08    596.94
   546.38    537.53    574.03
   324.78    648.94    720.84
   537.96    594.82    379.85
   889.44    463.32    490.82
   674.73    571.05    504.44
   377.76    689.51    482.57
   535.28    629.09    670.72
   894.77    587.69    332.82
   878.04    396.21    582.14
   505.33    613.89    631.85
   972.31    481.44    495.01
   446.82    659.68    514.96
   319.62    662.18    378.30
   490.57    485.44    579.97
   362.45    536.67    802.90
   300.29    596.05    527.52
   891.48    559.00    298.37
   634.69    543.88    448.39
   487.17    455.32   1407.38
   410.26    699.62    746.76
   179.19    655.25    945.02
   326.58    628.70    518.86
   605.37    529.07    393.85
   401.91    600.90    666.12
   538.07    593.51    779.64
   458.89    620.04    487.31
   817.95    480.81    362.21
   643.15    657.49    395.07
   628.72    578.37    585.90
   666.10    595.68    317.67
   548.06    540.97    727.38
   639.07    543.24    709.16
   531.00    668.76    709.44
   580.07    604.62    535.94
   352.98    695.94    353.31
   516.25    671.21    445.73
   220.15    544.61    878.58
   338.57    714.72    532.38
   459.16    465.33    810.27
   456.19    749.90    407.87
   497.42    570.06    796.58
   721.38    541.02    514.37
   407.40    553.34    626.90
   322.42    631.65    750.69
   618.76    539.04    505.58
   787.25    515.12    256.41
   590.64    599.48    851.61
   360.25    537.02    755.91
   178.41    664.22    571.35
   552.88    595.39    338.58
   780.50    529.21    525.25
   561.18    564.81    330.30
   522.94    511.13    431.71
   513.06    549.85    435.54
   678.11    510.68    459.37
   729.67    462.61    857.36
   549.03    576.01    793.98
   451.15    641.92    587.20
   356.64    627.69    767.32
   552.69    572.83    397.67
   422.30    625.84    461.51
   510.09    502.61    533.62
   797.13    637.67    549.74
   510.80    672.33    536.08
   527.00    529.91    473.50
   487.36    612.19    867.16
   556.65    713.64    356.50
   476.38    662.21    492.39
   437.32    666.73    631.08
   814.56    546.94    548.60
   534.66    488.28    737.39
   708.59    575.16    642.46
   591.75    521.70    502.81
   405.27    686.74    481.76
   732.69    514.64    260.93
   595.21    700.85    516.72
   530.05    685.23    525.34
   580.31    632.58    518.52
   472.52    647.36    486.77
   594.55    421.80   1167.86
   796.01    554.31    537.01
   607.05    609.22    276.14
   682.91    517.11    277.72
   259.67    587.43   1185.64
   760.55    411.23    372.49
   556.30    564.39    529.21
   648.03    640.78    399.32
   612.86    571.12    341.00
   129.47    655.53    729.36
   817.45    443.48    231.15
   661.07    616.45    418.64
   682.70    547.15    581.71
   501.16    629.60    396.22
   617.83    570.12    506.85
   842.42    529.43    571.71
   663.97    622.00    562.03
   644.62    576.56    506.81
   639.79    561.09    496.76
   596.84    586.09    379.82
   543.81    631.29    576.34
   536.40    675.22    724.81
   742.53    633.02    310.85
   657.33    589.13    483.14
   530.05    607.62    389.42
   856.76    516.20    295.16
   612.62    584.38    444.69
   511.33    703.40    319.83
   512.19    682.16    562.21
   596.61    632.53    457.92
   554.30    595.49    899.60
   344.03    607.77    725.50
   434.18    663.45    496.77
   597.77    541.35    788.79
   386.61    692.70    391.93
   778.98    428.24    327.16
   334.58    715.47    464.54
   385.13    594.83    980.33
   453.01    583.23    504.50
   672.78    575.23    772.12
   639.07    515.05    307.04
   989.54    414.55    218.54
   344.63    576.43    883.69
   779.59    482.01    323.57
   431.11    535.39    664.26
   591.05    506.31    611.69
   852.99    602.88    291.98
   750.11    486.39    459.55
   590.03    578.53    408.54
   347.46    517.10    974.59
   859.51    616.94    464.35
   778.99    479.91    592.61
   425.12    426.01   1166.01
   385.15    574.02    810.10
   468.64    493.33    576.83
   458.25    625.16    484.46
   464.12    490.62   1063.02
   284.53    669.55   1130.53
   266.26    652.86    796.71
   668.80    591.01    578.74
   768.63    568.23    424.35
   682.54    579.66    435.32
   722.60    563.18    455.51
   406.65    611.38    668.96
   530.68    655.61    499.44
   560.37    556.90    534.31
   393.79    597.64    877.65
   471.76    685.74    422.65
   603.91    654.89    372.02
   547.95    570.02    370.81
   734.96    591.07    400.59
   723.07    545.39    507.75
   774.16    623.75    371.87
   563.47    593.56    536.00
   496.22    584.18    797.11
   815.70    566.80    349.17
   222.38    736.11    539.50
   507.83    624.81    577.76
   691.27    619.46    196.09
   753.26    499.24    535.37
   281.97    580.53   1054.19
   852.31    545.78    473.60
   760.83    505.03    453.18
   586.00    505.10    627.38
   708.72    488.67    489.94
   201.94    700.01   1063.07
   668.24    296.51   1407.98
   582.36    482.84    624.51
   453.52    483.79    740.28
   820.01    474.97    250.55
   547.83    660.82    871.83
   619.41    522.29    453.99
   371.41    579.60   1121.78
   201.64    390.62   1911.79
   506.24    619.23    619.26
   169.21    673.93   1099.98
   497.89    535.90    746.87
   414.28    645.46    498.06
   575.26    595.55    360.12
   698.33    614.67    468.77
   559.59    624.86    731.77
   897.70    655.58    293.61
   478.60    576.75    444.91
   638.56    348.14   1065.71
   527.84    612.92    381.21
   548.09    530.52    811.44
   493.50    666.39    594.64
   454.78    645.71    748.12
   511.77    568.17    547.79
   297.82    638.62    688.20
   502.75    684.55    436.35
   318.04    666.02    723.17
   497.15    377.30   1412.60
   499.43    688.20    510.56
   737.14    418.91    631.00
   833.99    510.21    391.49
   505.00    586.32    359.63
   669.28    664.73    518.60
   671.94    574.11    506.23
   503.92    617.32    540.37
   526.17    659.30    269.98
   657.17    505.34    407.19
   659.49    566.25    349.55
   621.33    466.59    713.53
   137.09    564.80   1646.56
   299.26    685.28    884.48
   975.64    403.66    305.95
   470.77    659.30    539.25
   562.93    631.98    967.61
   493.24    658.63    184.80
   449.44    612.19    560.71
   290.81    675.57   1013.27
   554.58    607.75    687.96
   668.01    480.86    868.14
   287.42    637.34    802.49
   375.17    743.66    628.16
   496.41    666.65    523.05
   914.22    492.43    305.07
   920.73    483.62    334.19
   434.80    654.92    461.72
   514.76    663.58    463.86
   226.96    656.68   1031.23
   555.36    619.61    337.50
   563.76    658.54    449.73
   440.66    595.13    496.77
   513.89    636.31    553.29
   622.89    596.97    228.81
   381.68    496.34    919.28
   532.52    675.56    282.14
   520.35    600.21    663.11
   321.76    648.24    417.84
   556.43    587.44    802.06
   327.68    637.42    438.57
   602.86    582.13    413.74
   492.64    581.44    530.35
   508.23    688.41    670.38
   501.02    536.77    971.83
   502.39    630.43    881.26
   934.50    507.92    325.05
   302.74    567.64    975.33
   399.10    530.83    589.75
   470.37    532.83    527.72
   408.01    640.67    406.56
   532.61    547.72    443.00
   992.62    522.70    235.22
   501.81    492.01    626.55
   610.38    610.76    315.28
   710.97    523.90    322.33
   639.10    536.77    499.94
   641.86    468.88    385.74
   775.58    503.32    467.36
   558.65    558.12    461.17
   672.65    566.39    385.69
   722.45    544.85    450.28
   630.64    603.26    447.57
   430.83    666.05    777.06
   736.87    619.21    616.73
   647.80    580.90    578.62
   371.33    511.04    756.07
   409.20    630.22    557.95
   390.51    643.79    635.80
   495.14    617.79    498.93
   641.00    595.94    448.25
   628.32    682.55    286.62
   495.28    663.47    839.26
   535.96    557.59    593.30
   450.29    661.87    633.81
   524.74    511.35    361.78
   338.49    589.94    730.81
   628.41    507.55    353.16
   427.02    654.49    745.65
   331.37    527.11    934.06
   547.85    570.62    498.24
   716.03    541.82    502.86
   559.18    622.40    279.58
   384.10    547.10    858.39
   639.62    623.31    476.00
   512.93    603.18    381.09
   337.82    726.84    809.42
    55.66    577.47   1329.06
   563.56    556.43    452.53
   204.75    321.98   1935.26
   557.47    592.05    648.19
   277.30    696.29    869.85
   707.18    636.65    567.09
   665.10    601.21    549.58
   662.33    502.75    349.95
   392.10    556.66    774.96
   652.53    587.65    534.27
   462.53    638.17    481.30
   620.71    527.95    281.97
   934.45    549.65    276.53
   564.71    715.97    639.60
   788.81    607.80    312.11
   608.56    606.86    826.10
   404.15    493.66   1451.09
   700.60    585.50    207.66
   625.84    682.65    527.85
   361.17    503.13    945.76
   203.65    704.03    848.58
   495.67    633.35    585.14
   293.66    542.24    716.82
   248.26    702.20    559.03
   363.93    541.53    749.17
   437.30    675.54    813.42
   357.76    562.28    544.16
   220.75    549.18   1493.02
   691.34    662.27    313.64
   357.49    661.77    642.52
   683.45    584.67    272.19
   580.52    622.69    668.09
   639.77    576.72    776.60
   534.11    587.30    577.96
   825.45    493.07    470.17
   571.16    592.28    421.44
   301.57    534.20    805.62
   444.06    686.35    589.03
   616.02    555.98    583.05
   598.85    596.71    417.35
   465.66    665.17    495.55
   855.35    512.91    208.92
   563.87    565.64    370.06
   621.59    532.90    378.56
   507.07    601.96    975.53
   397.66    691.54    568.51
   551.57    535.76    315.73
   777.31    521.17    435.20
   922.46    559.48    480.04
   670.11    566.02    395.41
   624.86    640.51    354.55
   475.11    593.01    524.53
   747.75    531.34    560.32
   316.93    691.63    740.52
   579.33    669.27    453.86
   361.49    691.96    538.43
   643.62    596.54    425.30
   243.86    657.92    902.06
   682.36    618.55    435.89
   926.19    576.24    352.98
   385.16    686.11    654.58
   864.06    478.96    230.46
   660.26    498.45    340.49
   616.88    551.93    371.04
   380.03    738.16    648.14
   557.14    601.90    562.38
   620.52    538.44    516.28
   637.29    555.00    370.42
   664.85    654.80    426.88
   549.81    543.35    439.24
   435.61    584.51    622.93
   765.96    502.86    520.18
   475.96    602.28    279.96
   712.80    502.74    588.15
   714.39    500.96    452.28
   391.19    689.03    717.00
   537.62    570.55    837.00
   690.64    475.19    341.56
   532.47    585.85    678.73
   242.54    661.19    916.87
   597.98    562.24    465.82
   674.65    566.96    538.63
   769.48    566.38    132.09
   362.40    700.48    724.42
   270.19    429.57   1821.09
   289.25    623.70   1202.17
   699.11    624.48    191.90
   518.91    548.42    311.35
   679.45    545.60    343.03
   592.77    554.15    514.55
   614.53    569.44    431.66
   435.86    652.17    499.47
   551.84    507.98    603.00
   609.79    703.10    577.35
   616.21    555.28    368.36
   321.19    565.58    964.95
   560.75    694.04    592.03
   226.49    564.34    963.63
   331.47    596.47    645.35
   274.78    711.78    817.03
   598.15    605.42    613.94
   429.42    568.96    577.45
   794.38    412.04    251.51
   470.61    663.30    435.41
   664.43    545.94    480.97
   656.99    593.80    610.60
   510.16    429.32    775.01
   573.72    725.36    431.59
   418.24    629.29    426.43
   356.57    653.89    568.87
   417.39    633.38    642.52
   456.34    482.36    932.90
   667.00    578.51    551.07
   810.37    452.53    456.24
   525.71    660.25    542.52
   486.97    460.56   1452.58
   756.71    555.62    518.79
   692.79    553.93    361.13
   850.38    476.22    332.46
   510.15    459.10   1092.36
   906.86    493.15    501.86
   369.28    650.21    671.28
   545.09    523.06    711.31
   665.93    558.94    552.42
   935.05    451.95    541.10
   403.61    652.81    406.18
   422.21    693.59    618.96
   521.65    709.54    427.42
   604.16    510.17    228.67
   597.50    589.34    354.49
   416.45    563.52    826.34
   764.88    473.81    325.37
   543.34    711.21    560.59
   604.60    607.53    587.65
   333.90    804.61    844.62
   455.51    596.48    411.47
   422.54    641.74    895.45
   517.75    523.51    437.78
   491.82    546.44    526.62
   638.53    445.05    494.17
   395.55    631.50    814.68
   762.98    470.49    256.00
   543.00    674.35    456.94
   586.05    692.99    595.49
   300.12    626.50    838.20
   438.17    518.43   1204.27
   440.89    662.10    614.71
   529.28    645.03    351.40
   718.47    509.95    244.42
   461.42    540.63    730.20
   477.35    718.42    493.29
   576.19    565.02    457.35
   682.68    582.65    416.20
   354.01    575.52    684.07
   689.52    535.98    171.98
   661.87    563.93    360.30
   922.36    432.34    389.97
   447.55    650.96    718.16
   596.90    590.56    482.55
   654.35    509.61    411.52
   641.72    629.56    412.29
   478.06    584.02    854.30
   440.51    619.35    774.26
   459.53    654.58    340.69
   443.96    689.23    374.01
   613.48    582.43    474.20
   583.29    718.02    619.78
   552.83    578.95    526.93
   604.44    524.03    508.34
   463.01    728.32    564.70
   764.89    510.21    188.95
   447.18    589.44    508.66
  1016.37    520.43    423.58
   801.46    517.18    472.24
   816.28    501.81    414.88
   805.18    564.78    549.28
   471.78    414.49    962.58
   381.36    622.43    632.56
   576.23    658.27    343.25
   379.40    679.45    536.33
   583.96    568.82    697.46
   589.93    465.47    295.37
   430.79    644.11    428.96
   493.53    584.09    461.92
   432.91    654.73    363.30
   800.86    538.04    686.35
   364.71    689.17    757.10
   754.99    410.78    497.41
   427.93    667.08    477.28
   489.99    559.06    727.32
   571.82    522.26    359.31
   183.55    821.96    779.28
   353.07    619.13    399.41
   628.31    488.93    590.40
   485.36    663.09    381.29
   673.38    739.05    270.93
   617.39    577.74    660.92
   616.30    588.66    511.30
   511.28    553.92    427.13
   458.52    525.73    945.26
   357.66    650.74    592.74
   421.79    761.54    529.49
   380.99    551.14    639.54
   536.99    607.92    357.50
   377.84    677.93    744.13
   477.03    671.53    491.77
   524.51    644.82    744.69
   221.47    714.04    715.76
   562.12    597.22    623.92
   651.72    639.16    593.19
   490.72    572.93    683.47
   426.62    681.39    688.71
   667.87    482.22    679.87
   541.56    495.78    412.74
   557.10    558.35    587.19
   572.10    548.72    580.20
   655.50    568.97    461.56
   998.15    438.40    248.92
   670.70    488.72    431.80
   663.61    524.99    587.89
   537.10    575.66   1131.63
   539.57    653.93    342.72
   580.66    488.84    481.96
   525.02    673.45    557.54
   635.95    555.89    587.60
   725.05    593.77    319.10
   899.97    606.84    400.59
   387.67    560.30   1070.95
   546.53    562.59    490.72
   643.78    715.26    482.48
   855.16    572.01    237.26
   687.41    579.40    445.36
   463.58    556.15    626.13
   630.94    589.27    357.33
   619.36    533.50    361.69
   538.23    630.60    584.13
   448.24    505.60    767.91
   526.09    461.82    741.28
   653.00    564.82    430.25
   718.75    600.53    564.89
   323.83    659.29    948.31
   427.82    604.34    520.91
   645.97    531.62    459.51
   630.83    526.35    828.14
   432.79    688.81    605.27
   596.93    548.91    438.61
   520.28    618.91    660.06
   245.97    610.64   1174.79
   558.50    599.72    318.90
   471.29    656.02    581.00
   948.43    502.12    228.53
   234.14    735.69   1336.15
   477.70    521.43    627.86
   547.18    663.57    374.14
   412.95    596.11   1014.40
   424.28    610.48    469.13
   579.09    590.01    346.61
   689.93    554.17    452.01
   614.85    526.36    538.99
   208.31    716.59    960.10
   513.02    638.24    460.73
   426.70    612.48    575.28
   631.60    625.84    714.87
   948.36    437.72    368.80
   703.04    604.17    669.60
   702.80    549.82    359.78
   994.37    547.72    241.42
   635.15    453.20    425.24
   453.05    614.84    728.09
   573.66    679.31    516.07
   412.73    542.62    744.41
   475.93    657.47    415.55
   614.45    647.16    376.00
   335.73    738.41    544.80
   355.74    324.43   1637.82
   652.40    463.55    704.83
   590.66    550.47    410.32
   410.13    631.66    448.32
   684.53    548.97    223.69
   752.61    480.06    440.86
   727.60    425.50    826.77
   278.16    651.71    874.00
   644.82    613.81    443.17
   421.55    666.95    658.14
   650.35    714.25    354.66
   455.96    617.26    556.08
   420.98    655.61    477.23
   973.97    475.34    365.48
   677.92    559.83    380.39
   740.90    531.92    615.25
   551.36    568.18    343.13
   403.51    621.92    525.94
   449.44    718.34    502.01
   427.14    389.79   1572.56
   431.73    576.26    557.94
   413.27    573.11    936.90
   650.51    521.36    653.10
   552.20    617.37    549.62
   332.65    685.80    611.70
   494.57    592.58    359.91
   551.70    709.18    613.36
   459.89    646.55    354.34
   649.96    678.44    468.43
   920.33    590.90    350.61
   355.35    722.97    528.61
   454.96    642.60    514.20
   546.17    497.54    493.45
   395.73    631.83    554.89
   612.04    457.39   1118.23
   739.79    518.25    539.60
   429.03    689.10    583.02
   691.79    479.91    416.97
   616.68    653.96    477.40
   767.29    500.12    636.24
   392.99    581.89    487.78
   704.01    582.20    374.14
   532.15    548.02    384.07
   517.46    620.61    568.10
   325.30    581.70   1028.89
  1019.78    459.88    487.81
   793.48    466.86    464.39
   417.37    499.95    827.59
   617.19    515.72    507.32
   869.15    564.79    456.37
   558.90    752.06    522.05
   388.61    739.06    654.70
   729.82    513.75    388.52
   240.69    686.68   1043.36
   518.49    491.37    926.62
   375.99    644.21    735.80
   342.80    648.57    481.29
   592.76    505.54    380.39
   490.68    581.32    462.50
   174.76    682.65    880.76
   891.10    491.67    315.11
   745.73    610.51    214.61
   734.27    649.45    271.70
   694.02    637.47    379.94
   405.10    731.95    449.78
   217.58    601.94   1178.13
   776.19    600.39    378.76
   516.19    574.44    512.35
   478.94    591.02    534.87
   723.69    655.22    331.08
   738.02    573.70    703.75
   387.33    728.98    415.03
   531.93    444.71    899.43
   800.54    571.74    354.61
   622.06    573.84    765.12
   913.39    521.54    375.83
   895.93    504.08    355.44
   563.91    584.58    565.24
   682.74    528.26    339.89
   526.38    662.47    344.98
   789.33    432.41    394.96
   576.13    645.71    761.20
   184.88    687.53   1094.87
   692.19    649.50    383.69
   449.00    613.05    852.00
   240.42    519.17   1812.45
   662.04    466.59    724.67
   608.16    533.06    639.68
   526.09    608.25    459.66
   300.07    612.94    576.60
   342.75    708.34    977.78
   477.15    547.58    738.11
   517.47    731.58    518.63
   489.47    664.44    553.94
   352.59    644.90    716.66
   574.46    534.48    605.61
   591.75    584.51    568.71
   813.78    560.12    559.68
   467.82    567.32    683.32
   569.25    461.45    765.99
   549.50    477.02   1028.56
   153.03    556.83   1305.12
   866.96    489.54    576.32
   847.19    563.33    194.17
   364.40    695.07    842.88
   548.66    491.79    466.46
   695.60    519.14    496.26
   556.44    562.36    476.64
   286.62    615.41    969.98
   696.47    615.39    474.45
   933.91    545.57    323.41
   405.68    686.98    637.02
   643.96    527.46    501.90
   396.61    650.56    703.48
   834.30    564.95    206.68
   635.76    590.46    447.21
   313.11    647.88    759.70
   522.23    581.52    537.94
   482.68    577.79    664.48
   748.81    565.76    421.95
   441.08    666.80    434.65
   405.62    514.57   1011.60
   245.14    612.91   1313.89
   649.84    635.25    704.91
   486.30    670.25    308.28
   516.54    656.49    694.26
   517.36    595.19    445.11
    80.84    723.34   1232.32
   402.46    629.97    456.75
   344.83    500.35   1003.04
   702.54    499.64    580.98
   627.49    515.41    570.08
   844.06    442.91    316.01
   580.34    637.64    606.51
   624.45    675.61    452.40
   794.58    498.94    409.25
   106.07    591.92   1446.01
   367.86    750.01    486.34
   625.45    584.04    433.44
   378.88    612.20    549.95
   450.88    608.96    434.35
   484.15    668.53    485.30
   696.50    484.88    367.98
   685.44    423.68    259.20
   939.98    389.66    307.43
   527.31    621.65    448.67
   640.55    612.77    351.15
   560.27    676.61    482.18
   670.22    589.51    428.52
   424.99    734.05    601.04
   797.25    606.49    321.13
   531.21    538.73    366.92
   611.80    600.30    387.27
   609.73    586.60    582.85
   635.11    519.98    453.65
   321.06    696.71    586.69
   428.14    571.95    656.55
   475.10    662.15    354.46
   592.63    684.39    611.67
   649.30    682.34    478.39
   959.51    608.19    396.02
   554.52    611.79    915.02
   494.97    502.47    288.65
   542.65    595.50    402.61
   580.50    536.93    929.06
   717.18    500.53    497.91
   551.53    610.49    834.89
   713.16    484.29    761.58
   562.94    576.88    298.74
   600.02    628.63    571.22
   567.31    567.91    397.94
   642.99    593.42    437.70
   498.68    535.49    760.25
   589.29    602.34    864.29
   398.87    639.06    679.19
   126.12    440.92   2288.99
   572.35    482.23    450.91
   469.75    629.52    508.02
   459.09    419.06    794.83
   413.92    691.69    779.99
   736.33    521.82    224.92
   724.64    538.83    398.22
   582.21    533.25    397.72
   565.25    566.53    502.81
   517.62    674.43    595.56
   418.84    686.39    781.45
   840.25    574.59    351.06
   495.84    533.10    471.07
   331.34    540.53    750.72
   395.84    582.62    458.55
   522.83    596.79    548.98
   630.78    577.12    404.43
   385.08    727.53    547.25
   424.11    557.13    722.65
   769.01    536.39    436.98
   854.02    558.34    379.80
   636.77    533.17    480.95
   821.97    531.20    440.86
   375.74    651.39    563.59
   612.56    566.49    433.49
   612.00    525.08    555.26
   545.40    558.51    791.02
   644.12    509.24    473.24
   518.24    568.23    439.22
   757.03    607.98    394.38
   486.01    648.16    871.14
   403.01    549.82    697.64
   620.79    573.07    522.90
   651.21    668.53    458.12
   415.61    602.96    857.04
   516.08    682.37    327.02
   403.78    639.62    601.63
   607.23    598.47    512.96
   615.70    532.43    419.40
   792.41    557.61    399.54
   766.69    499.89    441.99
   342.76    651.70    792.10
   675.42    531.09    405.29
   658.03    542.12    430.50
   477.23    489.75    782.11
   696.10    553.05    253.63
   437.47    602.40    760.17
   610.71    567.87    472.60
   575.99    624.73    312.96
   470.24    622.13    407.46
   620.18    678.39    344.69
   864.88    606.02    473.57
   647.44    470.49    476.38
   680.17    594.57    413.30
   698.33    586.30    672.20
   348.07    701.06    590.86
   487.99    598.13    540.28
   264.79    644.27   1284.03
   549.24    555.75    575.84
   499.76    559.71    517.83
   620.64    571.67    468.82
   411.00    701.76    759.12
   418.63    657.45    417.91
   533.99    536.39    849.84
   696.70    535.99    650.61
   632.35    530.76    520.45
   510.25    577.08    317.00
   631.55    562.21    540.82
   713.82    572.19    355.83
   600.47    486.14    577.19
   320.98    584.24    636.42
   386.10    538.62    773.93
   452.96    625.84    632.37
   794.67    502.20    379.22
   507.13    508.45    946.02
   595.36    537.66    568.77
   466.82    559.76    657.57
   321.98    701.12    545.20
   640.75    595.24    440.31
   582.10    578.47    645.42
   473.74    583.43    416.05
   392.57    683.06    732.32
   330.47    577.60   1388.11
   446.38    627.25    774.12
   567.88    559.42    421.31
   636.28    527.76    584.48
   675.85    514.19    343.80
   723.72    585.95    502.75
   674.36    586.16    342.99
   689.56    509.33    830.14
   597.38    572.50    500.86
   520.69    570.24    550.53
   752.57    501.06    365.51
   494.16    648.73    269.50
   545.90    618.99    413.74
   782.10    618.98    259.76
   424.52    560.53    657.20
   773.55    552.55    516.65
   496.61    623.47    573.33
   535.79    707.88    470.98
   602.71    599.12    325.88
   265.02    701.46    693.96
   692.04    515.72    441.03
   854.67    518.13    361.07
   314.15    695.73    709.98
   503.12    616.83    540.32
   428.61    689.19    376.92
   431.22    731.45    763.43
   608.52    655.48    621.84
   733.67    556.21    601.88
   863.29    574.50    286.25
   679.69    502.69    466.74
   687.50    528.09    335.68
   623.07    678.03    575.33
   756.00    600.52    307.86
   651.42    483.75    267.69
   162.47    538.07   1556.41
   545.50    595.46    187.66
   612.07    573.35    627.23
   729.06    526.93    363.12
   506.14    556.96    513.07
   507.33    579.22    506.14
   671.32    663.87    579.58
   639.78    600.36    576.55
   796.25    516.09    344.80
   199.81    561.61   1223.00
   542.20    599.02    270.57
   749.58    530.78    334.53
   699.23    584.00    606.66
   806.04    546.47    349.53
   574.79    645.38    585.48
   872.50    438.76    432.15
   751.32    468.57    505.66
   558.54    658.73    357.49
   762.99    558.47    167.28
   490.71    674.87    531.61
   662.66    471.98    639.91
   277.51    582.88    916.43
   392.63    641.85    893.99
   557.68    637.14    558.95
   877.68    497.52    231.83
   658.02    616.40    303.62
   732.56    558.14    250.65
   490.18    621.53    542.52
   364.79    663.15    561.22
   177.26    467.11   1398.51
   508.22    515.54    708.39
   879.73    528.30    237.50
   226.49    539.49   1183.10
   511.47    645.22    547.43
   644.58    610.65    626.57
   864.48    466.38    449.58
   316.97    492.87   1221.36
   560.45    540.29    299.64
   480.57    629.76    572.43
   986.71    465.39    193.28
   188.69    653.68   1001.15
  1011.73    438.90    397.40
   617.39    540.39    520.89
   653.84    550.61    368.36
   688.13    532.69    443.72
   400.26    524.58   1016.12
   208.00    468.24   1344.08
   541.68    529.17    579.71
   780.74    484.82    370.14
   531.27    581.52    559.54
   589.61    557.25    630.97
   439.40    458.80    784.42
   414.16    638.21    838.60
   409.95    547.09    541.12
   395.38    617.25    865.21
   476.87    614.67    733.42
   377.90    644.66    792.86
   648.52    618.79    487.71
   336.89    579.50    971.93
   438.15    664.41    578.95
   386.65    691.53    769.25
   389.95    551.93    971.23
   425.21    600.76    545.32
   784.78    538.30    447.87
   216.37    505.75   1729.16
   664.67    563.77    368.72
   593.83    580.71    757.69
   347.34    703.28    656.76
   670.02    625.49    210.20
   521.97    654.56    433.89
   457.36    554.73    643.65
   552.92    674.96    589.10
   543.07    563.88    451.06
   874.82    427.90    206.29
   785.10    595.95    425.19
   673.08    525.38    385.09
   338.93    676.96    718.64
   726.94    508.30    331.41
   750.12    493.95    346.00
   470.58    517.69    702.59
   540.43    467.83    757.37
   563.50    543.35    547.30
   639.27    619.05    395.79
   665.00    530.25    425.43
   214.21    454.02   1584.15
   572.16    618.07    462.66
   348.18    633.17    803.86
   656.34    559.09    461.14
   620.37    501.64    501.38
   706.83    441.75    900.24
   838.80    510.26    795.36
   630.12    620.22    417.12
   522.67    536.88    737.11
   881.49    525.27    442.82
   288.79    488.29   1408.83
   396.17    622.00    765.69
   546.02    624.35    344.63
   465.62    484.95    685.76
   481.42    640.91    498.82
   406.06    636.14    573.84
   681.61    663.85    471.08
   351.39    585.53    738.38
   609.25    675.89    389.99
   539.88    614.27    414.82
   388.49    678.30    382.84
   858.25    416.34    483.24
   550.32    680.47    425.35
   611.31    577.83    508.73
   699.06    537.62    431.43
   787.73    556.93    324.15
   513.42    496.73    511.03
   411.42    681.11    544.52
   565.07    684.80    473.01
   428.16    416.01   1490.77
   787.23    526.56    429.39
   664.23    559.51    421.57
   553.45    600.99    346.94
   579.73    507.25    792.85
   176.03    586.95    987.78
   633.63    622.26    551.80
   476.57    546.28    902.99
   540.31    610.12    410.93
   517.21    609.62    896.52
   663.17    583.44    413.81
   825.02    483.25    251.29
   606.03    434.21    683.65
   787.35    487.21    423.29
   665.10    653.90    314.45
   484.02    742.99    932.15
   989.33    527.75    118.52
   443.28    474.22   1497.89
   513.14    536.94    643.42
   354.81    628.64    484.49
   335.09    666.86    967.37
   403.04    617.91    734.84
   482.85    651.58    938.82
   689.92    493.83    620.52
   483.60    568.78    932.98
   364.17    714.33    795.13
   289.10    559.34    763.06
   548.75    628.41    338.61
   454.18    651.81    505.50
   423.18    587.44    683.21
   804.93    515.23    228.52
   728.34    574.38    498.47
   357.21    624.05    482.42
   424.08    551.75    632.67
   402.35    587.09    419.97
   888.17    498.31    159.70
   573.58    594.55    414.75
   628.37    532.48    551.13
   522.71    537.43    447.76
   464.14    559.43    533.34
   483.26    482.44   1211.44
   644.14    517.47    318.94
   517.09    532.62    400.83
   676.39    622.27    427.30
   146.43    465.05   1256.92
   625.05    576.96    410.43
   583.31    549.14    293.48
   451.67    516.90   1027.52
   286.73    629.26    565.12
   320.36    733.83    718.05
   470.52    582.17    383.21
   216.01    635.52   1059.23
   550.27    651.12    416.10
   388.72    645.99    646.51
   837.31    668.51    477.58
   787.97    547.46    227.77
   777.00    499.48    537.68
   586.87    506.71    352.08
   262.41    501.00   1107.22
   957.95    561.51    432.62
   469.68    483.70    997.67
   615.09    599.01    489.73
   574.71    539.36    409.05
   606.69    604.37    577.95
   618.86    556.80    683.12
   351.89    597.15    738.10
   357.10    630.01    686.71
   678.44    455.45    447.81
   809.17    455.02    583.47
   401.11    526.39    592.40
   478.31    608.09    636.65
   739.60    552.62    583.09
   559.59    532.63    306.31
   321.70    658.03    752.39
   403.53    583.53    544.06
   169.70    758.13    771.84
   656.48    577.87    534.32
   263.31    658.34    631.99
   578.93    650.29    273.27
   809.94    517.15    612.20
   617.29    610.04    702.97
   410.76    663.25    526.77
   733.72    472.07    621.32
   550.75    574.87    512.79
   677.61    513.32    637.43
   790.34    489.41    580.35
   773.77    458.33    344.05
   757.16    491.84    365.99
   808.86    538.68    397.11
   504.09    548.53    602.10
   301.36    667.83    639.33
   508.68    604.18    524.28
   355.96    528.93    570.34
   871.55    495.98    185.53
   683.18    603.74    262.59
   467.66    534.64   1016.63
   563.14    462.15    834.52
   667.05    650.79    412.63
   400.24    601.39    615.07
   543.24    367.99   1102.59
   675.78    573.01    618.91
   491.30    536.44    613.75
   772.04    616.92    552.83
   450.61    518.70    674.93
   373.47    562.09    638.02
   511.85    583.76    737.60
   713.65    478.46    538.34
   659.20    645.29    348.43
   621.63    563.45    356.11
   580.24    515.16    858.31
   588.96    622.42    499.61
   624.84    518.99    351.26
   337.74    687.72    794.97
   750.82    564.75    208.33
   678.10    563.06    424.09
   549.17    697.89    450.59
   628.52    542.09    688.38
   472.71    603.80    511.56
   669.15    479.38    882.88
   267.48    707.38    774.37
   581.60    674.89    412.78
   639.67    603.06    399.66
   589.14    567.96    342.64
   577.72    625.55    461.73
   122.88    764.33    978.44
   404.63    695.32    919.13
   442.80    631.58    610.84
   714.30    520.73    686.88
   930.43    433.58    441.15
   653.01    508.89    372.19
   251.42    576.20   1057.33
   372.29    598.40    626.94
   718.28    453.20    325.00
   505.92    602.49    677.51
   719.23    571.41    276.87
   554.82    609.70    519.82
   520.30    585.39    508.16
   673.91    606.59    448.08
   314.73    532.52    895.19
   656.97    546.87    484.28
   530.00    547.93    701.02
   332.45    611.04   1053.83
   497.61    562.24    789.80
   359.26    585.54    656.29
   389.72    645.53    594.66
   633.70    524.84    361.91
   595.83    669.16    394.36
   834.73    589.51    338.44
   737.08    599.27    308.44
   616.91    635.78    717.31
   445.86    636.58    511.76
   652.84    602.16    378.53
   639.92    608.48    245.84
   277.68    596.62    586.46
   578.93    597.51    458.22
   743.93    706.71    456.48
   677.04    560.75    229.94
   451.04    642.24    504.92
   339.40    592.86    836.15
   428.49    442.44   1192.75
   476.39    518.43    822.74
   421.14    517.52    601.97
   671.10    512.87    484.11
   402.66    590.51    428.61
   681.76    519.45    452.89
   571.97    633.35    562.45
   461.09    686.71    338.04
   583.83    623.15    455.83
   705.47    606.34    219.24
   479.68    479.62    429.27
   530.87    595.75    658.62
   518.24    611.64    549.15
   471.27    542.41    818.60
   532.12    396.68   1600.62
   558.79    572.45    394.21
   306.89    657.14    590.31
   647.50    524.15    365.70
   591.12    632.48    350.57
   503.94    581.80    485.78
   470.53    609.54    485.13
   668.43    547.44    423.65
   607.20    522.92    453.07
   707.24    487.75    348.10
   577.44    559.64    546.04
   604.68    649.82    372.02
   586.91    524.83    732.28
   517.92    728.12    542.82
   474.30    547.09    594.72
   804.72    402.63    247.51
   400.92    656.12    518.66
   491.50    603.96    376.85
   686.82    532.22    613.69
   505.10    577.00    660.34
   168.49    681.06   1475.63
   307.30    642.07    595.12
   730.15    535.25    223.87
   404.72    515.45   1085.23
   596.76    527.47    531.48
   694.96    579.48    484.77
   428.65    597.29    383.25
   515.89    429.83    666.38
   641.12    499.89   1003.74
   449.15    535.56    667.27
   319.43    574.65    591.95
   472.77    495.94    429.38
   503.45    575.28    812.90
   458.12    653.83    494.03
   428.06    566.97    572.48
   435.50    607.40    625.35
   571.43    674.29    338.24
   650.57    542.36    555.65
   696.69    451.25    714.44
   350.20    573.47    851.91
   438.92    527.40    471.06
   477.70    590.05    511.28
   368.16    651.02    868.40
   665.25    628.68    284.41
   639.53    507.32    514.83
   462.64    626.74    492.84
   945.01    451.50    285.33
   546.74    570.76    743.50
   662.20    549.00    311.65
   413.01    523.91    345.74
   460.87    566.10    435.59
   611.05    574.02    638.08
   586.45    501.96    601.12
   807.02    646.45    282.42
   607.25    677.90    525.76
   469.38    662.65    663.03
   753.22    598.56    455.44
   280.67    653.17    621.48
   281.34    570.01   1312.10
   307.26    489.87   1107.05
   406.57    623.38    674.41
   518.93    601.04    468.33
   558.08    636.46    512.81
   801.49    464.12    387.37
   659.38    652.03    350.87
   704.89    461.35    527.56
   339.74    487.68   1265.87
   541.62    616.32    731.46
   778.92    490.18    401.69
   641.03    511.42    397.25
   703.87    630.23    528.67
   397.68    613.42    500.68
   733.69    531.39    404.61
   380.64    556.20    787.68
   576.57    679.53    550.74
   486.91    640.68    670.63
   595.83    634.92    433.49
   571.49    540.50    431.52
   643.56    578.76    661.69
   381.93    567.63    876.45
   664.27    454.49    839.48
   380.60    707.82    624.13
   506.01    569.09    549.32
   818.03    437.51    392.14
   349.80    659.42    416.47
   609.08    527.66    409.65
   540.60    404.02   1652.02
   569.46    629.31    411.79
   771.54    561.95    530.67
   406.55    586.76    379.96
   659.44    447.20    345.31
   957.14    546.69    304.27
   555.68    618.91    417.51
   624.66    557.05    363.91
   451.15    426.47   1361.60
   697.83    506.85    232.43
   322.32    725.52    612.70
   844.30    485.71    379.53
   377.39    645.80    751.75
   397.08    706.05    390.06
   544.45    622.76    462.72
   563.10    619.33    655.97
   546.20    522.67    888.80
   637.21    628.68    361.41
   718.98    555.40    556.31
   801.61    483.79    443.16
   214.58    684.74    993.37
   966.37    470.76    486.43
   495.48    463.14   1568.09
   523.46    566.05    733.66
   393.01    781.57    584.77
   328.55    609.79    796.48
   589.12    522.79    880.22
   491.31    631.90    519.15
   361.41    570.45    585.53
   452.38    621.57    622.36
   659.25    595.60    347.34
   549.05    530.45    598.02
   541.82    568.29    643.81
   589.70    624.65    465.94
   792.73    554.50    605.49
   732.37    548.68    360.92
   407.85    505.14   1046.17
   468.19    635.04    630.56
   478.61    441.79    710.19
   542.16    647.65    417.09
   607.36    466.57    930.21
   175.39    721.36    866.75
   288.72    619.84    917.89
   435.98    471.21    929.07
   410.89    692.25    789.64
   371.09    591.27    894.15
   761.91    535.19    383.59
   707.56    650.54    457.13
   676.95    607.20    385.82
   776.97    526.89    211.87
   811.36    527.31    406.10
   381.47    584.15    541.91
   847.44    419.48    627.92
   610.08    654.82    341.72
   988.66    417.52    392.88
   737.84    494.84    484.86
   280.00    713.65    895.94
   509.03    807.07    607.69
   269.99    706.06    436.11
   844.35    497.80    487.06
   278.77    678.17    749.58
   501.45    658.71    498.08
   403.47    604.98    932.94
   459.90    679.24    767.03
   283.26    649.63   1139.65
   761.46    412.40    353.98
   601.00    394.86    987.89
   611.81    533.51    643.00
   804.93    580.59    336.47
   470.42    528.44    493.92
   817.85    507.40    550.58
   492.02    515.56    830.87
   661.51    579.16    283.72
   561.49    555.24    408.28
   555.64    522.18    570.47
   470.17    575.36    571.12
   588.09    591.35    468.47
   872.44    437.42    483.02
   590.57    492.63    443.32
   574.61    644.31    608.84
   670.42    626.55    432.32
   315.60    683.14    761.22
   328.90    713.98    679.28
   640.95    476.81    348.02
   701.22    560.45    622.18
   551.62    714.30    454.71
   562.72    604.82    662.95
   630.88    484.54    337.89
   680.60    442.11    741.60
   519.60    590.77    428.32
   670.33    531.11    569.60
   533.19    577.44    664.94
   670.54    458.46   1092.45
   249.31    724.29    524.15
   518.64    651.00    718.19
   706.44    571.26    282.93
   760.42    460.16    265.33
   615.58    591.66    640.25
   511.46    532.54    574.29
   573.49    711.23    344.52
   392.83    590.04    555.10
   595.46    626.28    359.29
   608.36    577.28    737.31
   507.61    526.58    479.06
   684.84    541.37    231.15
   378.25    660.94   1401.83
   352.11    618.49    642.20
   428.35    607.58    563.80
   459.55    582.10    862.96
   313.93    696.69    372.44
   516.01    640.98    546.12
   523.25    607.46    455.04
   497.38    672.75    427.09
   559.77    476.69    621.18
   602.73    506.70    624.53
   533.64    565.63    698.72
   531.17    452.45   1448.75
   303.78    720.61    453.10
   400.50    597.69    772.28
   743.14    480.71    219.99
   491.45    735.38    321.06
   537.85    572.22    406.84
   527.06    514.32    448.53
   294.88    590.24    981.26
   332.70    673.04    801.67
   582.75    526.94    520.64
   724.28    641.05    310.35
   413.71    583.63    934.40
   366.25    570.66    949.33
   861.89    559.20    398.33
   284.52    605.34   1141.09
   375.65    656.25    588.75
   627.33    604.43    394.28
   612.11    576.55    420.18
   433.26    647.54    407.25
   490.97    605.33    429.25
   401.30    540.99    912.13
   829.42    529.13    632.73
   419.60    592.08    699.62
   439.53    565.15    529.47
   428.35    611.55    552.14
   822.58    462.08    382.71
   671.94    529.03    459.90
   706.19    516.51    434.48
   313.46    601.34    640.03
   705.05    506.91    516.18
   740.34    600.32    476.34
   279.39    496.94    825.28
   321.22    582.02    878.45
   597.07    489.80    822.15
   532.88    735.01    457.80
   577.07    607.70    287.54
   725.51    568.23    550.52
   651.03    702.25    752.09
   822.13    552.97    177.54
   410.50    588.68    778.66
   639.13    479.79    414.59
   871.91    415.32    565.92
   896.07    547.13    326.48
   241.19    556.89   1906.60
   947.63    476.86    359.23
   412.20    711.82    642.28
   630.88    534.63    446.93
   508.13    601.74    739.58
   549.18    450.41    736.81
   358.84    562.94    819.61
   383.38    638.77    543.03
   611.46    593.61    628.35
   482.33    546.03    799.75
   514.73    658.41    350.68
   539.37    847.05    387.60
   517.82    598.10    424.17
   490.70    618.66    387.08
   668.09    565.37    456.04
   400.72    609.50    559.12
   287.93    789.54    648.66
   761.07    561.31    325.22
   462.80    648.73    544.21
   710.66    570.60    296.04
   511.53    653.31    549.24
   619.42    627.40    337.11
   377.55    656.14    691.54
   689.07    599.32    383.17
   463.24    541.73    760.94
   505.94    635.61    249.01
   585.24    597.62    484.30
   343.31    552.02    675.69
   332.41    656.87    843.70
   524.07    624.99    621.01
   276.76    677.91    654.35
   372.16    627.43    518.45
   637.93    480.05    542.43
   402.28    665.80    688.71
   375.76    619.37   1193.85
   501.16    516.61    687.93
   518.28    600.12    238.38
   568.02    551.18    349.24
   417.13    655.89    460.71
   694.64    578.10    456.80
   755.03    493.60    200.60
   437.42    628.91    909.82
   771.58    594.61    321.39
   634.45    465.89    472.24
   579.80    594.41    360.15
   534.36    546.21    449.90
   604.04    556.68    671.56
   540.05    533.99    858.03
   362.21    828.08    630.76
   572.26    566.40    586.95
   646.13    652.67    368.82
   342.10    546.18   1133.15
   571.98    500.54    470.02
   738.57    553.25    363.82
   556.72    580.15    555.56
   694.57    468.26    473.80
   520.61    660.32    560.11
   603.45    617.01    488.72
   311.16    618.75    873.58
   419.79    630.24    799.34
   521.59    750.56    466.67
   548.40    669.74    474.54
   473.45    579.21   1161.02
   488.35    620.37    478.41
   690.09    657.40    467.35
   980.44    475.65    198.47
   643.44    579.69    970.84
   563.35    540.49   1036.25
   774.35    516.39    500.07
   702.80    538.41    306.51
   714.97    472.60    334.67
   782.93    438.55    399.24
   651.21    556.17    373.22
   475.73    619.67    823.40
   430.11    627.27    735.86
   337.16    437.38   1352.98
   501.07    480.31    638.36
   609.98    602.90    448.69
   672.70    466.82    510.33
   575.69    556.41    497.32
   661.74    596.94    486.64
   807.60    539.39    249.16
   475.61    654.98    610.98
   589.84    640.50    648.13
   641.13    533.10    331.75
   404.25    633.71    640.17
   442.92    628.77    845.04
   690.13    585.24    457.51
   537.60    597.38    426.57
   378.52    539.33    820.60
   346.96    635.47    836.22
   655.72    520.85    291.84
   739.21    553.01    571.61
   652.65    636.41    339.45
   713.84    604.45    579.64
   598.42    425.48    477.14
   182.30    655.38   1203.35
   395.88    584.18    780.27
   508.26    482.42    817.72
   450.87    701.19    496.81
  1056.08    560.61    352.01
   380.05    665.04    513.22
   914.07    431.82    284.60
   571.95    535.43    628.51
   664.25    585.61    586.30
   208.90    472.27   1579.90
   361.52    526.05   1129.44
   918.91    434.46    409.74
   534.67    599.07    354.19
   618.73    633.23    271.86
   731.02    548.47    343.20
   530.90    596.24    612.02
   568.36    473.17    812.93
   551.25    538.48    696.82
   452.08    589.05    623.17
   413.25    475.70   1158.33
   763.98    590.77    518.02
   696.77    534.14    198.81
   854.45    538.06    426.09
   320.69    523.06   1278.17
   434.67    574.31    717.48
   514.45    587.97    564.74
   352.42    636.45    711.97
   628.36    636.72    362.41
   452.88    599.86    817.18
   771.11    642.28    485.75
   731.74    710.75    376.73
   640.83    550.17    409.29
   480.16    731.95    711.97
   552.93    598.50    614.25
   380.52    516.95   1195.27
   526.00    708.21    585.39
   595.91    522.02    548.89
   673.66    591.40    887.33
   593.32    587.26    596.58
   351.22    629.33    794.78
   346.93    546.51   1131.36
   397.79    608.28   1172.88
   487.66    393.11   1488.43
   672.13    563.49    396.86
   360.97    662.19    378.38
   446.39    618.26    621.36
   719.18    543.89    575.87
   731.50    543.63    576.54
   529.74    650.00    583.17
   523.61    636.66    729.15
   569.19    588.29    412.49
   744.93    533.31    439.21
   256.80    672.00    739.46
   568.99    607.30    380.33
   405.31    560.82    671.23
   499.43    569.33    452.08
   565.48    524.49    328.41
   505.51    527.57    763.77
   400.62    598.11    641.04
   669.92    559.55    687.96
   328.47    485.85   1227.32
   497.41    565.70    860.06
   378.97    793.96    668.50
   416.03    510.44   1086.70
   757.79    585.65    323.08
   692.80    634.00    198.99
   499.67    368.93   1140.95
   560.27    730.62    738.72
   352.43    656.48    523.63
   485.25    696.79    714.73
   382.85    640.20    688.28
   600.85    626.91    384.30
   460.41    611.88    583.95
   603.58    526.66    691.42
   611.73    529.86    549.00
   463.93    550.06   1039.53
   626.54    546.06    814.02
   577.62    586.83    442.57
   586.77    509.76    457.87
   505.78    614.85    736.10
   739.18    590.31    518.08
   649.63    532.87    405.22
   434.10    617.81    741.58
   688.34    522.99    598.17
   485.79    566.60    699.37
   495.44    630.65    750.66
   641.47    582.83    386.36
   309.43    732.78    699.61
   854.20    466.10    457.18
   673.29    457.99    561.00
   407.36    586.53    647.39
   832.97    554.10    507.46
   624.50    543.71    721.13
   698.00    498.86    437.25
   722.91    579.87    506.21
   468.40    611.16    596.15
   588.97    602.39    474.40
   526.70    559.33    945.50
   605.50    577.66    453.29
   742.61    486.81    321.28
   333.06    625.60    776.16
   323.67    662.10    571.17
   595.57    672.62    520.81
   745.37    417.14    408.92
   544.68    565.71    605.84
   316.29    579.41    634.98
   570.25    654.83    565.38
   456.01    729.89    413.64
   545.77    506.67    917.71
   676.59    605.79    621.20
   380.83    591.09    662.93
   394.71    645.17   1104.23
   364.71    541.86   1307.64
   692.28    432.11    507.70
   328.99    687.17    433.91
   689.75    563.88    368.43
   448.71    508.01    617.40
   474.53    579.22    617.69
   513.06    586.98    804.80
   757.15    518.06    401.65
   675.95    486.82    381.95
   475.04    685.87    563.57
   159.74    320.25   2217.11
   431.61    601.18    487.01
   453.95    533.82    706.00
   642.70    507.44    516.36
   416.32    620.22    322.54
   517.06    565.97    581.36
   376.34    617.29    523.89
   792.64    436.00    341.98
   783.86    617.41    350.45
   409.57    471.38    540.48
   522.10    603.61    516.42
   417.09    347.20   1686.75
   428.40    613.23    724.56
   428.98    641.88    587.52
   491.18    698.64    556.03
   984.25    494.23    339.25
   424.13    514.51    657.16
   222.54    510.17   1429.94
   373.62    474.71    820.66
   727.29    498.27    303.32
   804.39    473.97    399.38
   660.26    496.07    554.94
   462.47    690.39    691.56
   555.10    580.79    366.91
   520.96    549.18    539.82
   824.08    523.81    389.96
   730.36    613.90    411.78
   194.16    565.69   1186.71
   953.95    533.10    271.10
   585.97    601.40    451.92
   335.26    620.60    723.80
   293.37    649.02    768.71
   656.11    469.77    574.60
   467.51    572.88    439.77
   640.01    576.26    430.33
   758.71    576.18    378.95
   271.22    567.26    828.00
   481.20    662.13    479.33
   695.11    610.70    423.17
   613.58    666.22    431.49
   509.37    669.56    385.31
   726.87    598.83    259.16
   908.66    475.81    309.30
   706.65    543.14    436.53
   266.16    579.08   1171.72
   827.02    432.77    400.59
   789.26    526.90    546.77
   489.53    676.89    501.57
   349.53    666.09    695.18
   215.62    631.16    809.54
   603.59    452.51    499.27
   599.35    556.14    361.28
   379.84    582.69    784.84
   269.37    664.29   1039.28
   429.88    647.70    703.33
   636.20    676.66    270.41
   355.54    601.01    597.69
   658.08    569.81    521.30
   441.47    653.80    388.95
   481.65    589.86    598.93
   308.00    621.11    534.11
   788.13    515.58    326.57
   675.79    535.42    475.17
   555.18    655.41    429.38
   556.20    574.22    447.28
   642.24    514.27    380.50
   471.61    659.98    409.40
   727.06    579.99    732.07
   312.63    617.67    793.82
   474.27    565.53    548.50
   575.54    533.88    425.29
   582.74    574.67    467.14
   592.63    618.84    523.86
   471.57    575.49    722.20
   621.61    617.03    345.84
   642.05    555.66    551.49
   704.52    566.25    554.48
   708.59    521.88    291.98
   488.06    589.32    655.37
   355.65    569.81   1018.72
   878.73    528.36    261.02
   649.69    527.05    548.02
   488.01    538.67    463.02
   691.58    564.17    256.59
   418.64    731.08    500.38
   466.79    535.44    806.27
   546.11    603.48    479.60
   501.68    634.29    636.73
   934.42    473.15    341.78
   476.28    604.28    446.31
   810.68    485.81    475.28
   530.11    476.07    686.02
   498.47    644.13    403.18
   694.21    510.39    675.46
   857.71    448.03    289.96
   732.81    602.39    242.59
   672.54    464.11    498.24
   623.11    512.41    678.29
   766.91    631.85    315.68
   524.41    627.41    572.37
   455.28    654.59    796.42
   454.94    708.74    472.52
   563.75    631.67    465.62
   557.11    542.10    292.12
   623.92    533.65    568.11
   728.79    498.09    509.14
   180.29    715.16   1005.43
   489.58    595.42   1009.49
   545.83    533.46    398.05
   576.61    706.85    456.95
   385.36    630.94    788.92
   513.24    552.11    561.03
   414.03    617.44    674.91
   742.30    504.87    375.06
   768.48    673.77    437.11
   823.24    474.62    325.72
    94.69    483.23   1809.32
   647.57    588.91    440.23
   539.27    554.98    555.51
   983.35    435.21    352.57
   491.42    657.03    348.71
   349.40    521.08   1038.98
   525.32    548.18    655.75
   540.35    390.65    644.97
   560.57    692.59    344.85
   391.86    624.80    446.19
   423.49    586.29    593.39
   290.88    685.26    694.45
   694.86    528.52    435.04
   697.32    638.18    382.66
   529.93    606.14    626.52
   581.98    556.51    619.72
   414.54    562.52    581.00
   674.25    685.50    496.41
   731.74    543.05    547.22
   625.32    569.51    273.77
   691.64    581.83    294.95
   918.74    476.74    307.58
   362.38    447.58   1474.87
   471.03    609.21    346.01
   421.43    650.06    711.62
   483.17    686.42    652.36
   560.32    585.53    477.10
   315.31    667.46    677.93
   866.40    481.31    337.48
   513.85    543.17    408.59
   357.37    590.24    646.45
   772.80    492.98    442.45
   499.55    639.90    625.32
   566.16    572.10    876.89
   546.60    635.68    515.04
   278.32    669.68    499.84
   757.76    624.86    217.55
   666.32    552.39    759.66
   582.56    546.76    430.18
   427.52    538.43    626.08
   789.36    549.33    391.44
   869.65    561.65    293.22
   293.38    549.50    984.12
   638.71    588.28    567.38
   708.90    538.77    693.53
   732.82    604.45    334.61
   542.34    596.02    588.50
   539.45    510.05   1609.61
   670.38    522.75    652.15
   915.68    476.33    506.21
   388.43    629.85    449.30
   536.78    558.07    632.42
   432.15    690.96    454.80
   400.67    630.25   1012.85
   534.18    540.92    484.60
   387.33    671.48    599.70
   587.61    582.92    642.66
   489.55    684.97    354.67
   582.85    632.07    577.06
   423.83    599.61    454.39
   728.59    559.43    243.15
   747.45    550.39    309.28
   589.38    604.87    397.57
   367.22    806.79    867.70
   384.48    704.65    458.49
   662.92    551.50    527.98
  1100.36    416.81    348.45
   509.98    555.31    281.28
   450.62    647.67    505.44
   539.87    651.79    502.56
   569.33    590.07    541.88
   547.97    658.74    823.42
   291.76    544.63   1063.24
   617.70    581.60    283.40
   683.55    474.68    578.33
   542.63    616.09    285.74
   772.39    456.18    482.66
   541.46    547.40    530.36
   553.53    650.01    536.32
   688.79    587.97    341.14
   474.75    707.44    491.20
   307.41    512.06    902.06
   700.85    521.90    491.54
   261.90    690.84    834.48
   599.42    572.50    518.72
   569.65    534.67    512.30
   447.52    605.81    791.96
   511.22    468.73    899.28
   574.19    666.69    416.24
   430.64    511.06    946.90
   414.81    674.92    584.89
   326.58    480.51   1088.56
   549.48    539.06    267.61
   763.93    491.00    393.88
   700.89    586.28    314.79
   421.19    672.23    670.89
   774.88    548.97    430.45
   463.23    646.78    506.90
   313.87    587.27    715.18
   801.82    467.48    315.23
   610.91    505.39    235.81
   969.58    540.08    311.47
   713.59    478.27    493.79
   383.52    532.04   1070.76
   865.81    552.58    337.71
   411.31    556.80    620.10
   436.30    645.28    326.03
   364.88    609.81    555.43
   533.13    545.80    606.67
   432.31    614.27    389.08
   565.58    652.33    331.60
   646.10    636.68    392.97
   733.64    473.06    320.84
   724.48    504.37    341.66
   453.60    637.39    532.41
   666.49    537.01    516.18
   299.23    699.62    731.62
   501.05    606.62    404.31
   403.08    534.43    994.23
   323.76    607.74    536.45
   824.62    587.58    350.10
   907.59    505.66    273.61
   310.13    637.13    654.77
   609.11    565.45    581.52
   381.08    647.14    572.65
   635.38    637.22    645.74
   683.29    506.05    484.24
   200.96    721.35    613.13
   371.58    594.17    578.79
   633.13    498.15    501.51
   407.58    613.18    925.84
   562.85    520.60    496.85
   417.40    629.44    964.46
   454.44    644.77    390.63
   715.23    551.98    339.48
   559.89    728.49    461.65
   376.61    503.84    650.89
   786.12    544.20    478.89
   520.24    646.36    670.68
   273.23    601.42    792.70
   416.54    549.00    473.72
   537.43    487.48    726.35
   541.85    586.93    783.58
   702.97    540.06    409.12
   307.81    626.63   1154.15
   331.10    682.76   1010.08
   685.76    579.86    359.22
   758.53    598.47    736.35
   803.14    463.79    284.08
   528.75    567.00    506.12
   316.39    600.21    696.20
   544.02    556.20    339.88
   723.77    563.10    426.93
   409.50    625.32    508.77
   627.64    583.07    323.39
   525.26    650.32    421.32
   675.56    494.87    933.45
   615.28    498.56    978.75
   278.88    653.72    688.30
   755.71    620.55    310.50
   699.16    550.20    490.70
   677.77    488.61    367.04
   543.85    524.31    734.22
   504.04    541.85    687.63
   370.63    714.35    464.56
   396.01    671.89    648.79
   238.47    685.75    883.97
   248.54    557.74    894.45
   283.88    636.76    751.62
   332.92    728.89    451.94
   542.39    728.45    746.76
   561.78    657.77    523.81
   694.55    598.06    257.87
   360.51    604.31    730.78
   539.91    616.54    798.59
   906.03    471.08    367.48
   544.84    577.12    608.90
   508.58    579.07    545.62
   666.96    592.48    549.52
   392.31    577.96   1136.30
   536.75    500.13    335.74
   380.74    584.13    800.19
   375.79    723.05    585.79
   810.56    474.73    328.75
   536.40    610.95    814.55
   442.25    610.25    576.45
   621.30    537.48    509.71
   409.13    509.90   1387.13
   583.25    629.20    506.84
   243.36    720.74    553.88
   414.67    637.52    658.57
   565.43    514.79    417.83
   441.44    558.74    758.83
   224.46    655.61    883.48
   479.10    717.43    407.88
   663.19    627.39    397.81
   595.83    604.65    711.17
   541.46    594.29    612.41
   589.03    535.85    518.33
   762.61    543.60    404.15
   557.98    705.67    470.08
   641.81    591.91    382.41
   437.78    591.70    772.56
   403.09    581.05    768.88
   738.81    638.41    140.43
   464.92    530.80    664.80
   655.01    572.83    297.65
   853.06    482.80    321.84
   795.93    608.25    485.16
   677.56    483.49    384.16
   735.90    551.85    555.38
   686.22    512.99    624.69
   386.10    706.32    879.30
   246.89    441.19   1603.37
   185.62    604.49    999.84
   369.20    609.84    992.19
   590.64    550.52    609.10
   787.35    500.86    349.15
   797.53    601.09    332.55
   769.66    573.23    452.24
   336.05    673.84    525.64
   537.35    580.29    416.72
   224.90    739.31    715.39
   657.00    504.50    754.62
   407.14    563.72   1173.78
   381.45    550.55   1294.83
   634.28    640.24    739.52
   533.77    577.46    521.94
   293.82    826.34    613.01
   593.16    518.96    700.52
   397.05    564.01    883.48
   554.74    643.07    527.45
   783.63    546.01    206.91
   504.29    596.47    734.37
   344.07    639.87    394.90
   350.48    545.45   1300.93
   680.93    517.43    602.01
   426.40    624.26    485.55
   741.08    522.50    356.65
   739.44    608.00    481.53
   407.48    573.39    488.39
   330.06    571.11    966.14
   582.54    553.52    427.28
   947.66    538.46    339.67
   389.51    662.67    584.13
   596.78    607.30    376.70
   453.30    616.21    859.38
   461.76    641.28    374.09
   738.09    658.16    341.63
   488.14    602.21    811.48
   503.14    523.42    566.57
   775.32    443.79    314.75
   608.07    587.77    415.27
   385.73    620.13    705.21
   704.86    517.45    314.81
   562.87    651.82    369.75
   341.79    630.84    833.17
   754.13    620.55    446.47
   732.34    541.10    263.67
   555.44    605.93    320.56
   208.64    508.95   1741.26
   519.42    497.91    748.70
   350.12    643.93    316.42
   724.81    528.48    611.64
   381.37    535.10    791.19
   698.36    599.66    424.97
   482.31    529.11    731.55
   418.61    455.59    862.83
   401.06    630.35    755.32
   755.13    524.18    326.26
   522.69    698.71    524.93
   434.41    538.21    658.60
   550.15    533.46    289.25
   547.66    578.03    954.12
   770.35    462.75    246.03
   337.43    621.07    628.43
   618.67    517.67    467.18
   520.17    651.79    488.11
   425.95    541.29    853.09
   712.58    582.61    376.87
   729.66    630.98    438.95
   441.11    636.02    613.18
   813.48    456.27    284.83
   724.09    537.71    643.01
   402.54    592.02    681.89
   743.15    524.94    320.78
   543.02    696.70    430.62
   523.63    693.03    508.27
   420.72    620.15    758.79
   354.09    672.58    639.82
   484.93    596.60    555.09
   422.61    662.01    722.48
   371.60    556.12   1199.95
   755.62    505.86    441.93
   481.71    650.40    556.43
   573.69    595.71    504.82
   259.72    510.08   1510.74
   493.55    603.18    556.65
   635.46    547.76    429.28
   469.66    539.63    643.08
   648.25    349.83   1469.58
   697.23    550.20    462.71
   643.47    591.24    473.92
   536.55    518.38    478.35
   350.70    684.69    528.48
   612.64    699.49    475.34
   582.33    660.44    385.12
   539.22    711.68    531.41
   677.44    517.20    522.28
   439.09    610.50    327.60
   574.05    625.10    473.79
   360.27    614.08    528.36
   812.65    390.38    631.34
   660.91    473.21    506.07
   508.11    550.08    448.54
   686.28    656.44    472.31
   768.85    561.40    268.03
   647.02    564.10    416.85
   450.60    553.88    614.37
   478.24    619.13    653.54
   369.91    604.57    646.63
   514.90    590.46    721.87
   472.98    659.84    316.08
   316.43    540.63    988.51
   589.93    612.80    295.30
   505.36    680.61    822.91
   285.57    564.83    892.94
   661.55    583.07    508.89
   679.48    571.12    297.79
   691.13    665.59    290.90
   431.46    580.85    442.41
   590.43    598.87    467.95
   682.64    470.91    544.97
   455.44    531.84    893.44
   365.87    602.55    935.00
   215.20    678.10    671.87
   637.66    640.91    630.48
   397.20    635.35    661.75
   558.79    621.27    644.08
   814.10    537.58    367.79
   547.61    604.87    547.99
   223.46    809.39    894.04
   794.47    535.10    243.11
   582.00    657.80    427.84
   510.33    675.99    810.90
   410.45    592.50    529.88
   613.78    659.39    593.14
   561.16    536.39    900.98
   666.03    582.84    343.81
   375.73    554.26    953.63
   478.61    584.12   1051.11
   562.85    582.43    516.75
   542.90    523.50    709.05
   663.71    532.11    545.98
   605.72    594.06    532.26
   415.08    620.60    519.44
   481.25    635.53    869.79
  1033.35    420.34    305.91
   573.96    511.49    993.89
   719.08    523.14    487.58
   920.99    476.75    293.02
   288.60    696.40    600.68
   383.33    787.40    683.20
   353.18    641.52    726.95
   393.01    588.49   1298.72
   570.70    558.37    465.12
   427.68    586.96    374.83
   391.72    684.04    675.38
   544.56    620.45    459.07
   712.42    572.59    560.85
   706.58    575.11    281.65
   565.88    603.09    552.68
   442.11    764.38    417.27
   729.87    521.49    331.37
   490.97    590.29    467.09
   594.92    710.29    586.20
   361.59    553.12   1147.59
   546.22    556.11    387.91
   714.20    509.74    776.62
   568.88    574.21    480.96
   714.12    587.29    345.26
   624.94    713.28    473.52
   686.90    563.12    502.43
   579.87    619.27    357.11
   231.77    569.91   1006.53
   512.66    595.12    400.09
   509.28    543.85    670.79
   740.57    530.06    641.13
   359.05    582.01   1123.03
   671.75    538.41    741.86
   526.11    642.81    581.70
   323.65    714.61    428.59
   457.61    679.29    432.90
   508.83    646.21    580.09
   544.03    733.80    589.64
   559.29    505.47    495.59
   373.74    634.15   1068.94
   551.34    536.13    926.82
   614.94    613.32    375.61
  1069.35    435.21    238.51
   409.56    495.09   1196.89
   485.99    639.17    758.58
   463.52    582.82    683.89
   675.76    604.52    499.45
   415.81    552.52    720.45
   409.05    575.03    478.16
   532.94    586.90    599.51
   441.45    624.08    536.86
   362.34    566.98   1178.02
   945.45    529.58    506.20
   705.85    579.04    462.88
   593.26    548.62    348.52
   405.28    671.13    442.80
   745.88    520.09    298.45
   454.21    714.28    357.44
    84.47    647.54   1090.62
   534.63    648.14    479.76
   482.95    648.83    367.80
   384.61    730.78    621.86
   521.30    564.84    633.43
   531.09    663.31    409.70
   266.51    673.89   1005.50
   790.33    537.10    443.60
   810.29    493.82    440.01
   833.40    591.95    225.92
   611.68    588.52    410.27
   333.64    590.54    982.18
   530.24    671.85    573.79
   636.55    578.69    702.78
   652.91    529.71    477.82
   534.97    608.45    520.92
   282.44    740.42    755.65
   434.82    526.29    572.82
   779.97    578.70    351.54
   383.85    495.04    965.90
   205.56    657.54    846.06
   517.60    684.64    665.98
   465.67    635.52    730.67
   506.95    540.88    560.53
   523.52    661.94    525.84
   631.53    422.41    899.32
   361.22    691.91    484.24
   545.99    587.40    650.94
   482.95    621.61    774.43
   528.93    529.70    518.91
   678.52    555.59    401.53
   433.91    514.39   1110.67
   554.87    626.88    468.87
   513.91    642.14    727.24
   599.37    488.65    485.01
   585.62    564.32    474.95
   444.49    640.46    598.79
   473.92    610.41    527.25
   322.23    684.11    570.67
   509.11    591.10    530.84
   667.55    518.50    337.56
   564.94    627.57    365.25
   596.30    598.71    248.99
   502.03    619.45    441.14
   459.67    598.26    887.17
   410.10    617.85    791.90
   590.82    559.60    515.15
   428.62    586.74    962.57
   451.69    461.46    897.25
   234.53    547.40   1100.07
   557.53    652.27    634.58
   888.03    697.78    199.71
   369.86    622.35   1114.31
   780.55    615.44    341.92
  1017.79    558.47    216.02
   444.01    558.97    631.78
   748.24    493.04    237.16
   406.74    640.09    469.67
   505.06    605.75    788.32
   464.53    612.39    528.20
   334.30    620.38   1011.98
   711.26    590.25    418.54
   830.20    505.81    877.02
   890.76    515.13    352.26
   725.37    595.28    217.34
   863.82    505.56    412.07
   506.44    466.42    647.87
   550.10    602.07    343.34
   495.96    545.97    549.15
   558.01    571.65    463.78
   759.45    546.25    421.93
   446.51    601.65    511.06
   572.82    594.21    500.30
   604.46    553.47    556.94
   819.52    448.26    265.38
   885.42    555.28    405.72
   282.07    612.57    662.55
   517.19    642.31    415.39
   463.81    580.21    375.26
   588.35    479.60    312.09
   414.16    637.99    542.68
   578.00    555.18    502.70
   320.95    673.00    855.21
   452.65    644.05    454.71
   286.10    677.07    953.84
   641.13    500.89    614.45
   786.83    542.29    283.52
   515.78    533.84    411.64
   458.84    654.43    609.95
   256.45    686.41    598.59
   917.90    433.90    243.54
   652.17    610.56    541.87
   467.84    702.18    634.23
   237.44    706.37    830.68
   374.57    758.65    706.94
   747.50    664.67    448.96
   692.93    519.61    624.07
   502.21    689.94    745.21
   615.31    770.79    644.16
   753.10    486.01    327.66
   321.58    516.18   1099.06
   609.32    593.23    285.16
   444.23    593.21    675.39
   192.47    605.03   1079.53
   464.36    546.71    896.83
   717.04    542.50    414.18
   621.38    604.00    562.00
   586.62    693.10    435.21
    91.57    714.20   1292.51
   561.61    609.82    621.77
   628.80    516.06    365.16
   518.19    561.18    746.96
   538.40    571.19    353.30
   518.35    540.22    724.73
   584.38    534.78    432.42
   632.44    516.75    552.31
    33.76    564.44   1307.86
   405.94    531.69    975.92
   914.17    490.09    283.68
   715.32    497.27    556.76
   778.89    438.48    413.05
   376.39    653.64    406.53
   475.27    585.04    486.44
   568.92    584.58    484.12
   364.98    584.68    685.35
   561.06    667.84    534.66
   704.83    626.88    498.46
   189.77    606.33   1431.20
   581.31    631.14    693.92
   481.63    500.35    436.18
   801.84    488.67    488.27
   647.74    527.21    416.88
   642.47    433.53    597.56
   625.92    561.31    438.03
   630.38    529.30    516.28
   486.84    642.16    346.06
   655.14    613.46    542.34
   440.10    709.51    473.25
   483.09    622.82    463.43
   628.50    636.93    403.86
   360.94    508.71    750.99
   747.18    574.49    292.94
   805.67    484.20    527.69
   835.81    560.79    355.97
   351.66    615.31    552.17
   468.40    629.12    355.25
   418.57    541.27    992.65
   604.47    596.00    306.10
   744.82    574.44    181.54
   617.18    590.96    379.47
   369.03    619.62    647.30
   822.62    484.81    344.74
   452.37    627.74    890.78
   231.79    659.43    882.97
   816.15    509.95    221.54
   623.44    631.21    405.04
   463.61    608.39    805.29
   560.05    432.01   1062.90
   684.09    596.51    480.21
   478.25    582.22    436.79
   374.32    684.23    426.02
   451.35    634.00    919.17
   460.65    655.37    359.42
   573.13    584.44    378.57
   328.69    560.09    600.53
   758.08    567.61    399.69
   605.57    618.28    372.36
    73.46    676.79   1486.67
   580.41    564.53    890.45
   337.96    666.96   1049.05
   321.54    626.24    933.51
   799.37    440.73   1095.54
   744.01    538.94    338.68
   611.56    539.67    587.00
   437.70    591.76    594.39
   572.09    623.30    461.46
   731.81    599.20    304.37
   443.28    576.91    577.73
   349.67    726.23    535.91
   509.73    512.23    691.09
   154.73    713.60    919.33
   598.60    533.11    746.11
   854.73    504.49    412.44
   558.68    506.19    378.11
   548.76    534.80    431.94
   673.36    594.82    543.67
   590.78    620.68    571.35
   532.30    684.72    468.80
   206.11    627.63   1044.46
   637.86    600.67    265.91
   656.85    550.64    691.95
   550.26    560.64    444.81
   475.99    582.97    392.22
   156.73    653.45    846.35
   243.78    726.18    834.81
   492.83    532.93    497.16
   358.73    593.83    825.40
   682.23    667.56    191.43
   468.38    662.36    633.32
   809.10    600.67    502.67
   518.81    685.32    587.55
   667.10    617.11    238.56
   667.80    568.40    747.03
   630.73    473.00    461.84
   571.76    652.96    404.59
   166.43    569.40    843.91
   406.11    636.02    585.45
   554.83    442.41    682.16
   527.30    600.57    587.34
   704.03    600.44    657.30
   438.16    596.91    793.02
   530.25    592.95    467.71
   604.99    683.35    479.07
   373.19    618.77    607.18
   519.12    533.63    749.46
   696.27    610.10    774.15
   527.40    538.10    675.53
   786.57    491.27    477.90
   803.01    532.34    393.89
   800.09    447.52    274.72
   916.96    486.99    349.01
   645.21    601.56    893.94
   352.88    632.09    595.51
   508.45    612.09    434.69
   682.64    570.49    294.99
   345.15    675.58    763.56
   424.40    545.61    910.61
   308.24    586.19    765.85
   502.51    709.54    561.35
   491.04    577.74    408.01
   494.48    583.14   1110.03
   608.06    515.87    335.45
   514.28    499.20    858.60
   654.31    549.09    415.34
   677.72    492.94   1023.83
   343.91    559.73    609.75
   288.97    563.59   1278.88
   642.20    612.06    382.75
   675.02    554.16    640.70
   324.98    641.88    638.18
   529.16    604.24    521.33
   624.49    606.71    575.20
   682.00    523.77    351.92
   286.31    787.75    527.87
   489.78    707.02    392.15
   699.44    574.32    359.29
   510.72    588.10    530.01
   644.83    637.90    612.01
   494.48    618.77    562.89
   418.84    695.25    651.93
   585.80    626.38    455.20
   387.87    562.90    884.15
   639.10    547.04    388.12
   541.80    578.92    674.85
   612.33    611.56    295.73
   792.13    711.59    212.29
   485.76    685.58    601.26
   232.16    703.35    929.54
   753.86    526.11    426.56
   617.30    637.33    427.74
   318.36    471.16   1210.50
   317.93    677.40    889.02
   304.86    454.77   2071.25
   515.83    557.04    628.64
   522.08    545.39   1046.65
   669.36    559.07    506.12
   646.68    666.30    324.02
   440.78    568.80    505.87
   358.74    720.89    580.28
   524.83    655.37    641.99
   183.74    494.75   1037.14
   660.98    673.22    390.88
   447.23    658.94    623.39
   521.56    572.26    378.33
   435.39    655.91    711.00
   370.65    542.46    819.85
   371.82    567.27    507.02
   821.30    559.93    545.60
   655.90    583.17    149.97
   238.67    628.78    805.09
   608.14    561.32    503.58
   422.13    589.62   1358.26
   678.29    544.26    735.95
   443.13    703.83    522.29
   645.53    514.31    450.44
   293.80    651.52    848.24
   659.42    650.46    492.83
   735.15    593.82    669.73
   317.96    639.45    975.02
   486.71    577.54    605.92
   653.39    618.53    394.11
   958.63    470.04    328.69
   653.76    421.99    492.80
   668.66    582.14    517.29
   455.55    603.47    734.52
   524.35    645.78    519.26
   568.73    528.39    791.49
   227.30    363.76   2347.34
   454.47    621.88    818.06
   421.85    674.19    643.51
   651.16    595.87    383.48
   617.88    584.49    396.85
   710.13    499.84    472.01
   681.00    553.22    648.71
   486.58    691.68    431.31
   453.39    596.44    541.28
   667.98    662.60    367.46
   573.00    648.47    419.46
   377.03    582.79    447.21
   269.88    532.29   1175.53
   429.91    685.31    565.49
   221.26    544.41   1365.61
   710.39    493.57    325.16
   673.89    595.33    696.42
   610.04    563.50    299.67
   403.89    701.13    772.51
   715.33    487.54    373.52
   647.35    570.46    533.31
   425.54    692.79    428.88
   655.48    535.32    265.08
   594.50    377.19    930.06
   519.32    538.79    621.34
   374.11    529.78   1128.65
   560.58    565.76    475.98
   581.88    640.45    422.34
   667.07    564.30    288.12
   728.53    443.11    434.86
   341.05    609.37    694.69
   353.87    646.57    505.70
   238.48    632.29    959.34
   748.23    618.18    349.10
   670.07    531.70    338.41
   305.22    676.11    770.30
   467.18    594.37    539.04
   573.66    515.99    465.05
   481.53    610.32    689.31
   744.24    593.22    578.72
   559.53    638.39    443.12
   674.77    551.04    560.95
   459.62    698.36    422.43
   515.54    569.13    750.47
   794.44    607.26    270.26
   334.43    601.36    763.75
   698.49    497.19    732.76
   566.01    666.70    447.25
   724.61    467.41    633.79
   567.52    543.14    548.97
   631.99    627.66    452.14
   671.15    577.94    484.17
   748.24    584.58    231.88
   236.43    847.66    565.88
   473.22    539.96    667.84
   674.37    497.25    636.99
   593.13    558.56    540.54
   901.20    457.42    407.71
   705.99    592.54    268.80
   742.77    566.08    318.98
   412.74    586.01    597.93
   231.64    652.70   1022.32
   530.31    605.78    733.62
   537.27    556.79    730.21
   695.81    485.60    815.17
   979.50    508.36    300.57
   772.93    602.27    218.79
   561.72    734.79    411.84
   561.80    526.11    693.32
   476.64    546.92    649.16
   566.36    666.23    504.22
   586.64    553.68    683.08
   712.26    486.60    511.17
   629.66    478.51    582.93
   908.99    559.98    296.62
   451.30    524.28    479.45
   379.65    650.49    716.76
   394.52    562.50    768.84
   279.87    691.43    506.72
   580.80    661.44    444.83
   427.14    695.82    455.67
   412.28    621.04    326.77
   370.19    696.34    383.31
   411.36    633.29    810.65
   666.19    538.71    411.80
   342.55    705.83    750.65
   712.62    600.68    418.48
   353.69    648.30    837.71
   400.86    592.52    529.45
   336.35    578.13    949.24
   599.27    656.89    547.14
   588.96    609.69    372.73
   745.24    578.31    405.28
   596.41    597.76    550.00
   530.08    596.79    453.97
   674.57    596.83    392.16
   679.69    457.11    422.33
   588.16    665.15    371.68
   448.24    639.51    751.80
   584.79    613.48    596.81
   416.21    640.20    578.61
   565.41    618.74    505.87
   437.27    623.63    643.39
   794.26    472.60    441.01
   671.93    641.07    473.21
   542.31    653.75    401.34
   478.75    572.63    533.62
   424.45    556.55    622.56
   746.44    639.10    289.47
   473.73    656.54    465.74
   699.79    680.41    463.42
   436.93    683.47    394.93
   362.23    697.38    518.72
   389.48    519.85   1161.28
   470.57    661.10    517.56
   698.91    543.43    275.56
   533.52    681.64    479.33
   388.20    450.27    598.82
   223.40    691.97    755.14
   733.15    608.20    429.59
   589.52    507.69    573.59
   170.42    623.85    879.22
   672.69    653.96    351.02
   383.95    581.03    801.26
   757.41    599.73    865.04
   691.61    451.89    414.74
   612.98    520.73    622.68
   378.30    676.11    554.84
   182.16    714.47    846.48
   679.60    540.71    549.81
   463.70    587.91    360.46
   311.29    574.60    988.19
   576.42    570.77    495.50
   495.48    595.23    456.33
   575.08    600.32    492.03
   746.81    579.92    462.32
   464.21    693.56    498.40
   582.80    601.93    265.34
   436.90    607.80    380.73
   959.13    595.27    121.62
   817.41    561.75    440.65
   599.36    510.84    484.30
   432.51    513.04    738.06
   629.06    718.89    370.70
   569.88    645.18    461.93
   421.20    686.74    634.39
   491.99    593.01    399.45
   593.50    616.74    508.91
   559.37    590.66    467.67
   766.19    517.91    367.86
   537.98    563.20    571.70
   494.66    562.11    885.53
   517.03    577.85    848.47
   635.19    502.82    455.95
   659.37    616.58    460.78
   457.64    575.94    615.79
  1095.87    517.78    395.53
   582.51    617.82    785.31
  1032.36    421.90    454.02
   590.20    582.69    282.85
   427.97    636.83    611.58
   711.39    528.05    277.81
   269.79    569.08   1087.38
   604.96    633.37    436.42
   429.67    687.18    509.63
   480.99    712.49    448.53
   873.41    431.52    609.71
   865.24    562.56    412.97
   605.05    681.45    789.57
   687.98    487.71    515.56
   705.88    536.09    336.32
   559.92    688.99    497.24
   415.70    710.42    730.45
   467.00    586.59    506.36
   475.08    591.77    390.11
   489.43    559.48    753.05
   546.76    469.02    844.98
   739.14    510.64    265.08
   808.59    492.29    375.11
   423.42    592.31    593.45
   347.97    705.69    823.72
   484.24    569.89    490.91
   659.26    467.71    439.98
   835.60    589.10    456.37
   789.44    553.93    370.89
   601.51    620.27    518.16
   537.58    640.78    535.02
   592.94    487.61    763.36
   487.09    569.73    672.81
   480.37    669.03    492.19
   380.36    684.49    467.38
   628.14    717.94    186.68
   553.66    683.18    444.49
   173.98    589.38   1264.37
   323.25    496.08   1989.05
   444.07    642.43    467.77
   609.18    542.92    731.23
   690.28    586.43    561.29
   444.27    637.01    781.61
   671.75    607.62    863.94
   832.05    473.01    315.86
   597.56    654.05    414.27
   764.58    581.03    322.07
   668.29    585.27    345.49
   188.14    706.73    731.04
   594.99    590.24    308.85
   505.42    658.02    441.94
   555.26    638.33    482.38
   427.28    547.85    603.77
   784.22    492.68    402.07
   424.35    647.50   1053.09
   292.76    564.11    804.91
   398.54    658.09    725.45
   449.99    577.54    518.30
   781.70    467.85    400.72
   708.22    519.12    423.05
   497.60    572.57    540.55
   773.51    574.98    219.84
   336.36    363.35   2287.56
   449.14    548.50    714.78
   331.48    609.19    800.81
   530.76    619.05    581.90
   564.07    718.92    570.58
   684.38    487.18    413.64
   252.84    682.75    958.54
   499.51    583.24    548.61
   483.74    517.75    682.24
   625.20    516.06    553.80
   559.14    606.25    674.54
   438.98    685.12    798.20
   630.01    650.32    627.54
   413.50    536.86    729.88
   846.75    538.13    316.64
   639.56    474.72    387.35
   898.20    549.47    421.72
   513.90    589.14    526.96
   580.50    480.70    413.17
   720.27    470.07    267.50
   572.92    580.96    920.12
   724.18    469.92    349.70
   356.74    583.81   1373.80
   391.83    505.35    843.99
   592.82    552.82    568.29
   477.90    713.96    510.80
   389.70    633.01    856.25
   497.18    632.63    574.13
   634.32    509.70    826.61
   704.51    577.19    295.66
   428.46    656.22    832.93
   806.73    652.08    500.40
   376.51    619.84    466.73
   720.32    590.78    485.70
   393.13    534.53    713.97
   468.21    638.27    673.63
   721.56    593.65    478.76
   378.85    454.64    693.10
   456.75    651.98    322.49
   789.07    671.95    417.33
   299.53    649.71    841.79
   551.14    520.96    459.53
   377.71    617.89    926.83
   773.51    446.08    648.68
   329.96    583.75   1085.59
   403.59    640.71    777.43
   677.89    555.85    385.44
   598.80    629.01    352.49
   670.97    586.56    220.59
   548.21    654.46    619.69
   324.82    663.60    832.98
   786.42    563.08    493.18
   622.17    636.58    548.01
   440.10    701.33    689.61
   772.09    527.69    515.25
   614.12    656.18    342.04
   528.61    549.96    530.27
   402.89    520.00    633.53
   432.23    689.21    843.96
   835.97    546.69    337.86
   184.96    488.15   1399.84
   637.57    548.60    300.37
   521.06    623.75    731.85
   459.85    552.50    457.88
   542.32    573.87    485.75
   543.20    560.56    505.44
   482.06    669.72    408.67
   479.86    630.76    527.88
   694.74    606.96    651.27
   538.75    571.72    806.00
   478.34    643.61    527.92
   333.77    688.30    382.83
   403.60    615.18    626.74
   810.65    506.12    358.13
   462.06    640.76    481.92
   387.01    650.03    528.97
   541.86    533.59    534.48
   545.79    651.19    407.21
   524.01    613.85    389.93
   710.34    543.39    513.65
   377.50    557.06    524.56
   437.49    663.80    423.27
   921.85    559.47    262.19
   474.12    515.63   1097.69
   364.02    650.55    650.17
   571.14    529.77    357.95
   569.12    624.50    327.00
   464.78    696.67    391.75
   626.48    512.02    431.13
   625.83    639.39    438.57
   555.02    603.81    439.56
   482.82    711.63    579.12
   531.79    622.71    655.50
   286.29    463.31   1308.88
   562.73    494.32    643.40
   325.72    666.32    577.97
   331.54    668.35    870.54
   532.44    544.24    220.27
   461.38    661.28    460.41
   402.62    626.53   1174.84
   524.23    502.62    400.62
   269.13    594.68    703.59
   325.40    714.22    769.05
   560.61    571.23    755.32
   622.40    526.12    813.42
   360.26    654.94    953.62
   609.93    636.32    346.64
   614.55    545.33    401.75
   416.78    432.02   1705.43
   427.96    643.01    772.73
   616.98    622.45    748.54
   615.11    522.76    484.99
   608.10    583.27    304.20
   231.70    622.29    894.81
   339.16    735.77    655.35
   570.33    467.23    739.47
   734.17    533.16    224.12
   654.25    495.03    653.97
   664.11    581.55    415.01
   643.94    530.47    420.63
   592.36    589.12    286.05
   579.18    579.20    461.28
   541.91    608.03    518.68
   552.11    529.11    748.71
   693.54    544.09    388.75
   683.67    641.79    428.93
   434.89    605.43    500.08
   587.45    594.03    472.91
   422.94    611.01    596.47
   630.60    470.02    388.79
   492.65    675.10    812.62
   660.52    541.33    777.27
   444.58    702.16    567.59
   448.20    526.12    440.77
   506.82    533.51    426.69
   522.60    530.07    438.43
   606.33    688.39    515.63
   732.78    539.28    680.12
   876.78    440.63    311.17
   472.73    429.08   1013.94
   377.84    599.77    843.64
   393.30    597.50    978.44
   533.39    582.54    697.57
   768.92    568.29    461.45
   530.04    527.55    782.37
   335.25    612.08    555.54
   679.81    557.96    420.03
   578.00    625.54    521.61
   330.51    629.27    808.29
   524.68    702.12    405.81
   213.51    709.66    778.88
   427.29    710.02    549.87
   752.44    522.51    508.21
   375.11    568.62    586.43
   624.86    523.00    625.21
   372.50    629.88   1063.69
   389.01    497.95   1249.82
   848.61    500.44    534.84
   665.48    579.25    602.45
   763.37    533.98    383.61
   853.97    557.87    546.39
   780.66    578.63    382.59
   576.74    660.75    636.56
   417.08    549.87   1054.25
   810.52    493.24    408.99
   614.60    667.66    361.82
   563.01    562.90    717.12
   612.75    604.21    626.27
   610.11    511.11    617.37
   642.08    536.65    484.23
   873.01    513.32    386.21
   576.79    533.87    369.14
   400.43    642.52    581.33
   420.73    615.28    675.55
   353.71    633.11    750.15
   147.62    806.13    776.47
   549.67    568.88    620.96
   665.77    523.22    627.43
   772.27    486.87    404.34
   467.97    587.68    510.74
   277.91    574.86   1013.96
   675.27    587.72    267.34
   680.09    497.54    238.65
   639.48    589.45    542.44
   728.96    456.45    292.37
   680.93    526.07    638.46
   587.97    582.50   1187.73
   626.15    598.04    412.81
   959.81    408.08    316.83
   459.59    625.46    514.37
   673.93    518.39    554.92
   532.36    667.62    375.95
   341.49    674.99    824.75
   406.28    540.02    620.15
   432.62    632.14    598.56
   395.81    709.17    513.06
   195.73    643.56    996.88
   658.17    537.19    521.83
   694.88    519.98    221.47
   624.64    684.43    614.47
   546.04    596.91    497.78
   393.68    626.01    737.83
   736.29    562.52    423.70
   667.34    541.26    392.54
   838.57    442.80    378.07
   943.78    412.24    507.51
   505.40    590.98    729.94
   708.94    553.68    273.04
   616.10    490.46    486.95
   412.33    549.17    671.77
   436.42    721.59    569.97
   518.77    607.17    523.79
   444.33    552.71    788.40
   454.33    732.63    563.46
   415.30    555.15    745.54
   540.33    581.24    325.77
   502.70    682.64    372.19
   602.23    546.67    618.00
   464.97    642.36    563.17
   594.90    648.76    616.93
   311.90    663.40    662.00
   655.44    611.96    289.48
   394.45    690.60    562.95
   341.62    497.60   1186.87
   813.38    584.96    403.38
   667.39    578.30    616.01
   433.69    525.37    610.71
   311.20    629.90   1286.74
   497.04    594.46    411.37
   472.44    602.72    429.58
   421.57    651.78    388.99
   208.18    599.99   1043.28
   177.19    583.39   1099.62
   344.31    605.31    666.39
   427.60    471.74    833.09
   945.50    485.69    218.87
   597.62    612.32    793.03
   510.04    541.16    473.58
   681.23    513.37    452.36
   525.91    637.97    505.29
   320.36    557.09    947.96
  1032.58    446.14    277.34
   305.32    655.53    923.35
   325.34    520.87   1066.52
   459.59    500.87    882.87
   576.47    538.93    524.85
   479.73    714.16    643.23
   398.06    686.15    621.54
   856.97    440.91    478.63
   482.77    662.69    423.39
   599.72    700.52    538.81
   108.74    444.40   2426.36
   681.01    554.66    456.95
   565.57    507.66    380.40
   614.82    801.72    335.63
   502.76    536.81    676.36
   613.86    469.66    762.17
   581.11    657.30    749.73
   986.75    455.91    238.55
   339.50    675.18    735.14
   252.47    704.13    716.17
   580.66    543.50    616.17
   450.91    636.91    651.78
   684.45    558.21    278.74
   530.92    719.67    455.54
   707.71    581.04    687.26
   681.02    442.11    403.27
   445.20    676.14    517.59
   351.41    592.94    638.79
   602.28    556.41    500.13
   462.70    706.72    483.30
   555.29    517.70    488.14
   808.06    497.99    224.93
   537.34    550.57    664.39
   634.85    571.98    537.97
   385.39    617.85    731.59
   529.66    619.85    582.11
   537.10    678.56    543.24
   405.50    639.07    613.28
   746.69    503.64    349.99
   555.98    533.02    590.28
   283.55    575.23    929.97
   488.17    604.23    455.19
   343.50    671.82    606.40
   636.46    594.97    500.77
   733.08    531.82    223.96
   974.94    494.39    321.55
   174.72    634.71   1070.68
   532.86    624.33    486.41
   761.93    506.20    328.82
   804.97    611.07    324.56
   524.09    593.71    590.83
   430.30    382.46   1475.11
   590.92    573.09    888.64
   491.69    713.96    585.49
   429.60    524.66    473.33
   391.20    653.35    970.67
   422.07    648.28    708.06
   537.98    608.84    598.17
   493.40    572.67    764.22
   633.12    518.38    332.13
   753.71    506.90    549.14
   403.25    610.80    836.37
   415.26    591.22    881.05
   387.73    678.20    605.83
   503.08    662.95    537.46
   383.62    538.76   1222.79
   729.05    474.36    413.33
   493.36    648.99    396.75
   441.86    490.05    873.21
   609.73    487.34    704.65
   517.62    579.64    465.64
   697.14    549.33    419.58
   740.51    593.89    454.11
   479.26    548.45    500.67
   123.39    566.35   1262.97
   599.41    556.76    482.54
   521.66    625.54    558.37
   463.28    551.38   1016.78
   690.16    563.74    405.64
   365.84    653.77    610.38
   804.06    537.60    312.04
   543.07    530.69    947.35
   372.01    640.33    530.39
   611.64    621.01    608.58
   479.61    613.39    347.97
   494.81    590.21    605.33
   382.03    614.60    645.71
   703.33    650.26    577.98
   491.49    748.97    638.24
   425.30    553.99    637.01
   381.98    591.46    840.74
   758.91    479.56    423.09
   403.71    621.82    914.71
   650.51    577.25    684.75
   694.57    609.71    288.91
   476.31    719.57    382.97
   421.03    696.91    639.60
   461.41    678.15    613.01
   631.05    546.84    443.89
   623.10    593.15    395.02
   599.44    574.23    676.32
   576.43    591.22    552.35
   587.47    437.86    617.38
   672.49    592.91    271.59
   739.47    503.56    250.62
   450.30    684.19    571.33
   561.31    639.18    501.04
   498.21    591.99    608.39
   439.99    589.56    731.20
   503.34    691.68    430.36
   949.60    491.60    284.30
   401.55    690.99    400.14
   643.73    537.23    481.35
   638.31    615.69    583.12
   379.70    768.55    336.84
   427.75    602.91    614.71
   494.48    611.97    755.66
   230.12    589.75    844.06
   435.89    534.59    612.66
   443.47    454.64   1123.38
   439.80    494.18    767.72
   416.88    672.76    814.32
   752.38    542.08    417.89
   955.54    413.11    382.79
   648.98    504.08    716.00
   528.95    672.56    386.53
   581.20    599.88    402.45
   334.79    472.14   1238.85
   609.08    496.42    571.96
   489.38    533.88    702.66
  1073.80    466.62    338.20
   554.97    610.94    499.54
   424.78    518.66    853.34
   356.75    527.67   1046.37
   565.88    634.28    299.94
   729.33    590.01    472.28
   422.33    499.33    723.45
   492.15    570.02    765.51
   295.12    682.01    673.69
   508.41    498.40   1072.84
   770.02    523.67    148.10
   556.23    645.74    749.13
   908.61    410.82    204.29
   508.01    609.90    646.36
   411.85    659.53    609.99
   562.79    663.43    783.56
   451.48    585.15    570.47
   643.46    609.80    367.18
   486.21    654.18    372.10
   512.46    672.65    794.56
   295.30    644.07    860.78
   371.74    580.82   1215.78
   456.60    602.34    262.92
   538.04    677.56    522.96
   665.34    582.19    223.93
   266.58    452.62   1158.42
   507.28    596.26    465.37
   550.67    676.93    499.71
   341.54    662.29    435.56
   256.95    599.08    694.92
   491.19    611.05    621.01
   735.30    565.31    435.31
   565.89    667.75    550.79
   584.50    611.49    398.07
   309.80    638.86    680.03
   293.45    507.44   1282.11
   437.29    657.26    687.88
   639.84    566.16    586.21
   657.21    563.85    539.58
   546.94    597.96    320.22
   534.70    549.35    722.88
   565.02    639.09    417.09
   527.98    658.51    644.96
   790.50    536.88    244.84
   559.82    655.85    583.26
   384.26    557.25   1079.75
   437.56    440.26   1040.74
   389.50    537.90   1181.24
   689.39    481.57    388.01
   425.64    561.82    503.51
   363.75    591.30   1166.20
   424.31    528.27    868.62
   754.48    536.33    327.29
   534.13    605.21    430.71
   368.60    637.98    735.22
   680.31    591.25    537.89
   625.93    555.10    399.36
   814.19    557.24    260.06
   451.07    635.76    703.81
   864.49    538.99    350.27
   469.26    625.51    529.76
   763.15    559.87    268.97
   514.55    746.33    367.12
   451.31    593.69    495.91
   854.94    529.81    499.58
   373.68    626.88    773.86
   246.66    614.09   1103.67
   539.24    627.75    578.69
   359.13    688.14    613.45
   275.89    426.88   1710.06
   660.75    622.18    369.77
   610.15    509.81    586.31
   786.28    445.96    184.15
   295.56    641.39    904.22
   393.51    545.57    793.19
   242.51    625.67   1109.92
   513.15    580.11    458.30
   394.43    583.67    941.64
   507.68    668.40    511.96
   596.21    648.37    485.47
   423.93    638.22    900.54
   590.33    596.02    209.35
   572.34    616.94    503.00
   590.41    681.61    511.24
   463.45    672.41    550.73
   239.61    670.32    698.17
   527.60    581.17    313.77
   628.43    488.20    500.49
   854.66    596.94    213.08
   495.11    592.62    807.37
   354.81    749.37    307.45
   543.80    531.91    608.00
   434.42    731.70    472.35
   538.37    519.81    531.56
   652.00    591.99    411.24
   423.71    693.83    495.62
   652.55    650.59    421.75
   412.33    628.47    815.46
   619.57    569.08    489.19
   397.44    567.25    742.34
   645.28    474.06    922.63
   611.99    549.26    416.03
   606.71    549.25    537.42
   777.70    516.91    382.47
   403.27    695.41    502.37
   399.01    790.54    697.43
   322.76    607.13    672.58
   601.37    600.36    721.90
   725.26    430.02    402.38
   990.21    465.03    349.53
   244.83    597.20   1314.91
   414.08    589.19    564.94
   486.63    487.52    758.32
   590.15    655.37    623.64
   868.69    512.00    379.16
   592.64    520.79    335.81
   593.52    599.40    491.77
   323.28    652.30    947.09
   478.37    554.71    429.24
   486.21    666.46    616.06
   356.58    525.14   1408.16
   618.78    624.49    417.97
   714.77    521.52    287.60
   390.16    657.36    571.17
   643.20    467.87    394.38
   738.53    462.90    353.77
   439.39    661.63    495.68
   484.71    632.55    608.10
   475.21    569.42    441.62
   605.24    595.01    843.92
   483.69    604.23    538.54
   602.93    656.54    464.79
   502.23    612.87    853.72
   548.17    615.77    587.48
   792.80    498.81    425.25
   840.40    491.54    306.15
   574.53    603.56    459.01
   375.47    605.32    849.68
   695.82    627.09    589.57
   272.19    631.76    862.44
   502.54    566.44    450.87
   415.16    510.87   1053.68
   575.10    661.25    806.69
   315.17    590.12    856.62
    61.92    200.03   3214.64
   751.16    555.74    549.24
   353.83    736.05    672.07
   391.88    614.69    558.34
   255.27    624.79    719.67
   309.47    638.69    469.53
   306.59    635.34   1127.78
   631.51    629.60    458.67
   359.15    614.40    649.39
   614.99    632.24    472.03
   148.90    555.49   1567.09
   698.90    540.65    439.38
   588.58    540.89    324.27
   546.51    595.46    512.55
   623.43    581.67    497.69
   282.60    722.94    639.49
   938.90    549.98    520.28
   601.32    625.44    389.79
   541.43    717.26    431.38
   443.29    655.41    443.04
   919.94    462.39    206.85
   516.08    530.91    886.84
   755.22    553.16    485.02
   679.77    574.97    354.79
   438.14    619.84    526.17
   721.52    534.84    352.68
   323.30    695.83    711.20
   718.29    569.13    558.39
   441.97    693.73    578.08
   593.94    530.00    492.23
   595.50    515.61    910.75
   569.22    486.99    688.61
   539.49    602.85    582.09
   739.48    563.12    561.61
   532.11    512.73    257.98
   754.60    530.30    351.21
   392.40    555.22    880.36
   752.73    555.29    556.66
   670.41    554.37    401.91
   748.66    553.18    770.19
   598.95    617.56    340.75
   322.31    743.55    428.93
   528.91    714.72    503.83
   444.07    577.92    537.63
   508.02    573.27    522.08
   716.68    542.58    431.06
   444.88    695.59    432.73
   545.42    595.28    424.72
   691.32    493.10    733.31
   658.58    575.96    747.92
   592.85    469.12    644.28
   375.82    756.42    767.83
   747.00    525.25    285.36
   549.62    659.94    492.42
   445.19    677.92    459.06
   568.72    571.80    447.32
   768.05    496.38    555.61
   575.25    590.38    505.61
   262.75    669.13    907.66
   533.68    536.53    557.25
   698.15    531.05    560.76
   554.19    540.81    573.43
   391.82    646.66    758.16
   676.02    558.98    650.35
   708.03    542.83    340.45
   862.27    523.26    546.33
   581.43    656.67    526.43
   585.74    627.01    509.52
   448.20    535.82    605.28
   247.76    711.53   1067.73
   605.94    540.51    531.06
   802.28    541.09    279.90
   512.63    523.95    471.72
   625.03    634.26    539.10
   700.49    586.61    316.67
   477.46    613.95    458.76
   631.51    573.69    276.91
   263.14    634.13    550.57
   533.30    515.78   1015.07
   848.56    533.50    341.89
   490.83    634.53    517.63
   397.31    534.17    889.21
   565.62    520.32    674.99
   447.22    628.84    631.07
   532.21    599.52    681.14
   549.74    585.34    478.57
   475.98    669.37    602.46
   839.43    466.61    169.34
   909.53    418.37    350.71
   206.42    483.69   1477.99
   638.18    573.91    471.05
   323.29    619.92    801.33
   364.18    581.09    436.24
   428.72    520.23   1364.33
   695.61    542.68    304.24
   527.96    661.21    693.49
   536.97    492.31    507.79
   509.01    550.73    580.06
   824.18    555.92    213.16
   495.14    490.54    598.76
   543.32    558.84    382.33
   591.91    690.49    604.49
   627.71    506.67    419.82
   696.03    590.09    266.10
   740.52    581.76    501.11
   751.82    584.40    317.47
   578.73    633.07    453.36
   320.53    461.70   1449.22
   359.75    672.17    731.61
   719.02    587.19    323.33
   450.26    582.09    699.84
   424.77    656.88    752.81
   583.03    588.06    364.96
   416.53    660.54    644.25
   405.14    581.60    393.80
   583.35    458.01    881.66
   405.83    595.22    827.49
   848.71    438.23    331.33
   735.53    461.02    410.03
   236.49    536.87   1499.84
   734.39    585.15    429.96
   574.05    535.06    738.88
   534.49    550.95    473.00
   249.02    719.93    460.00
   656.67    584.75    527.00
   873.77    456.13    412.47
   543.04    716.20    516.38
   701.05    698.82    511.06
   842.39    440.59    433.39
   522.36    502.46    683.68
   463.62    689.70    658.33
   680.70    648.88    482.25
   673.95    573.99    252.47
   609.79    492.80    768.93
   711.86    440.36    683.20
   502.16    646.74    686.72
   397.48    668.05    384.32
   190.08    656.06   1060.92
   668.07    475.60    652.26
   798.95    584.79    491.78
   310.42    544.55    823.53
   387.59    579.95    440.77
   806.20    574.52    450.84
   665.76    570.09    579.42
   884.46    571.04    177.15
   197.74    683.96    824.67
   319.25    646.73    559.30
   794.42    521.51    366.70
   837.66    421.76    302.93
   362.71    654.50    805.27
   514.16    585.96    355.70
   626.26    556.01    474.42
   511.98    482.58    897.14
   697.07    601.01    605.07
   601.79    560.92    503.28
   916.31    532.76    134.36
   468.52    569.87   1033.28
   357.36    691.84    652.60
   248.57    637.50    806.47
   673.38    608.42    474.14
   694.29    626.19    417.41
   724.82    557.26    482.20
   505.38    581.59    593.32
   652.45    544.92    398.92
   698.94    592.51    460.89
   719.32    515.24    291.89
   329.49    609.30    825.29
   248.23    625.47   1099.83
   566.22    693.65    364.48
   624.44    524.76    467.56
   776.74    478.13    665.95
   638.76    600.39    461.62
   608.58    551.88    933.97
   435.94    545.35   1081.17
   703.07    544.81    684.79
   617.09    549.05    471.29
   457.99    538.44   1274.22
   430.45    665.69    358.96
   212.50    764.41   1019.57
   458.56    534.69    601.31
   447.56    612.86    720.96
   348.44    645.77    699.01
   432.64    631.13    271.44
   267.99    555.81   1109.05
   553.14    566.45    788.58
   502.15    609.16    640.85
   648.95    578.93    439.15
   664.44    527.10    541.84
   126.50    380.63   1590.44
   504.09    616.66    525.48
   591.22    636.00    614.23
   614.55    564.33    385.37
   626.67    596.51    732.81
   463.71    550.88    406.70
   551.69    598.77    555.34
   432.18    584.22    560.08
   350.92    619.24    685.53
   373.05    545.07    834.86
   580.25    599.34    475.64
   614.68    611.21    498.98
   482.92    598.63    647.58
   592.29    627.64    363.23
   529.78    462.65    537.46
   411.13    606.02    717.78
   748.65    594.71    500.88
   617.64    582.31    335.71
   665.57    524.49    619.86
   318.87    528.45    784.92
   389.78    492.80   1045.37
   387.31    550.50   1070.10
   569.99    633.06    509.47
   296.94    451.35   1397.40
   371.97    737.59    828.22
   400.91    411.17   1192.44
   495.78    604.19    484.04
   520.26    546.16    712.69
   333.89    747.39    571.00
   377.83    675.38    704.28
   680.91    468.63    319.47
   646.67    559.41    373.71
   561.54    519.59    852.71
   313.41    717.38    679.95
   764.59    522.21    366.54
   513.83    567.94    560.70
   548.73    561.89    340.00
   877.46    536.17    519.81
   528.90    647.04    368.22
   759.06    561.85    639.63
   316.41    668.46   1246.85
   704.31    497.70    509.38
   420.12    678.18    987.39
   656.92    523.71    384.57
   914.14    424.34    182.64
   601.87    545.77    717.69
   486.21    592.41    714.72
   404.21    718.89    907.78
   620.53    552.73    427.55
   574.68    564.48    638.27
   804.36    479.63    501.47
   628.15    621.65    620.47
   618.54    571.32    633.33
   676.03    683.82    353.04
   479.90    550.55    759.28
   705.81    490.48    423.22
   784.18    546.48    333.86
   367.02    587.57    604.29
   581.73    566.45    452.39
   735.14    452.92    400.61
   423.07    554.60    778.96
   645.42    529.15    438.39
   664.96    476.87    474.96
   539.57    653.79    613.97
   326.69    674.48    516.38
   535.40    543.23    428.34
   454.26    722.58    639.99
   327.46    639.97    813.25
   668.05    609.31    394.79
   344.53    585.22    725.58
   241.64    542.91    918.81
   613.28    538.69    323.54
   498.62    636.17    495.15
   819.09    569.17    319.03
   535.46    568.88    527.86
   456.66    553.39   1226.58
   718.19    641.12    587.52
   311.50    573.12    843.14
   701.88    445.49    404.81
   445.26    619.31    499.39
   683.94    593.73    577.55
   564.65    665.34    383.45
   762.66    489.59    570.03
   635.49    546.44    416.89
   299.53    679.77    782.72
   575.47    501.09    415.29
   533.60    652.68    365.51
   629.17    604.75    514.69
   495.65    633.88    402.66
   692.07    578.17    462.25
   497.40    601.62    302.46
   215.02    540.73   1139.18
   528.20    489.74   1016.71
   806.52    463.82    355.65
   168.27    750.07   1109.82
   378.06    632.66    916.58
   593.36    523.34    704.29
   664.03    578.68    557.02
   186.43    416.19   2184.09
   355.03    699.55    608.83
   629.04    592.98    347.35
   776.29    524.20    328.31
   557.36    658.95    744.22
   323.41    544.02   1145.13
   666.94    566.89    316.07
   411.81    594.99    930.99
   541.35    563.20    463.04
   443.00    617.30    630.05
   694.75    581.51    459.82
   546.81    478.27    501.35
   650.97    571.96    547.58
   640.57    593.09    480.79
   585.26    605.25    441.07
   642.27    580.68    400.26
   472.40    564.22    569.68
   496.38    554.04    698.24
   746.88    589.68    281.78
   156.32    483.07   1582.77
   433.35    597.12    483.92
   792.51    483.07    566.60
   274.13    718.85    632.95
   533.93    640.95    499.29
   398.83    577.67    757.88
   249.40    687.58    921.69
   665.09    548.05    639.60
   423.03    679.30    509.14
   491.89    663.68    631.40
   458.48    675.14    581.42
   365.73    784.38    629.76
   996.70    462.10    371.31
   308.34    627.74    883.25
   783.18    534.56    300.28
   562.89    598.29    733.17
   670.18    608.96    481.90
   514.71    630.24    473.59
   345.04    601.31    853.47
   479.44    622.03    594.53
   510.30    537.23    327.05
   216.80    678.26    944.64
   588.32    603.53    372.56
   552.59    612.58    477.91
   703.33    625.97    419.86
   704.91    545.11    297.26
   566.31    535.27    728.69
   425.65    588.80    858.40
   599.28    588.01    277.12
   230.85    671.57    453.43
   522.97    563.03    761.37
   672.16    530.65    419.32
   412.77    559.38    943.14
   419.43    617.37   1232.98
   464.04    584.87    494.58
   621.82    548.70    678.52
   410.04    631.70    715.10
   482.13    618.94    552.84
   421.27    524.51   1005.83
   560.93    600.02    341.69
   491.49    631.35    704.17
   401.51    515.98   1228.44
   445.94    633.30    619.73
   407.33    572.91    941.92
   716.44    535.14    402.10
   598.52    563.78    262.44
   565.03    706.74    487.96
   461.63    501.92   1079.33
   449.21    573.41    479.95
   495.29    573.03    540.04
   394.71    766.12    559.98
   436.24    582.26    747.09
   623.40    650.57    550.43
   498.54    550.33    671.96
   744.16    606.14    392.29
   426.06    596.82    894.33
   375.69    745.33    424.81
   624.98    627.05    349.30
   540.18    604.81    572.73
   326.90    711.71    666.79
   684.34    577.84    367.88
   401.03    537.69    808.67
   598.18    589.26    317.84
   694.76    532.36    287.59
   849.14    468.05    577.49
   537.67    611.97    388.38
   456.12    537.37    523.13
   696.61    624.11    340.43
   414.63    593.63   1054.26
   623.18    514.32    573.44
   599.79    532.28    364.94
   661.65    516.38    749.87
   520.62    676.84    265.07
   472.76    615.06    618.03
   647.73    513.24    371.53
   416.42    630.02    566.26
   521.46    556.12    537.28
   321.45    464.16   1660.91
   903.23    474.50    361.31
   304.62    756.34    897.12
   670.07    499.80    515.53
   342.61    539.00    389.79
   619.64    470.23    644.81
   464.53    643.51    509.54
   744.88    481.31    404.68
   686.07    562.48    390.62
   400.58    618.33    559.91
   710.94    652.68    440.25
   635.57    547.03    579.40
   809.56    431.55    161.44
   398.28    603.84    717.76
   432.40    624.38    794.07
   547.69    589.88    264.97
   664.09    558.36    283.87
   891.69    482.28    519.50
   489.96    572.07    476.12
   418.83    621.47    524.23
   837.88    486.06    491.48
   520.16    454.84   1187.51
   778.01    632.90    325.41
   678.46    490.08    505.49
   624.81    492.31    729.22
   741.96    497.18    399.90
   516.62    636.92    399.31
   216.17    637.58    780.03
   407.15    658.68    705.69
   352.59    640.26    437.87
   872.57    465.44    187.15
   530.54    515.20    390.26
   772.16    556.77    376.72
   516.67    590.20    407.31
   796.55    494.22    689.43
   261.72    516.19    983.15
   533.74    456.16    813.71
   563.78    633.95    388.43
   548.53    592.83    628.75
   682.86    553.29    526.75
   428.75    648.89    568.37
   614.55    557.56    511.70
   799.30    483.58    277.20
   420.34    504.65    943.56
   428.74    628.53    961.20
   367.59    566.33   1023.40
   521.46    567.84    798.23
   484.36    676.28    608.26
   559.52    561.04    525.86
   599.85    445.32   1334.74
   933.88    453.90    202.56
    65.45    635.33   1340.64
   706.14    518.03    476.92
   626.98    538.21    580.17
   380.24    699.69    557.10
   800.94    566.97    375.22
   558.48    643.43    265.07
   712.41    620.30    313.35
   502.64    714.91    561.99
   465.39    590.05    566.64
   727.82    420.92    544.44
   696.43    646.01    304.75
   812.97    466.00    599.78
   373.62    700.38    650.22
   927.93    534.05    339.57
   563.28    616.04    283.80
   719.23    607.00    251.75
   668.48    493.46    584.49
   320.23    647.34    810.42
   679.33    644.52    393.35
   721.28    643.51    323.62
   802.10    482.40    381.39
   303.63    499.08   1066.77
   437.39    728.93    631.70
   501.94    540.14    688.58
   697.82    547.54    579.43
   466.46    704.11    657.64
   511.13    686.33    460.22
   854.00    589.02    240.56
   853.49    549.34    572.95
   747.15    542.94    312.52
   290.99    647.56    840.04
   769.08    530.79    323.29
   584.63    537.44    426.76
   560.91    542.81    883.13
   589.61    586.61    320.95
   579.42    587.50    606.26
   374.55    608.15    659.32
   895.97    507.30    278.92
   573.77    577.25    430.45
   635.33    538.97    549.06
   320.70    663.84    498.39
   543.16    519.75    502.94
   458.63    517.84    503.68
   250.70    702.65    964.23
   796.27    433.51    527.29
   768.04    581.03    470.47
   456.73    628.12    600.46
   633.49    499.81    825.27
   391.96    571.91    637.89
   726.91    533.47    373.37
   250.32    674.18    571.54
   447.82    522.68    899.99
   485.38    479.34    480.06
   490.51    678.84    594.45
   347.44    691.01    577.94
   750.16    488.75    315.57
   610.64    637.37    615.01
   572.70    649.94    422.09
   876.49    503.57    350.80
   407.91    681.92    545.07
   381.32    664.27    790.27
   404.20    612.67    494.84
   620.60    624.44    439.51
   426.86    617.33    753.96
   223.73    626.24   1153.83
   154.94    627.03   1030.71
   640.47    603.24    309.64
   458.27    576.49    447.80
   408.41    653.04    586.34
   534.09    558.71    705.41
   304.72    650.73    708.31
   548.97    597.00    470.61
   580.47    618.46    428.33
   675.85    674.07    417.57
   524.50    596.07    335.01
   677.58    601.40    436.42
   385.15    542.13    630.48
   536.95    610.30    764.82
   594.38    632.60    268.24
   526.02    540.11    956.91
   617.95    496.59    446.41
   512.90    572.27    788.65
   434.78    651.91    832.69
   776.23    469.13    390.65
   556.43    534.14    667.01
   585.91    653.53    629.49
   230.06    544.88   1323.20
   638.95    557.22    396.78
   653.05    484.12    370.88
   813.65    526.80    581.39
   331.72    664.55    875.78
   640.69    650.50    256.44
   404.98    624.18    519.92
   390.34    639.86    611.98
   351.72    586.47   1161.20
   294.22    638.30    960.36
   548.46    543.45    625.12
   238.68    669.47    734.48
   552.73    557.76    239.37
   406.56    684.26    609.19
   592.13    412.52    791.15
   571.02    628.78    463.16
   618.85    576.06    459.84
   576.87    639.62    708.69
   484.34    734.23    545.35
   483.33    622.45    599.03
   541.61    599.09    403.05
   700.33    600.31    393.60
   616.79    492.64    842.18
   550.08    618.78    303.72
   560.51    563.69    439.56
   153.94    833.22    850.84
   628.93    613.99    583.01
   369.45    631.15    704.65
   578.11    557.98    442.61
   308.27    682.06    503.15
   409.95    573.17    720.25
   681.60    668.33    395.93
   546.12    588.17    789.31
   361.02    643.69    804.50
   309.00    734.53    448.00
   490.62    626.31    559.15
   522.95    555.40    523.66
   448.37    479.29    386.85
   726.22    449.24    389.27
   453.85    547.98    509.30
   327.44    542.83    802.75
   538.57    545.64    650.43
   449.30    612.25    552.85
   551.08    629.51    449.05
   638.61    610.86    511.18
   668.81    545.16    312.92
   543.96    589.82    641.64
   257.16    636.16    680.07
   767.94    603.72    291.37
   354.42    586.90    560.64
   413.04    537.95    782.13
   830.29    566.56    611.01
   675.50    565.52    509.12
   405.80    732.35    744.92
   563.18    629.18    623.38
   360.25    650.35    491.67
   519.53    602.01    980.01
   543.62    571.46    680.67
   705.45    497.68    347.32
   435.72    643.15    540.96
   546.09    528.49    656.15
   378.45    461.26   1175.87
   632.65    641.00    354.90
   463.12    692.46    475.91
   477.57    625.36    683.23
   379.92    544.48    635.57
   515.99    514.94    661.74
   212.97    557.17   1095.55
   812.08    407.57    238.30
   545.46    731.48    513.19
   666.91    514.17    408.61
   679.36    555.40    256.97
   433.91    631.86    552.63
   610.04    609.50    671.54
   866.87    597.77    294.25
   770.01    544.30    370.21
   566.28    553.12   1035.13
   487.37    584.80    384.69
   631.02    527.26    635.45
   697.09    525.52    536.75
   452.69    680.53    709.29
   642.65    453.27    712.77
   490.35    644.73    401.10
   486.33    681.60    285.97
   595.06    587.23    256.84
   357.59    608.25    758.26
   111.09    615.72   1300.65
   347.59    588.51    396.03
   588.75    575.63    630.24
   622.42    569.51    249.52
   254.99    709.86    692.34
   801.16    623.56    290.22
   566.34    627.89    628.99
   904.01    405.26    553.13
   298.50    635.71    428.94
   379.01    715.73    895.56
   603.56    596.02    668.00
   857.63    444.85    435.68
   872.29    484.85    377.16
   594.41    588.35    472.23
   167.72    641.47    946.85
   385.22    671.64    827.92
   559.71    670.58    485.22
   789.17    539.46    460.82
   515.88    508.08    845.77
   497.06    650.59    468.21
   587.70    615.47    238.97
   692.68    480.73    496.72
   512.25    597.18    442.48
   169.05    418.80   1707.81
   510.85    527.29    327.80
   650.29    557.27    613.70
   507.59    598.39    454.63
   740.25    536.84    302.64
   743.45    485.58    258.77
   134.31    315.82   2127.27
   808.63    595.28    157.93
   452.89    680.47    326.37
   585.23    517.02    809.76
   549.87    638.84    391.01
   581.44    574.18    768.17
   663.80    610.65    598.02
   654.23    535.30   1024.34
   584.65    551.12    501.99
   575.32    581.61    517.02
   436.86    545.55    688.12
   262.88    586.45    974.24
   726.15    502.76    431.77
   552.92    586.94    553.48
   648.94    591.33    355.70
   437.35    509.89    603.52
   469.40    562.19    458.44
   380.57    636.29    740.52
   622.11    610.39    456.65
   919.22    520.14    321.15
   628.00    552.43    391.06
   655.73    510.00    521.83
   684.66    654.65    378.40
   674.39    555.10    534.04
   352.65    697.29    391.76
   569.00    542.13    524.87
   489.96    585.03    589.92
   893.35    462.65    248.50
   335.80    570.13    819.30
   739.26    517.02    334.49
   574.11    560.30    537.70
   460.32    712.55    659.01
   579.63    533.97    909.48
   437.53    438.87   1078.38
   430.66    635.41    531.42
   358.84    580.05    492.35
   733.15    636.67    717.70
   314.90    658.31    692.98
   693.01    448.25    452.59
   376.69    659.76    411.56
   593.34    636.54    657.59
   625.93    576.67    477.80
   720.13    488.32    328.51
   773.51    513.14    547.28
   328.08    643.88    988.96
   516.11    666.64    555.87
   895.28    575.73    391.73
   505.38    622.64    588.39
   470.89    696.47    375.49
   809.38    504.13    396.89
   494.33    597.52    378.31
   434.81    585.03    536.66
   459.17    565.01    762.89
   574.39    528.37    552.36
   601.03    599.83    796.05
   450.99    624.69    417.47
   515.45    548.56    441.09
   171.17    740.19    799.83
   434.64    703.81    566.98
   450.21    459.55    991.29
   156.59    447.20   2059.44
   497.90    487.70    589.06
   285.67    560.18   1232.37
   286.27    702.61    911.37
   587.95    570.87    719.08
   668.38    594.38    692.48
   765.88    559.52    453.41
   379.01    595.81    663.15
   597.95    614.00    522.02
   511.80    451.38   1311.59
   566.99    599.79    477.03
   845.97    573.05    533.70
   625.18    491.79    518.72
   500.73    605.72    595.98
   668.33    545.14    295.31
   618.48    570.88    338.37
   530.74    565.70    928.59
   490.92    575.48    344.59
   521.32    533.23    721.36
   408.86    648.01    507.12
   346.70    662.91    437.59
   552.67    533.39    953.49
   585.35    483.99    801.50
   519.41    501.52    579.16
   365.36    604.02    845.43
   795.71    488.37    167.55
   612.10    624.40    132.82
   662.46    652.13    312.35
   656.72    402.19    427.67
   485.88    644.94    257.27
   691.66    665.43    406.32
   568.16    484.96    819.87
   577.08    633.21    583.03
   555.06    662.60    633.33
   560.53    556.13    588.53
   475.10    684.98    734.30
   652.79    653.69    479.41
   594.89    643.96    433.21
   548.09    493.22    671.00
   604.02    607.41    590.72
   620.24    553.98    364.97
  1045.42    489.85    396.42
   752.90    441.43    422.12
   405.34    622.46    303.81
   634.76    510.58    564.43
   603.29    560.10    535.20
   496.74    544.12    887.49
   721.57    543.84    364.53
   724.06    429.73    879.63
   474.11    745.44    368.10
   883.82    511.19    446.60
   559.09    690.87    388.63
   645.69    690.77    422.56
   623.20    467.75    471.37
   309.87    727.37    672.19
   394.82    572.62    766.29
   541.67    592.14    535.73
   447.87    554.98    518.06
   581.01    585.28    450.77
   787.48    490.47    524.20
   245.08    642.82    899.67
   551.71    591.13    462.04
   548.80    593.68    584.19
   536.76    656.25    681.67
   609.25    449.96    818.54
   481.81    697.84    333.93
   485.85    662.72    596.21
   379.95    619.08    551.86
   684.28    575.07    390.19
   653.08    504.74    378.35
   730.71    589.07    440.46
   508.81    656.85    537.84
   582.17    539.18    433.45
   537.22    478.76    494.74
   467.45    545.10    477.66
   430.68    681.62    395.28
   690.21    607.75    489.33
   503.03    612.32    835.92
   560.28    484.00    464.92
   391.32    736.91    381.12
   605.78    578.80    522.75
   552.75    516.81    824.16
   385.33    614.16    391.30
   564.64    630.03    571.72
   640.51    726.03    366.11
   332.69    716.32    748.87
   578.95    549.63    595.85
   648.37    624.01    382.21
   704.14    313.11   1444.96
   602.49    482.74    626.53
   681.08    587.31    301.60
   582.47    516.63    314.00
   531.76    598.60    293.60
   424.56    605.74    579.20
   282.02    630.37    819.00
   481.55    550.46    770.49
   382.13    686.73    593.45
   644.52    590.51    399.35
   398.15    704.57    353.64
   432.56    700.38    614.36
   371.72    623.51    467.54
   739.89    512.60    268.05
   732.99    491.97    437.92
   532.37    604.50    472.98
   448.23    519.67    556.75
   376.12    467.41    811.26
   446.60    635.61    469.93
   848.95    533.66    553.71
   749.94    541.54    610.67
   345.50    508.42    797.80
   506.85    683.51    484.70
   637.09    629.09    346.57
   616.28    601.89    545.39
   423.79    497.43    858.05
   482.53    542.87    733.20
   454.37    621.84    537.89
   653.16    603.29    545.30
   626.81    564.84    669.61
   624.77    579.70    472.13
   552.26    564.60    569.68
   585.23    413.07    770.86
   386.50    602.63    538.68
   730.39    451.49    335.33
   495.71    582.14    629.42
   561.26    513.80    385.42
   633.72    489.62    731.52
   567.60    538.51    509.73
   369.03    681.12    726.76
   696.39    532.84    478.73
   531.80    591.19    598.98
   775.37    559.45    246.15
   505.95    549.39    415.66
   664.50    522.73    386.46
   528.48    603.43    366.50
   774.14    543.04    564.66
   996.27    522.05    241.98
   546.94    495.16    404.08
   882.75    514.97    415.88
   575.66    432.36    622.53
   572.09    503.09    421.69
   252.76    717.26    801.85
   691.74    491.37    612.47
  1024.87    386.63    272.48
   529.83    589.73    396.07
   576.19    570.48    363.65
   399.51    683.64    472.55
   653.11    614.82    446.54
   769.74    567.61    206.25
   642.96    520.07    410.41
   436.17    685.51    497.84
   791.87    596.56    290.16
   401.59    671.23    666.47
   753.07    573.92    306.68
   594.09    618.65    464.32
   607.50    586.33    500.72
   908.61    463.12    351.29
   668.91    560.34    225.06
   210.48    575.89   1045.49
   555.71    657.20    385.97
   730.61    486.49    318.83
   516.94    525.47   1075.85
   585.84    677.55    326.39
   530.00    573.37    310.78
   556.10    548.09    471.71
   569.52    545.91    422.69
   911.14    574.65    348.84
   689.38    598.71    449.60
   651.51    564.14    645.11
   543.17    571.32    834.01
   652.66    563.14    358.25
   377.65    562.27    884.80
   379.74    529.49    691.37
   584.95    510.08    694.39
   405.11    554.98    925.83
   561.41    623.22    550.40
   713.73    595.86    479.50
   377.54    659.99    766.55
   497.99    680.17    717.25
   548.40    643.44    301.97
   383.48    677.53    532.88
   637.76    581.98    704.84
   516.94    565.87    504.37
   389.97    673.52    433.43
   483.21    669.70    524.60
   509.14    572.64    325.44
   433.72    642.82    621.09
   301.71    671.91    793.40
   258.85    640.11    754.20
   533.33    590.60    375.18
   648.59    490.13    635.52
   743.67    592.46    493.58
   598.28    609.54    528.27
   320.66    549.60   1207.75
   541.82    620.09    352.53
   590.16    624.66    518.69
   382.55    656.14    663.69
   788.55    504.56    417.63
   550.78    561.08    326.67
   780.85    636.50    368.72
   456.74    515.80    747.04
   719.23    653.41    406.26
   446.06    598.39    691.72
   507.02    674.31    675.71
   842.58    559.26    366.55
   369.51    669.46    695.85
   470.13    594.36    466.95
   342.61    675.54    914.92
   387.70    569.51    733.72
   808.38    604.08    337.49
   666.02    476.74    373.64
   831.20    590.11    602.22
   795.88    431.48    401.75
   593.78    554.76    290.39
   287.86    723.80    772.94
   619.64    567.95    533.64
   374.36    410.40   1199.93
   593.04    619.02    308.70
   771.84    440.05    417.91
   675.00    637.12    461.32
   402.60    575.41    339.76
   728.57    549.72    432.24
   638.42    548.15    410.19
   270.92    584.54    983.16
   355.91    685.80    598.22
   563.58    550.16    645.81
   569.04    589.38    649.73
   113.38    719.99   1144.03
   329.72    601.63    781.91
   474.09    578.61    852.85
   477.93    592.55    522.02
   431.62    603.34    624.00
   596.61    554.35    423.84
   612.86    527.83    318.82
   338.56    605.61    584.99
   830.13    548.82    256.54
   244.34    528.45    999.85
   358.04    629.06    808.04
   703.94    552.34    279.29
   368.47    642.69    630.42
   520.02    609.72    438.45
   416.59    668.50    509.77
   488.83    584.70   1042.30
   441.89    627.14    853.68
   555.59    597.25    448.98
   421.68    519.06    454.93
   743.90    610.69    577.52
   675.09    524.71    296.74
   378.77    549.96    599.42
   638.70    584.96    297.52
   574.23    555.30    678.27
   512.68    584.96    446.68
   591.62    477.65    540.34
   482.05    626.57    554.30
   711.81    488.93    415.65
   576.93    656.34    531.81
   269.61    648.32   1017.14
   441.02    553.49    781.06
   429.64    595.84    938.26
   580.55    605.38    521.39
   764.81    562.89    544.86
   741.54    494.78    319.44
   521.10    572.69    486.85
   596.18    472.85    718.72
   406.24    672.87    609.67
   470.34    640.38    516.17
   542.26    562.77   1171.68
   672.77    534.58    603.98
   194.60    437.53   2000.03
   569.93    646.32    289.85
   703.10    500.61    347.62
   368.38    701.48    482.73
   766.68    695.82    408.09
   547.60    616.50    475.96
   570.77    520.57    815.92
   404.08    595.82    587.07
   582.17    416.28   1410.05
   438.97    353.22   1477.18
   435.05    675.85    648.35
   507.06    722.47    485.02
   464.01    630.55    435.79
   597.41    637.47    748.38
   462.43    613.11    555.05
   596.04    576.33    337.88
   483.62    534.99    674.48
   500.95    671.91    414.54
   433.85    623.14    641.63
   669.04    650.85    333.41
   427.61    713.90    574.36
   532.51    629.92    500.68
   509.33    555.10    615.24
   442.41    571.80    713.23
   377.38    695.98    657.24
   356.22    661.48    830.51
   510.14    489.08    860.22
   532.80    650.17    851.26
   366.94    640.93    762.78
   431.46    649.34    545.22
   374.08    700.04    598.89
   178.70    571.59    691.13
   334.20    611.64    607.10
   536.42    624.43    281.85
   593.00    601.19    324.75
   414.08    535.45   1078.83
   951.69    412.79    348.66
   578.87    513.77    731.53
   499.05    556.06    486.62
   531.64    658.08    310.68
   439.13    774.63    684.01
   744.65    489.56    429.33
   288.90    690.83    663.05
   340.55    580.46   1100.18
   277.78    642.72    687.47
   767.73    477.71    299.00
   708.15    513.40    547.65
   599.55    547.16    480.15
   436.98    703.39    531.40
   715.02    630.75    526.99
   569.89    637.28    265.09
   680.04    483.49    362.52
   417.11    735.43    463.93
   461.45    571.37    604.40
   746.99    522.53    652.01
   692.29    577.65    405.38
   613.51    581.82    307.84
   824.21    599.16    277.39
   423.36    518.08    888.92
   429.77    565.97    544.88
   696.09    519.78    383.04
   584.65    562.72    474.18
   746.69    534.59    513.69
   492.84    565.32    459.07
   632.50    655.78    492.78
   579.46    553.64    536.60
   849.74    546.18    200.52
   332.39    724.71    457.14
   335.80    696.24    617.52
   516.37    510.14    442.43
   639.23    547.14    537.87
   538.97    576.75    582.20
   690.06    543.80    601.18
   522.10    651.82    517.31
   438.77    594.70    600.40
   764.67    501.14    264.82
